445725,2016,north+american+soccer+league,26365345,6,,1,1.0,0.0,18207,t,f,f,,Sidney Rivera,<b>Sidney Rivera</b> - 6' <br>Goal,(6'),Shot by Sidney Rivera,1
445725,2016,north+american+soccer+league,26365474,32,,1,0.0,1.0,9725,t,f,f,,Kareem Moses,<b>Kareem Moses</b> - 32' <br>Goal,(32'),Shot by Kareem Moses,1
445725,2016,north+american+soccer+league,26365476,42,,1,1.0,0.0,18207,t,f,f,,H&#233;ctor Ramos,<b>H&#233;ctor Ramos</b> - 42' <br>Goal,(42'),Shot by HÃÂ©ctor Ramos,1
445728,2016,north+american+soccer+league,26298714,51,,2,1.0,0.0,9725,t,f,f,,Matt Fondy,<b>Matt Fondy</b> - 51' <br>Goal,(51'),Shot by Matt Fondy,1
445728,2016,north+american+soccer+league,26298813,73,,2,1.0,0.0,9725,f,f,f,,Nazmi Albadawi,<b>Nazmi Albadawi</b> - 73' <br>Penalty - Missed,"",Shot by Nazmi Albadawi,1
445737,2016,north+american+soccer+league,26221759,45,,1,1.0,0.0,17360,t,f,f,,Justin Braun,<b>Justin Braun</b> - 45' <br>Goal,(45'),Shot by Justin Braun,1
445737,2016,north+american+soccer+league,26222219,77,,2,1.0,0.0,17360,t,f,f,,Nicki Paterson,<b>Nicki Paterson</b> - 77' <br>Goal,(77'),Shot by Nicki Paterson,1
445737,2016,north+american+soccer+league,26222399,90,,2,1.0,0.0,17360,t,f,f,,Souleymane Youla,<b>Souleymane Youla</b> - 90' <br>Goal,(90'),Shot by Souleymane Youla,1
445741,2016,north+american+soccer+league,26190656,82,,2,0.0,1.0,18158,t,f,f,,Michel,<b>Michel</b> - 82' <br>Goal,(82'),Shot by Michel,1
445746,2016,north+american+soccer+league,26174588,25,,1,1.0,0.0,9725,t,f,f,,Austin Da Luz,<b>Austin Da Luz</b> - 25' <br>Goal,(25'),Shot by Austin Da Luz,1
445746,2016,north+american+soccer+league,26174902,42,,1,1.0,0.0,9725,t,f,f,,Brian Shriver,<b>Brian Shriver</b> - 42' <br>Goal,(42'),Shot by Brian Shriver,1
445746,2016,north+american+soccer+league,26175257,82,,2,1.0,0.0,9725,t,f,f,,Matt Watson,<b>Matt Watson</b> - 82' <br>Goal,(82'),Shot by Matt Watson,1
445750,2016,north+american+soccer+league,26146836,90, +2',2,0.0,1.0,9725,t,f,f,,Matt Watson,<b>Matt Watson</b> - 90'  +2'<br>Goal,(90' +2'),Shot by Matt Watson,1
445750,2016,north+american+soccer+league,26146838,90, +4',2,1.0,0.0,18158,t,f,f,,Mamadou Danso,<b>Mamadou Danso</b> - 90'  +4'<br>Goal,(90' +4'),Shot by Mamadou Danso,1
445760,2016,north+american+soccer+league,26052194,34,,1,1.0,0.0,9725,t,f,f,,Austin Da Luz,<b>Austin Da Luz</b> - 34' <br>Goal,(34'),Shot by Austin Da Luz,1
445767,2016,north+american+soccer+league,25983029,22,,1,1.0,0.0,17361,t,f,f,,Eric Avila,<b>Eric Avila</b> - 22' <br>Goal,(22'),Shot by Eric Avila,1
445772,2016,north+american+soccer+league,25941108,77,,2,1.0,0.0,18159,t,f,f,,Dar&#237;o Cvitanich,<b>Dar&#237;o Cvitanich</b> - 77' <br>Goal,(77'),Shot by DarÃÂ­o Cvitanich,1
445781,2016,north+american+soccer+league,25853015,43,,1,1.0,0.0,9725,t,f,f,,Tiyiselani Shipalane,<b>Tiyiselani Shipalane</b> - 43' <br>Goal,(43'),Shot by Tiyiselani Shipalane,1
445795,2016,north+american+soccer+league,25776806,20,,1,0.0,1.0,17360,t,f,f,,Greg Janicki,<b>Greg Janicki</b> - 20' <br>Goal,(20'),Shot by Greg Janicki,1
445795,2016,north+american+soccer+league,25776831,23,,1,1.0,0.0,9725,t,f,f,,Matt Fondy,<b>Matt Fondy</b> - 23' <br>Goal,(23'),Shot by Matt Fondy,1
445795,2016,north+american+soccer+league,25776929,30,,1,0.0,1.0,17360,t,f,f,,Eamon Zayed,<b>Eamon Zayed</b> - 30' <br>Penalty - Scored,(30' PEN),Shot by Eamon Zayed,1
445795,2016,north+american+soccer+league,25777536,54,,2,1.0,0.0,9725,t,f,f,,Steven Miller,<b>Steven Miller</b> - 54' <br>Goal,(54'),Shot by Steven Miller,1
445795,2016,north+american+soccer+league,25778198,90, +5',2,1.0,0.0,9725,t,f,f,,Omar Bravo,<b>Omar Bravo</b> - 90'  +5'<br>Penalty - Scored,(90' +5' PEN),Shot by Omar Bravo,1
445803,2016,north+american+soccer+league,25733679,40,,1,1.0,0.0,9725,t,f,f,,Omar Bravo,<b>Omar Bravo</b> - 40' <br>Goal,(40'),Shot by Omar Bravo,1
445803,2016,north+american+soccer+league,25734134,52,,2,0.0,1.0,18207,t,f,f,,Paulo Ferreira Mendes,<b>Paulo Ferreira Mendes</b> - 52' <br>Goal,(52'),Shot by Paulo Ferreira Mendes,1
445803,2016,north+american+soccer+league,25734329,67,,2,0.0,1.0,18207,t,f,f,,H&#233;ctor Ramos,<b>H&#233;ctor Ramos</b> - 67' <br>Goal,(67'),Shot by HÃÂ©ctor Ramos,1
445803,2016,north+american+soccer+league,25734681,88,,2,1.0,0.0,9725,t,f,f,,Matt Fondy,<b>Matt Fondy</b> - 88' <br>Goal,(88'),Shot by Matt Fondy,1
445812,2016,north+american+soccer+league,25697288,6,,1,0.0,1.0,9725,t,f,f,,Matt Fondy,<b>Matt Fondy</b> - 6' <br>Goal,(6'),Shot by Matt Fondy,1
445812,2016,north+american+soccer+league,25697444,19,,1,1.0,0.0,17754,t,f,f,,Charles Eloundou,<b>Charles Eloundou</b> - 19' <br>Goal,(19'),Shot by Charles Eloundou,1
445812,2016,north+american+soccer+league,25698151,50,,2,1.0,0.0,17754,t,f,f,,Charles Eloundou,<b>Charles Eloundou</b> - 50' <br>Goal,(50'),Shot by Charles Eloundou,1
445812,2016,north+american+soccer+league,25698368,68,,2,0.0,1.0,9725,t,f,f,,Omar Bravo,<b>Omar Bravo</b> - 68' <br>Goal,(68'),Shot by Omar Bravo,1
445815,2016,north+american+soccer+league,25675878,66,,2,1.0,0.0,17357,t,f,f,,Jake Keegan,<b>Jake Keegan</b> - 66' <br>Goal,(66'),Shot by Jake Keegan,1
445823,2016,north+american+soccer+league,25663747,8,,1,1.0,0.0,17356,t,f,f,,Carl Haworth,<b>Carl Haworth</b> - 8' <br>Goal,(8'),Shot by Carl Haworth,1
445823,2016,north+american+soccer+league,25663922,49,,2,1.0,0.0,9725,t,t,f,,Drew Beckie,<b>Drew Beckie</b> - 49' <br>Own Goal,(49' OG),Shot by Drew Beckie,1
445829,2016,north+american+soccer+league,25650571,7,,1,0.0,1.0,18159,t,f,f,,Jaime Chavez,<b>Jaime Chavez</b> - 7' <br>Goal,(7'),Shot by Jaime Chavez,1
445829,2016,north+american+soccer+league,25650580,30,,1,1.0,0.0,9725,t,f,f,,Matt Fondy,<b>Matt Fondy</b> - 30' <br>Goal,(30'),Shot by Matt Fondy,1
445829,2016,north+american+soccer+league,25650581,37,,1,0.0,1.0,18159,t,f,f,,Kwadwo Poku,<b>Kwadwo Poku</b> - 37' <br>Goal,(37'),Shot by Kwadwo Poku,1
445829,2016,north+american+soccer+league,25650608,61,,2,1.0,0.0,9725,t,f,f,,Brian Shriver,<b>Brian Shriver</b> - 61' <br>Goal,(61'),Shot by Brian Shriver,1
445829,2016,north+american+soccer+league,25650657,78,,2,1.0,0.0,9725,t,f,f,,Omar Bravo,<b>Omar Bravo</b> - 78' <br>Goal,(78'),Shot by Omar Bravo,1
445829,2016,north+american+soccer+league,25650666,80,,2,0.0,1.0,18159,t,f,f,,Jaime Chavez,<b>Jaime Chavez</b> - 80' <br>Goal,(80'),Shot by Jaime Chavez,1
445835,2016,north+american+soccer+league,25635757,23,,1,0.0,1.0,9725,t,f,f,,Brian Shriver,<b>Brian Shriver</b> - 23' <br>Goal,(23'),Shot by Brian Shriver,1
445843,2016,north+american+soccer+league,25619914,11,,1,1.0,0.0,9725,t,f,f,,Matt Fondy,<b>Matt Fondy</b> - 11' <br>Goal,(11'),Shot by Matt Fondy,1
445843,2016,north+american+soccer+league,25620028,20,,1,0.0,1.0,17361,t,f,f,,Georgi Hristov,<b>Georgi Hristov</b> - 20' <br>Penalty - Scored,(20' PEN),Shot by Georgi Hristov,1
445843,2016,north+american+soccer+league,25620448,55,,2,1.0,0.0,9725,t,f,f,,Brian Shriver,<b>Brian Shriver</b> - 55' <br>Penalty - Scored,(55' PEN),Shot by Brian Shriver,1
445843,2016,north+american+soccer+league,25620473,59,,2,1.0,0.0,9725,t,f,f,,Nazmi Albadawi,<b>Nazmi Albadawi</b> - 59' <br>Penalty - Scored,(59' PEN),Shot by Nazmi Albadawi,1
445843,2016,north+american+soccer+league,25620565,71,,2,1.0,0.0,9725,t,f,f,,Nazmi Albadawi,<b>Nazmi Albadawi</b> - 71' <br>Goal,(71'),Shot by Nazmi Albadawi,1
445846,2016,north+american+soccer+league,25599748,20,,1,1.0,0.0,17362,t,f,f,,Christian Ramirez,<b>Christian Ramirez</b> - 20' <br>Goal,(20'),Shot by Christian Ramirez,1
445846,2016,north+american+soccer+league,25599750,24,,1,1.0,0.0,17362,t,f,f,,Christian Ramirez,<b>Christian Ramirez</b> - 24' <br>Goal,(24'),Shot by Christian Ramirez,1
445846,2016,north+american+soccer+league,25599803,45, +1',1,1.0,0.0,17362,t,f,f,,Stefano Pinho,<b>Stefano Pinho</b> - 45'  +1'<br>Goal,(45' +1'),Shot by Stefano Pinho,1
445846,2016,north+american+soccer+league,25599859,47,,2,1.0,0.0,17362,t,f,f,,Tiago,<b>Tiago</b> - 47' <br>Goal,(47'),Shot by Tiago,1
445846,2016,north+american+soccer+league,25600009,75,,2,1.0,0.0,17362,t,f,f,,Christian Ramirez,<b>Christian Ramirez</b> - 75' <br>Goal,(75'),Shot by Christian Ramirez,1
445846,2016,north+american+soccer+league,25600040,90,,2,0.0,1.0,9725,t,f,f,,Matt Watson,<b>Matt Watson</b> - 90' <br>Goal,(90'),Shot by Matt Watson,1
445853,2016,north+american+soccer+league,25484349,16,,1,1.0,0.0,17360,t,f,f,,Eamon Zayed,<b>Eamon Zayed</b> - 16' <br>Goal,(16'),Shot by Eamon Zayed,1
445853,2016,north+american+soccer+league,25484353,29,,1,0.0,1.0,9725,t,f,f,,Nazmi Albadawi,<b>Nazmi Albadawi</b> - 29' <br>Goal,(29'),Shot by Nazmi Albadawi,1
445853,2016,north+american+soccer+league,25484375,45, +1',1,1.0,0.0,17360,t,f,f,,Justin Braun,<b>Justin Braun</b> - 45'  +1'<br>Goal,(45' +1'),Shot by Justin Braun,1
445853,2016,north+american+soccer+league,25484504,65,,2,1.0,0.0,17360,t,f,f,,Eamon Zayed,<b>Eamon Zayed</b> - 65' <br>Goal,(65'),Shot by Eamon Zayed,1
445853,2016,north+american+soccer+league,25484546,85,,2,1.0,0.0,17360,t,f,f,,Eamon Zayed,<b>Eamon Zayed</b> - 85' <br>Goal,(85'),Shot by Eamon Zayed,1
445867,2016,north+american+soccer+league,25338699,79,,2,1.0,0.0,17357,t,f,f,,Daryl Fordyce,<b>Daryl Fordyce</b> - 79' <br>Penalty - Scored,(79' PEN),Shot by Daryl Fordyce,1
445878,2016,north+american+soccer+league,25251740,6,,1,0.0,1.0,17359,t,f,f,,Maicon Santos,<b>Maicon Santos</b> - 6' <br>Goal,(6'),Shot by Maicon Santos,1
445878,2016,north+american+soccer+league,25251868,23,,1,0.0,1.0,17359,t,f,f,,Nana Attakora,<b>Nana Attakora</b> - 23' <br>Goal,(23'),Shot by Nana Attakora,1
445878,2016,north+american+soccer+league,25251990,38,,1,0.0,1.0,17359,t,f,f,,Matheus Carvalho,<b>Matheus Carvalho</b> - 38' <br>Goal,(38'),Shot by Matheus Carvalho,1
445878,2016,north+american+soccer+league,25252456,67,,2,1.0,0.0,9725,t,f,f,,Brian Shriver,<b>Brian Shriver</b> - 67' <br>Goal,(67'),Shot by Brian Shriver,1
445888,2016,north+american+soccer+league,25116763,45,,1,0.0,1.0,9725,t,f,f,,Alex P&#233;rez,<b>Alex P&#233;rez</b> - 45' <br>Goal,(45'),Shot by Alex PÃÂ©rez,1
445888,2016,north+american+soccer+league,25116906,47,,2,0.0,1.0,9725,t,f,f,,James Marcelin,<b>James Marcelin</b> - 47' <br>Goal,(47'),Shot by James Marcelin,1
445888,2016,north+american+soccer+league,25117033,65,,2,1.0,0.0,17361,t,f,f,,Tamika Mkandawire,<b>Tamika Mkandawire</b> - 65' <br>Goal,(65'),Shot by Tamika Mkandawire,1
445888,2016,north+american+soccer+league,25117287,87,,2,0.0,1.0,9725,t,f,f,,Brian Shriver,<b>Brian Shriver</b> - 87' <br>Penalty - Scored,(87' PEN),Shot by Brian Shriver,1
445893,2016,north+american+soccer+league,25021547,47,,2,1.0,0.0,9725,t,f,f,,Tiyiselani Shipalane,<b>Tiyiselani Shipalane</b> - 47' <br>Goal,(47'),Shot by Tiyiselani Shipalane,1
445897,2016,north+american+soccer+league,24932104,23,,1,0.0,1.0,9725,t,f,f,,Austin Da Luz,<b>Austin Da Luz</b> - 23' <br>Goal,(23'),Shot by Austin Da Luz,1
445897,2016,north+american+soccer+league,24932161,33,,1,1.0,0.0,18158,t,f,f,,Ryan Johnson,<b>Ryan Johnson</b> - 33' <br>Goal,(33'),Shot by Ryan Johnson,1
445897,2016,north+american+soccer+league,24932331,52,,2,1.0,0.0,18158,t,f,f,,Michel,<b>Michel</b> - 52' <br>Goal,(52'),Shot by Michel,1
445897,2016,north+american+soccer+league,24932492,74,,2,0.0,1.0,9725,t,f,f,,Aly Alberto Hassan Hoyos,<b>Aly Alberto Hassan Hoyos</b> - 74' <br>Goal,(74'),Shot by Aly Alberto Hassan Hoyos,1
445897,2016,north+american+soccer+league,24932645,90, +6',2,0.0,1.0,9725,t,f,f,,Austin Da Luz,<b>Austin Da Luz</b> - 90'  +6'<br>Goal,(90' +6'),Shot by Austin Da Luz,1
445904,2016,north+american+soccer+league,24822945,2,,1,0.0,1.0,17362,t,f,f,,Christian Ramirez,<b>Christian Ramirez</b> - 2' <br>Goal,(2'),Shot by Christian Ramirez,1
445904,2016,north+american+soccer+league,24823004,13,,1,1.0,0.0,9725,t,f,f,,Tiyiselani Shipalane,<b>Tiyiselani Shipalane</b> - 13' <br>Goal,(13'),Shot by Tiyiselani Shipalane,1
445904,2016,north+american+soccer+league,24824462,26,,1,1.0,0.0,9725,t,f,f,,Austin Da Luz,<b>Austin Da Luz</b> - 26' <br>Goal,(26'),Shot by Austin Da Luz,1
446411,2016,north+american+soccer+league,26092686,71,,2,0.0,1.0,17355,t,f,f,,Adam Moffat,<b>Adam Moffat</b> - 71' <br>Penalty - Scored,(71' PEN),Shot by Adam Moffat,1
446411,2016,north+american+soccer+league,26092702,72,,2,0.0,1.0,17355,t,f,f,,Ruben Bover,<b>Ruben Bover</b> - 72' <br>Goal,(72'),Shot by Ruben Bover,1
446412,2016,north+american+soccer+league,25825210,6,,1,0.0,1.0,9725,t,f,f,,Matt Fondy,<b>Matt Fondy</b> - 6' <br>Goal,(6'),Shot by Matt Fondy,1
446412,2016,north+american+soccer+league,25825212,8,,1,1.0,0.0,17355,t,f,f,,Juan Arango,<b>Juan Arango</b> - 8' <br>Goal,(8'),Shot by Juan Arango,1
446412,2016,north+american+soccer+league,25826684,57,,2,1.0,0.0,17355,t,f,f,,Juan Arango,<b>Juan Arango</b> - 57' <br>Goal,(57'),Shot by Juan Arango,1
446412,2016,north+american+soccer+league,25826863,61,,2,1.0,0.0,17355,t,f,f,,Jairo Arrieta,<b>Jairo Arrieta</b> - 61' <br>Goal,(61'),Shot by Jairo Arrieta,1
446412,2016,north+american+soccer+league,25827256,79,,2,1.0,0.0,17355,t,f,f,,Andres Flores,<b>Andres Flores</b> - 79' <br>Goal,(79'),Shot by Andres Flores,1
446412,2016,north+american+soccer+league,25827326,82,,2,1.0,0.0,17355,t,f,f,,Jairo Arrieta,<b>Jairo Arrieta</b> - 82' <br>Goal,(82'),Shot by Jairo Arrieta,1
446412,2016,north+american+soccer+league,25827482,90, +3',2,1.0,0.0,17355,t,f,f,,Sebasti&#225;n Guenzatti,<b>Sebasti&#225;n Guenzatti</b> - 90'  +3'<br>Goal,(90' +3'),Shot by SebastiÃÂ¡n Guenzatti,1
446413,2016,north+american+soccer+league,25193464,45,,1,1.0,0.0,17355,t,f,f,,Yohandry Orozco,<b>Yohandry Orozco</b> - 45' <br>Goal,(45'),Shot by Yohandry Orozco,1
448783,2016,north+american+soccer+league,25413087,20,,1,0.869,0.53,9725,f,f,f,,Brian Shriver,<b>Brian Shriver</b> - 20' <br>Shot Hit Woodwork,"",Shot by Brian Shriver,1
448783,2016,north+american+soccer+league,25413730,42,,1,0.955,0.528,9725,f,f,f,,Nazmi Albadawi,<b>Nazmi Albadawi</b> - 42' <br>Shot Off Target,"",Shot by Nazmi Albadawi,1
448783,2016,north+american+soccer+league,25413759,44,,1,0.788,0.609,9725,f,f,f,,Matt Watson,<b>Matt Watson</b> - 44' <br>Shot Off Target,"",Shot by Matt Watson,1
448783,2016,north+american+soccer+league,25413809,45,,1,0.907,0.345,9725,f,f,f,,Nazmi Albadawi,<b>Nazmi Albadawi</b> - 45' <br>Shot Off Target,"",Shot by Nazmi Albadawi,1
448783,2016,north+american+soccer+league,25415615,53,,2,0.901,0.496,9725,f,f,f,,Matt Watson,<b>Matt Watson</b> - 53' <br>Shot Off Target,"",Shot by Matt Watson,1
448783,2016,north+american+soccer+league,25416390,64,,2,0.775,0.47,9725,f,f,f,,Austin Da Luz,<b>Austin Da Luz</b> - 64' <br>Shot Hit Woodwork,"",Shot by Austin Da Luz,1
448783,2016,north+american+soccer+league,25416468,65,,2,0.949,0.463,9725,f,f,f,,Nazmi Albadawi,<b>Nazmi Albadawi</b> - 65' <br>Shot Off Target,"",Shot by Nazmi Albadawi,1
448783,2016,north+american+soccer+league,25416488,67,,2,0.6699999999999999,0.633,9725,f,f,f,,Alex P&#233;rez,<b>Alex P&#233;rez</b> - 67' <br>Shot Off Target,"",Shot by Alex PÃÂ©rez,1
448783,2016,north+american+soccer+league,25416569,69,,2,0.202,0.265,17826,f,f,f,,Caleb Calvert,<b>Caleb Calvert</b> - 69' <br>Shot Off Target,"",Shot by Caleb Calvert,1
448783,2016,north+american+soccer+league,25416650,69,,2,0.901,0.262,9725,f,f,f,,Brian Shriver,<b>Brian Shriver</b> - 69' <br>Shot Off Target,"",Shot by Brian Shriver,1
448783,2016,north+american+soccer+league,25416770,71,,2,0.821,0.521,9725,f,f,f,,Alex P&#233;rez,<b>Alex P&#233;rez</b> - 71' <br>Shot Off Target,"",Shot by Alex PÃÂ©rez,1
448783,2016,north+american+soccer+league,25416788,73,,2,0.933,0.681,9725,f,f,f,,Drew Beckie,<b>Drew Beckie</b> - 73' <br>Shot Off Target,"",Shot by Drew Beckie,1
448783,2016,north+american+soccer+league,25416849,76,,2,0.919,0.549,9725,f,f,f,,Austin Da Luz,<b>Austin Da Luz</b> - 76' <br>Shot Off Target,"",Shot by Austin Da Luz,1
448783,2016,north+american+soccer+league,25417617,92,,3,0.85,0.469,9725,t,f,f,,Billy Schuler,<b>Billy Schuler</b> - 92' <br>Goal,(92'),Shot by Billy Schuler,1
448783,2016,north+american+soccer+league,25418054,96,,3,0.853,0.334,9725,t,f,f,,Nazmi Albadawi,<b>Nazmi Albadawi</b> - 96' <br>Goal,(96'),Shot by Nazmi Albadawi,1
448783,2016,north+american+soccer+league,25418120,99,,3,0.968,0.418,9725,t,f,f,,Brian Shriver,<b>Brian Shriver</b> - 99' <br>Goal,(99'),Shot by Brian Shriver,1
448783,2016,north+american+soccer+league,25418141,100,,3,0.084,0.558,17826,f,f,f,,Caleb Calvert,<b>Caleb Calvert</b> - 100' <br>Shot Off Target,"",Shot by Caleb Calvert,1
448783,2016,north+american+soccer+league,25418400,104,,3,0.227,0.346,17826,f,f,f,,Jorge Herrera,<b>Jorge Herrera</b> - 104' <br>Shot Off Target,"",Shot by Jorge Herrera,1
448783,2016,north+american+soccer+league,25418758,109,,4,0.897,0.63,9725,t,f,f,,Jonathan Orlando,<b>Jonathan Orlando</b> - 109' <br>Goal,(109'),Shot by Jonathan Orlando,1
448783,2016,north+american+soccer+league,25419096,112,,4,0.082,0.501,17826,f,f,f,,Caleb Calvert,<b>Caleb Calvert</b> - 112' <br>Shot Off Target,"",Shot by Caleb Calvert,1
448783,2016,north+american+soccer+league,25419346,113,,4,0.922,0.476,9725,f,f,f,,Billy Schuler,<b>Billy Schuler</b> - 113' <br>Shot Off Target,"",Shot by Billy Schuler,1
448783,2016,north+american+soccer+league,25419796,115,,4,0.914,0.552,9725,t,f,f,,Billy Schuler,<b>Billy Schuler</b> - 115' <br>Goal,(115'),Shot by Billy Schuler,1
448783,2016,north+american+soccer+league,25419913,119,,4,0.252,0.6599999999999999,17826,f,f,f,,Brian Brown,<b>Brian Brown</b> - 119' <br>Shot Off Target,"",Shot by Brian Brown,1
449336,2016,north+american+soccer+league,25527155,10,,1,0.732,0.578,9725,f,f,f,,Nazmi Albadawi,<b>Nazmi Albadawi</b> - 10' <br>Shot Blocked,"",Shot by Nazmi Albadawi,1
449336,2016,north+american+soccer+league,25517759,14,,1,0.895,0.571,9725,f,f,f,,Matt Watson,<b>Matt Watson</b> - 14' <br>Shot Off Target,"",Shot by Matt Watson,1
449336,2016,north+american+soccer+league,25517785,16,,1,0.274,0.274,189,f,f,f,,Kelyn Rowe,<b>Kelyn Rowe</b> - 16' <br>Shot Off Target,"",Shot by Kelyn Rowe,1
449336,2016,north+american+soccer+league,25527175,23,,1,0.9,0.33,9725,f,f,f,,Austin Da Luz,<b>Austin Da Luz</b> - 23' <br>Shot On Target,"",Shot by Austin Da Luz,1
449336,2016,north+american+soccer+league,25527177,25,,1,0.27,0.563,189,f,f,f,,Kelyn Rowe,<b>Kelyn Rowe</b> - 25' <br>Free Kick,"",Shot by Kelyn Rowe,1
449336,2016,north+american+soccer+league,25527179,25,,1,0.729,0.318,9725,f,f,f,,Matt Watson,<b>Matt Watson</b> - 25' <br>Shot Blocked,"",Shot by Matt Watson,1
449336,2016,north+american+soccer+league,25517904,26,,1,0.762,0.627,9725,f,f,f,,Matt Watson,<b>Matt Watson</b> - 26' <br>Shot Off Target,"",Shot by Matt Watson,1
449336,2016,north+american+soccer+league,25517968,28,,1,0.067,0.30300000000000005,189,f,f,f,,Diego Fagundez,<b>Diego Fagundez</b> - 28' <br>Shot Off Target,"",Shot by Diego Fagundez,1
449336,2016,north+american+soccer+league,25527186,30,,1,0.26,0.32999999999999996,189,f,f,f,,Juan Agudelo,<b>Juan Agudelo</b> - 30' <br>Shot Blocked,"",Shot by Juan Agudelo,1
449336,2016,north+american+soccer+league,25527188,30,,1,0.815,0.51,9725,f,f,f,,Brian Shriver,<b>Brian Shriver</b> - 30' <br>Shot Blocked,"",Shot by Brian Shriver,1
449336,2016,north+american+soccer+league,25518232,33,,1,0.945,0.654,9725,f,f,f,,Brian Shriver,<b>Brian Shriver</b> - 33' <br>Shot Hit Woodwork,"",Shot by Brian Shriver,1
449336,2016,north+american+soccer+league,25518023,33,,1,0.247,0.46699999999999997,189,f,f,f,,Kelyn Rowe,<b>Kelyn Rowe</b> - 33' <br>Shot Off Target,"",Shot by Kelyn Rowe,1
449336,2016,north+american+soccer+league,25518267,35,,1,0.325,0.787,189,f,f,f,,Diego Fagundez,<b>Diego Fagundez</b> - 35' <br>Shot Off Target,"",Shot by Diego Fagundez,1
449336,2016,north+american+soccer+league,25527197,37,,1,0.288,0.55,189,f,f,f,,Juan Agudelo,<b>Juan Agudelo</b> - 37' <br>Shot Blocked,"",Shot by Juan Agudelo,1
449336,2016,north+american+soccer+league,25518937,45, +1',1,0.119,0.41900000000000004,189,f,f,f,,Juan Agudelo,<b>Juan Agudelo</b> - 45'  +1'<br>Shot Off Target,"",Shot by Juan Agudelo,1
449336,2016,north+american+soccer+league,25520749,47,,2,0.033,0.391,189,f,f,f,,London Woodberry,<b>London Woodberry</b> - 47' <br>Shot Off Target,"",Shot by London Woodberry,1
449336,2016,north+american+soccer+league,25527226,53,,2,0.281,0.19199999999999995,189,f,f,f,,Kelyn Rowe,<b>Kelyn Rowe</b> - 53' <br>Shot Blocked,"",Shot by Kelyn Rowe,1
449336,2016,north+american+soccer+league,25521513,58,,2,0.974,0.476,9725,f,f,f,,Austin Da Luz,<b>Austin Da Luz</b> - 58' <br>Shot Off Target,"",Shot by Austin Da Luz,1
449336,2016,north+american+soccer+league,25521542,68,,2,0.162,0.5609999999999999,189,f,f,f,,Kelyn Rowe,<b>Kelyn Rowe</b> - 68' <br>Shot Off Target,"",Shot by Kelyn Rowe,1
449336,2016,north+american+soccer+league,25527249,69,,2,0.903,0.351,9725,f,f,f,,Paul Blackwood,<b>Paul Blackwood</b> - 69' <br>Shot On Target,"",Shot by Paul Blackwood,1
449336,2016,north+american+soccer+league,25522008,71,,2,0.078,0.46599999999999997,189,f,f,f,,Juan Agudelo,<b>Juan Agudelo</b> - 71' <br>Shot Off Target,"",Shot by Juan Agudelo,1
449336,2016,north+american+soccer+league,25527263,77,,2,0.902,0.594,9725,f,f,f,,Brian Shriver,<b>Brian Shriver</b> - 77' <br>Shot On Target,"",Shot by Brian Shriver,1
449336,2016,north+american+soccer+league,25522966,82,,2,0.094,0.485,189,f,f,f,,Kei Kamara,<b>Kei Kamara</b> - 82' <br>Shot Off Target,"",Shot by Kei Kamara,1
449336,2016,north+american+soccer+league,25527277,87,,2,0.084,0.493,189,f,f,f,,Juan Agudelo,<b>Juan Agudelo</b> - 87' <br>Shot On Target,"",Shot by Juan Agudelo,1
449336,2016,north+american+soccer+league,25523425,89,,2,0.185,0.763,189,f,f,f,,Chris Tierney,<b>Chris Tierney</b> - 89' <br>Shot Off Target,"",Shot by Chris Tierney,1
449336,2016,north+american+soccer+league,25523427,90,,2,0.076,0.249,189,f,f,f,,Juan Agudelo,<b>Juan Agudelo</b> - 90' <br>Shot Off Target,"",Shot by Juan Agudelo,1
449336,2016,north+american+soccer+league,25523728,93,,3,0.242,0.478,189,f,f,f,,Chris Tierney,<b>Chris Tierney</b> - 93' <br>Shot Hit Woodwork,"",Shot by Chris Tierney,1
449336,2016,north+american+soccer+league,25523732,93,,3,0.092,0.4,189,f,f,f,,Kei Kamara,<b>Kei Kamara</b> - 93' <br>Shot Off Target,"",Shot by Kei Kamara,1
449336,2016,north+american+soccer+league,25527291,100,,3,0.082,0.371,189,f,f,f,,Diego Fagundez,<b>Diego Fagundez</b> - 100' <br>Shot Blocked,"",Shot by Diego Fagundez,1
449336,2016,north+american+soccer+league,25523896,103,,3,0.193,0.494,189,t,f,f,,Zachary Herivaux,<b>Zachary Herivaux</b> - 103' <br>Goal,(103'),Shot by Zachary Herivaux,1
449336,2016,north+american+soccer+league,25527301,105,,3,0.896,0.629,9725,f,f,f,,Drew Beckie,<b>Drew Beckie</b> - 105' <br>Shot Blocked,"",Shot by Drew Beckie,1
449336,2016,north+american+soccer+league,25527305,107,,4,0.117,0.538,189,f,f,f,,Kei Kamara,<b>Kei Kamara</b> - 107' <br>Shot Blocked,"",Shot by Kei Kamara,1
449336,2016,north+american+soccer+league,25527308,108,,4,0.097,0.47,189,f,f,f,,Kei Kamara,<b>Kei Kamara</b> - 108' <br>Shot Blocked,"",Shot by Kei Kamara,1
449336,2016,north+american+soccer+league,25525811,117,,4,0.8009999999999999,0.306,9725,f,f,f,,Jonathan Orlando,<b>Jonathan Orlando</b> - 117' <br>Shot Off Target,"",Shot by Jonathan Orlando,1
449336,2016,north+american+soccer+league,25527324,117,,4,0.876,0.537,9725,f,f,f,,Alex P&#233;rez,<b>Alex P&#233;rez</b> - 117' <br>Shot On Target,"",Shot by Alex PÃÂ©rez,1
449336,2016,north+american+soccer+league,25527326,118,,4,0.792,0.349,9725,f,f,f,,Paul Blackwood,<b>Paul Blackwood</b> - 118' <br>Shot Blocked,"",Shot by Paul Blackwood,1
449336,2016,north+american+soccer+league,25527329,119,,4,0.897,0.343,9725,f,f,f,,Jonathan Orlando,<b>Jonathan Orlando</b> - 119' <br>Shot Blocked,"",Shot by Jonathan Orlando,1
449336,2016,north+american+soccer+league,25527331,120,,4,0.6970000000000001,0.59,9725,f,f,f,,Alex P&#233;rez,<b>Alex P&#233;rez</b> - 120' <br>Shot Blocked,"",Shot by Alex PÃÂ©rez,1
449336,2016,north+american+soccer+league,25527333,120,,4,0.86,0.479,9725,f,f,f,,Jonathan Orlando,<b>Jonathan Orlando</b> - 120' <br>Shot Blocked,"",Shot by Jonathan Orlando,1
449336,2016,north+american+soccer+league,25527338,120, +2',4,0.952,0.449,9725,f,f,f,,Alex P&#233;rez,<b>Alex P&#233;rez</b> - 120'  +2'<br>Shot On Target,"",Shot by Alex PÃÂ©rez,1
