492610,2017,south+african+premiership,30327620,61,,2,0.0,1.0,7079,t,f,f,,Ovidy Karuru,<b>Ovidy Karuru</b> - 61' <br>Goal,(61'),Shot by Ovidy Karuru,1
492610,2017,south+african+premiership,30327726,83,,2,0.0,1.0,7079,t,f,f,,Mhlengi Cele,<b>Mhlengi Cele</b> - 83' <br>Goal,(83'),Shot by Mhlengi Cele,1
492610,2017,south+african+premiership,30327735,86,,2,1.0,0.0,9500,t,f,f,,Letsie Koapeng,<b>Letsie Koapeng</b> - 86' <br>Goal,(86'),Shot by Letsie Koapeng,1
492611,2017,south+african+premiership,30327461,12,,1,1.0,0.0,7083,t,t,f,,Sfiso Hlanti,<b>Sfiso Hlanti</b> - 12' <br>Own Goal,(12' OG),Shot by Sfiso Hlanti,1
492611,2017,south+african+premiership,30327518,36,,1,1.0,0.0,7085,t,f,f,,Augustine Mulenga,<b>Augustine Mulenga</b> - 36' <br>Goal,(36'),Shot by Augustine Mulenga,1
492611,2017,south+african+premiership,30327526,40,,1,1.0,0.0,7085,t,f,f,,Justin Shonga,<b>Justin Shonga</b> - 40' <br>Penalty - Scored,(40' PEN),Shot by Justin Shonga,1
492611,2017,south+african+premiership,30327600,58,,2,1.0,0.0,7085,t,f,f,,Augustine Mulenga,<b>Augustine Mulenga</b> - 58' <br>Goal,(58'),Shot by Augustine Mulenga,1
492611,2017,south+african+premiership,30327747,82,,2,0.0,1.0,7083,f,f,f,,Lehlohonolo Majoro,<b>Lehlohonolo Majoro</b> - 82' <br>Penalty - Missed,"",Shot by Lehlohonolo Majoro,1
492612,2017,south+african+premiership,30327459,10,,1,1.0,0.0,7080,t,f,f,,Thabo Mnyamane,<b>Thabo Mnyamane</b> - 10' <br>Penalty - Scored,(10' PEN),Shot by Thabo Mnyamane,1
492612,2017,south+african+premiership,30327591,56,,2,0.0,1.0,7097,t,f,f,,Siphelele Promise Mthembu,<b>Siphelele Promise Mthembu</b> - 56' <br>Goal,(56'),Shot by Siphelele Promise Mthembu,1
492612,2017,south+african+premiership,30327644,69,,2,1.0,0.0,7080,t,f,f,,Aubrey Modiba,<b>Aubrey Modiba</b> - 69' <br>Goal,(69'),Shot by Aubrey Modiba,1
492612,2017,south+african+premiership,30327676,77,,2,0.0,1.0,7097,t,f,f,,Nyiko Mobbie,<b>Nyiko Mobbie</b> - 77' <br>Goal,(77'),Shot by Nyiko Mobbie,1
492612,2017,south+african+premiership,30327756,90,,2,1.0,0.0,7080,t,f,f,,Teboho Mokoena,<b>Teboho Mokoena</b> - 90' <br>Goal,(90'),Shot by Teboho Mokoena,1
492613,2017,south+african+premiership,30327456,5,,1,0.0,1.0,7084,t,f,f,,Themba Zwane,<b>Themba Zwane</b> - 5' <br>Goal,(5'),Shot by Themba Zwane,1
492613,2017,south+african+premiership,30327499,33,,1,1.0,0.0,7082,t,f,f,,Andrea Fillecia,<b>Andrea Fillecia</b> - 33' <br>Goal,(33'),Shot by Andrea Fillecia,1
492613,2017,south+african+premiership,30327670,73,,2,0.0,1.0,7084,t,f,f,,Tebogo Langerman,<b>Tebogo Langerman</b> - 73' <br>Goal,(73'),Shot by Tebogo Langerman,1
492613,2017,south+african+premiership,30327743,87,,2,1.0,0.0,7082,t,f,f,,Lebohang Maboe,<b>Lebohang Maboe</b> - 87' <br>Goal,(87'),Shot by Lebohang Maboe,1
492614,2017,south+african+premiership,30323431,90, +3',2,1.0,0.0,7075,t,f,f,,Nusa Lebusa,<b>Nusa Lebusa</b> - 90'  +3'<br>Goal,(90' +3'),Shot by Nusa Lebusa,1
492615,2017,south+african+premiership,30327527,40,,1,1.0,0.0,7099,t,f,f,,Thapelo Sylvester Tshilo,<b>Thapelo Sylvester Tshilo</b> - 40' <br>Goal,(40'),Shot by Thapelo Sylvester Tshilo,1
492615,2017,south+african+premiership,30327731,78,,2,0.0,1.0,7100,t,f,f,,Thamsanqa Mkhize,<b>Thamsanqa Mkhize</b> - 78' <br>Goal,(78'),Shot by Thamsanqa Mkhize,1
492617,2017,south+african+premiership,30322267,4,,1,1.0,0.0,7077,t,f,f,,Lerato Lamola,<b>Lerato Lamola</b> - 4' <br>Goal,(4'),Shot by Lerato Lamola,1
492617,2017,south+african+premiership,30322279,44,,1,0.0,1.0,7081,t,f,f,,Bernard Parker,<b>Bernard Parker</b> - 44' <br>Goal,(44'),Shot by Bernard Parker,1
492617,2017,south+african+premiership,30322295,48,,2,1.0,0.0,7077,t,f,f,,Lerato Lamola,<b>Lerato Lamola</b> - 48' <br>Goal,(48'),Shot by Lerato Lamola,1
492617,2017,south+african+premiership,30323532,90, +5',2,1.0,0.0,7077,t,f,f,,Velemseni Ndwandwe,<b>Velemseni Ndwandwe</b> - 90'  +5'<br>Goal,(90' +5'),Shot by Velemseni Ndwandwe,1
492618,2017,south+african+premiership,30245190,53,,2,1.0,0.0,11913,t,f,f,,Mxolisi Macuphu,<b>Mxolisi Macuphu</b> - 53' <br>Goal,(53'),Shot by Mxolisi Macuphu,1
492618,2017,south+african+premiership,30245925,90,,2,0.0,1.0,7075,t,f,f,,Krahire Yannick Zakri,<b>Krahire Yannick Zakri</b> - 90' <br>Goal,(90'),Shot by Krahire Yannick Zakri,1
492619,2017,south+african+premiership,30244425,8,,1,0.0,1.0,7082,t,f,f,,Bandile Shandu,<b>Bandile Shandu</b> - 8' <br>Goal,(8'),Shot by Bandile Shandu,1
492619,2017,south+african+premiership,30245148,47,,2,0.0,1.0,7082,t,f,f,,Siphesihle Ndlovu,<b>Siphesihle Ndlovu</b> - 47' <br>Goal,(47'),Shot by Siphesihle Ndlovu,1
492620,2017,south+african+premiership,30244445,11,,1,1.0,0.0,7079,t,f,f,,Mabhuti Khenyeza,<b>Mabhuti Khenyeza</b> - 11' <br>Goal,(11'),Shot by Mabhuti Khenyeza,1
492620,2017,south+african+premiership,30244783,32,,1,0.0,1.0,7085,t,f,f,,Musa Nyatama,<b>Musa Nyatama</b> - 32' <br>Goal,(32'),Shot by Musa Nyatama,1
492620,2017,south+african+premiership,30245779,80,,2,0.0,1.0,7085,t,f,f,,Thabo Qalinge,<b>Thabo Qalinge</b> - 80' <br>Goal,(80'),Shot by Thabo Qalinge,1
492621,2017,south+african+premiership,30245146,49,,2,1.0,0.0,7081,t,f,f,,Hendrick Ekstein,<b>Hendrick Ekstein</b> - 49' <br>Goal,(49'),Shot by Hendrick Ekstein,1
492622,2017,south+african+premiership,30230986,50,,2,1.0,0.0,7097,t,f,f,,Goodman Dlamini,<b>Goodman Dlamini</b> - 50' <br>Goal,(50'),Shot by Goodman Dlamini,1
492622,2017,south+african+premiership,30231072,54,,2,0.0,1.0,7071,t,f,f,,Victor Letsoalo,<b>Victor Letsoalo</b> - 54' <br>Goal,(54'),Shot by Victor Letsoalo,1
492623,2017,south+african+premiership,30257812,24,,1,1.0,0.0,7084,t,f,f,,Ricardo,<b>Ricardo</b> - 24' <br>Penalty - Scored,(24' PEN),Shot by Ricardo,1
492624,2017,south+african+premiership,30309202,53,,2,0.0,1.0,7099,t,f,f,,Thapelo Sylvester Tshilo,<b>Thapelo Sylvester Tshilo</b> - 53' <br>Goal,(53'),Shot by Thapelo Sylvester Tshilo,1
492624,2017,south+african+premiership,30310405,90, +3',2,1.0,0.0,7083,t,f,f,,Maliele Pule,<b>Maliele Pule</b> - 90'  +3'<br>Goal,(90' +3'),Shot by Maliele Pule,1
492626,2017,south+african+premiership,30175521,82,,2,1.0,0.0,7071,t,f,f,,Jacky Motshegwa,<b>Jacky Motshegwa</b> - 82' <br>Goal,(82'),Shot by Jacky Motshegwa,1
492626,2017,south+african+premiership,30175581,86,,2,0.0,1.0,7079,t,f,f,,Mhlengi Cele,<b>Mhlengi Cele</b> - 86' <br>Goal,(86'),Shot by Mhlengi Cele,1
492627,2017,south+african+premiership,30174204,23,,1,1.0,0.0,18359,t,f,f,,Lucky Nguzana,<b>Lucky Nguzana</b> - 23' <br>Goal,(23'),Shot by Lucky Nguzana,1
492627,2017,south+african+premiership,30174612,44,,1,0.0,1.0,7084,t,f,f,,Wayne Arendse,<b>Wayne Arendse</b> - 44' <br>Goal,(44'),Shot by Wayne Arendse,1
492627,2017,south+african+premiership,30174929,52,,2,0.0,1.0,7084,t,f,f,,Percy Tau,<b>Percy Tau</b> - 52' <br>Goal,(52'),Shot by Percy Tau,1
492628,2017,south+african+premiership,30164780,28,,1,1.0,0.0,7082,t,f,f,,Andrea Fillecia,<b>Andrea Fillecia</b> - 28' <br>Goal,(28'),Shot by Andrea Fillecia,1
492628,2017,south+african+premiership,30166471,90, +2',2,0.0,1.0,7100,t,f,f,,Masud Juma,<b>Masud Juma</b> - 90'  +2'<br>Goal,(90' +2'),Shot by Masud Juma,1
492629,2017,south+african+premiership,30166190,75,,2,1.0,0.0,9500,t,f,f,,Bonginkosi Ntuli,<b>Bonginkosi Ntuli</b> - 75' <br>Goal,(75'),Shot by Bonginkosi Ntuli,1
492629,2017,south+african+premiership,30166554,90, +5',2,1.0,0.0,9500,t,f,f,,Gerald Phiri Junior,<b>Gerald Phiri Junior</b> - 90'  +5'<br>Goal,(90' +5'),Shot by Gerald Phiri Junior,1
492631,2017,south+african+premiership,30147239,26,,1,0.0,1.0,11913,t,f,f,,Thabo Euclite Rakhale,<b>Thabo Euclite Rakhale</b> - 26' <br>Goal,(26'),Shot by Thabo Euclite Rakhale,1
492631,2017,south+african+premiership,30152229,78,,2,0.0,1.0,11913,t,f,f,,Mxolisi Macuphu,<b>Mxolisi Macuphu</b> - 78' <br>Goal,(78'),Shot by Mxolisi Macuphu,1
492631,2017,south+african+premiership,30153869,90, +5',2,0.0,1.0,11913,t,f,f,,Edward Manqele,<b>Edward Manqele</b> - 90'  +5'<br>Goal,(90' +5'),Shot by Edward Manqele,1
492632,2017,south+african+premiership,30149323,56,,2,0.0,1.0,7097,t,f,f,,Patrick Phungwayo,<b>Patrick Phungwayo</b> - 56' <br>Goal,(56'),Shot by Patrick Phungwayo,1
492632,2017,south+african+premiership,30150378,56,,2,0.0,1.0,7077,t,t,f,,Nkanyiso Mngwengwe,<b>Nkanyiso Mngwengwe</b> - 56' <br>Own Goal,(56' OG),Shot by Nkanyiso Mngwengwe,1
492632,2017,south+african+premiership,30151317,72,,2,1.0,0.0,7077,t,f,f,,Siphelele Magubane,<b>Siphelele Magubane</b> - 72' <br>Goal,(72'),Shot by Siphelele Magubane,1
492633,2017,south+african+premiership,30200213,26,,1,1.0,0.0,7075,t,f,f,,Krahire Yannick Zakri,<b>Krahire Yannick Zakri</b> - 26' <br>Goal,(26'),Shot by Krahire Yannick Zakri,1
492635,2017,south+african+premiership,30131817,37,,1,1.0,0.0,7084,t,f,f,,Percy Tau,<b>Percy Tau</b> - 37' <br>Goal,(37'),Shot by Percy Tau,1
492635,2017,south+african+premiership,30132250,81,,2,1.0,0.0,7084,t,f,f,,Khama Billiat,<b>Khama Billiat</b> - 81' <br>Goal,(81'),Shot by Khama Billiat,1
492636,2017,south+african+premiership,30131993,49,,2,0.0,1.0,7077,t,f,f,,Lerato Lamola,<b>Lerato Lamola</b> - 49' <br>Goal,(49'),Shot by Lerato Lamola,1
492637,2017,south+african+premiership,30132376,90, +5',2,0.0,1.0,7081,t,f,f,,Teenage Hadebe,<b>Teenage Hadebe</b> - 90'  +5'<br>Goal,(90' +5'),Shot by Teenage Hadebe,1
492638,2017,south+african+premiership,30131846,40,,1,1.0,0.0,7099,t,f,f,,Rodney Ramagalela,<b>Rodney Ramagalela</b> - 40' <br>Goal,(40'),Shot by Rodney Ramagalela,1
492639,2017,south+african+premiership,30124056,50,,2,1.0,0.0,7079,t,f,f,,Mhlengi Cele,<b>Mhlengi Cele</b> - 50' <br>Goal,(50'),Shot by Mhlengi Cele,1
492639,2017,south+african+premiership,30124105,60,,2,0.0,1.0,7075,t,f,f,,Rodrick Kabwe,<b>Rodrick Kabwe</b> - 60' <br>Goal,(60'),Shot by Rodrick Kabwe,1
492639,2017,south+african+premiership,30124404,75,,2,1.0,0.0,7075,t,t,f,,Siyanda Zwane,<b>Siyanda Zwane</b> - 75' <br>Own Goal,(75' OG),Shot by Siyanda Zwane,1
492640,2017,south+african+premiership,30131648,16,,1,1.0,0.0,7085,t,f,f,,Musa Nyatama,<b>Musa Nyatama</b> - 16' <br>Goal,(16'),Shot by Musa Nyatama,1
492640,2017,south+african+premiership,30131992,49,,2,0.0,1.0,7071,t,f,f,,Lorenzo Joao Gordinho,<b>Lorenzo Joao Gordinho</b> - 49' <br>Goal,(49'),Shot by Lorenzo Joao Gordinho,1
492640,2017,south+african+premiership,30132232,77,,2,1.0,0.0,7085,t,f,f,,Augustine Mulenga,<b>Augustine Mulenga</b> - 77' <br>Goal,(77'),Shot by Augustine Mulenga,1
492641,2017,south+african+premiership,30123984,16,,1,1.0,0.0,7083,t,f,f,,Keegan Ritchie,<b>Keegan Ritchie</b> - 16' <br>Goal,(16'),Shot by Keegan Ritchie,1
492641,2017,south+african+premiership,30124533,79,,2,0.0,1.0,7082,t,f,f,,Mohau Mokate,<b>Mohau Mokate</b> - 79' <br>Goal,(79'),Shot by Mohau Mokate,1
492641,2017,south+african+premiership,30124642,85,,2,1.0,0.0,7083,t,f,f,,Buhle Mkhwanazi,<b>Buhle Mkhwanazi</b> - 85' <br>Goal,(85'),Shot by Buhle Mkhwanazi,1
492642,2017,south+african+premiership,29854957,35,,1,1.0,0.0,18359,t,f,f,,Rudolph Mpho Kgaswane,<b>Rudolph Mpho Kgaswane</b> - 35' <br>Goal,(35'),Shot by Rudolph Mpho Kgaswane,1
492642,2017,south+african+premiership,29855010,90,,2,1.0,0.0,18359,t,f,f,,Rudolph Mpho Kgaswane,<b>Rudolph Mpho Kgaswane</b> - 90' <br>Goal,(90'),Shot by Rudolph Mpho Kgaswane,1
492643,2017,south+african+premiership,30026343,58,,2,1.0,0.0,7071,t,f,f,,Ndumiso Mabena,<b>Ndumiso Mabena</b> - 58' <br>Goal,(58'),Shot by Ndumiso Mabena,1
492644,2017,south+african+premiership,30015667,49,,2,0.0,1.0,7085,t,f,f,,Thembinkosi Lorch,<b>Thembinkosi Lorch</b> - 49' <br>Goal,(49'),Shot by Thembinkosi Lorch,1
492644,2017,south+african+premiership,30016069,70,,2,0.0,1.0,7085,t,f,f,,Mthokozisi Dube,<b>Mthokozisi Dube</b> - 70' <br>Goal,(70'),Shot by Mthokozisi Dube,1
492644,2017,south+african+premiership,30016316,84,,2,1.0,0.0,7077,t,f,f,,Jabulani Shongwe,<b>Jabulani Shongwe</b> - 84' <br>Goal,(84'),Shot by Jabulani Shongwe,1
492646,2017,south+african+premiership,30229750,20,,1,1.0,0.0,7084,t,f,f,,Themba Zwane,<b>Themba Zwane</b> - 20' <br>Goal,(20'),Shot by Themba Zwane,1
492646,2017,south+african+premiership,30230128,36,,1,1.0,0.0,7084,t,f,f,,Sibusiso Vilakazi,<b>Sibusiso Vilakazi</b> - 36' <br>Goal,(36'),Shot by Sibusiso Vilakazi,1
492647,2017,south+african+premiership,30000475,47,,2,1.0,0.0,11913,t,f,f,,Abel Mabaso,<b>Abel Mabaso</b> - 47' <br>Goal,(47'),Shot by Abel Mabaso,1
492648,2017,south+african+premiership,29994458,7,,1,1.0,0.0,7082,t,f,f,,Pogiso Sanoka,<b>Pogiso Sanoka</b> - 7' <br>Goal,(7'),Shot by Pogiso Sanoka,1
492648,2017,south+african+premiership,29994847,75,,2,1.0,0.0,7082,t,f,f,,Siphesihle Ndlovu,<b>Siphesihle Ndlovu</b> - 75' <br>Goal,(75'),Shot by Siphesihle Ndlovu,1
492648,2017,south+african+premiership,29994892,88,,2,0.0,1.0,7099,t,f,f,,Muhammad Sulumba,<b>Muhammad Sulumba</b> - 88' <br>Goal,(88'),Shot by Muhammad Sulumba,1
492649,2017,south+african+premiership,29860388,50,,2,1.0,0.0,7075,t,f,f,,Fagrie Lakay,<b>Fagrie Lakay</b> - 50' <br>Goal,(50'),Shot by Fagrie Lakay,1
492649,2017,south+african+premiership,29860646,78,,2,1.0,0.0,7075,t,f,f,,Mario Booysen,<b>Mario Booysen</b> - 78' <br>Goal,(78'),Shot by Mario Booysen,1
492650,2017,south+african+premiership,29895658,52,,2,1.0,0.0,7071,t,f,f,,Ronald Pfumbidzai,<b>Ronald Pfumbidzai</b> - 52' <br>Goal,(52'),Shot by Ronald Pfumbidzai,1
492651,2017,south+african+premiership,29895665,49,,2,0.0,1.0,7077,t,f,f,,Lerato Lamola,<b>Lerato Lamola</b> - 49' <br>Goal,(49'),Shot by Lerato Lamola,1
492651,2017,south+african+premiership,29895784,60,,2,1.0,0.0,7099,t,f,f,,Walter Tatenda Musona,<b>Walter Tatenda Musona</b> - 60' <br>Goal,(60'),Shot by Walter Tatenda Musona,1
492651,2017,south+african+premiership,29895820,64,,2,0.0,1.0,7077,t,f,f,,Siphelele Magubane,<b>Siphelele Magubane</b> - 64' <br>Goal,(64'),Shot by Siphelele Magubane,1
492651,2017,south+african+premiership,29896143,90, +4',2,1.0,0.0,7099,t,f,f,,Puleng Tlolane,<b>Puleng Tlolane</b> - 90'  +4'<br>Goal,(90' +4'),Shot by Puleng Tlolane,1
492652,2017,south+african+premiership,29885669,42,,1,0.0,1.0,7097,t,f,f,,Paulus Masehe,<b>Paulus Masehe</b> - 42' <br>Goal,(42'),Shot by Paulus Masehe,1
492652,2017,south+african+premiership,29885710,42,,1,1.0,0.0,9500,t,f,f,,Gift Sithole,<b>Gift Sithole</b> - 42' <br>Goal,(42'),Shot by Gift Sithole,1
492652,2017,south+african+premiership,29886568,81,,2,0.0,1.0,7097,t,f,f,,Mohammed Anas,<b>Mohammed Anas</b> - 81' <br>Goal,(81'),Shot by Mohammed Anas,1
492652,2017,south+african+premiership,29886652,88,,2,0.0,1.0,7097,t,f,f,,Mohammed Anas,<b>Mohammed Anas</b> - 88' <br>Goal,(88'),Shot by Mohammed Anas,1
492653,2017,south+african+premiership,29869654,24,,1,0.0,1.0,7084,t,f,f,,Ricardo,<b>Ricardo</b> - 24' <br>Penalty - Scored,(24' PEN),Shot by Ricardo,1
492653,2017,south+african+premiership,29869662,37,,1,1.0,0.0,7079,t,f,f,,Mhlengi Cele,<b>Mhlengi Cele</b> - 37' <br>Goal,(37'),Shot by Mhlengi Cele,1
492653,2017,south+african+premiership,29869671,49,,2,0.0,1.0,7084,t,f,f,,Sibusiso Vilakazi,<b>Sibusiso Vilakazi</b> - 49' <br>Goal,(49'),Shot by Sibusiso Vilakazi,1
492653,2017,south+african+premiership,29869680,60,,2,0.0,1.0,7084,t,f,f,,Sibusiso Vilakazi,<b>Sibusiso Vilakazi</b> - 60' <br>Goal,(60'),Shot by Sibusiso Vilakazi,1
492655,2017,south+african+premiership,29875837,21,,1,1.0,0.0,7085,t,f,f,,Thembinkosi Lorch,<b>Thembinkosi Lorch</b> - 21' <br>Goal,(21'),Shot by Thembinkosi Lorch,1
492655,2017,south+african+premiership,29875905,28,,1,0.0,1.0,7081,t,f,f,,Leonardo Castro,<b>Leonardo Castro</b> - 28' <br>Goal,(28'),Shot by Leonardo Castro,1
492655,2017,south+african+premiership,29876209,46,,2,1.0,0.0,7085,t,f,f,,Luvuyo Memela,<b>Luvuyo Memela</b> - 46' <br>Goal,(46'),Shot by Luvuyo Memela,1
492655,2017,south+african+premiership,29876679,74,,2,1.0,0.0,7085,t,f,f,,Luvuyo Memela,<b>Luvuyo Memela</b> - 74' <br>Goal,(74'),Shot by Luvuyo Memela,1
492656,2017,south+african+premiership,29869881,11,,1,1.0,0.0,7083,t,f,f,,Sifiso Myeni,<b>Sifiso Myeni</b> - 11' <br>Goal,(11'),Shot by Sifiso Myeni,1
492656,2017,south+african+premiership,29870025,41,,1,0.0,1.0,18359,t,f,f,,Gift Motupa,<b>Gift Motupa</b> - 41' <br>Penalty - Scored,(41' PEN),Shot by Gift Motupa,1
492657,2017,south+african+premiership,29870010,25,,1,1.0,0.0,7100,t,f,f,,Ayanda Patosi,<b>Ayanda Patosi</b> - 25' <br>Goal,(25'),Shot by Ayanda Patosi,1
492657,2017,south+african+premiership,29870133,45, +2',1,1.0,0.0,7100,t,f,f,,Lyle Lakay,<b>Lyle Lakay</b> - 45'  +2'<br>Goal,(45' +2'),Shot by Lyle Lakay,1
492658,2017,south+african+premiership,29842175,18,,1,1.0,0.0,11913,t,f,f,,Mxolisi Macuphu,<b>Mxolisi Macuphu</b> - 18' <br>Goal,(18'),Shot by Mxolisi Macuphu,1
492658,2017,south+african+premiership,29842272,26,,1,0.0,1.0,7085,t,f,f,,Bernard Morrison,<b>Bernard Morrison</b> - 26' <br>Penalty - Scored,(26' PEN),Shot by Bernard Morrison,1
492658,2017,south+african+premiership,29843575,72,,2,0.0,1.0,7085,t,f,f,,Justin Shonga,<b>Justin Shonga</b> - 72' <br>Goal,(72'),Shot by Justin Shonga,1
492658,2017,south+african+premiership,29843801,83,,2,1.0,0.0,11913,t,f,f,,Katlego Mashego,<b>Katlego Mashego</b> - 83' <br>Goal,(83'),Shot by Katlego Mashego,1
492658,2017,south+african+premiership,29843917,86,,2,0.0,1.0,7085,t,f,f,,Thembinkosi Lorch,<b>Thembinkosi Lorch</b> - 86' <br>Goal,(86'),Shot by Thembinkosi Lorch,1
492658,2017,south+african+premiership,29844064,90, +3',2,0.0,1.0,7085,t,f,f,,Justin Shonga,<b>Justin Shonga</b> - 90'  +3'<br>Goal,(90' +3'),Shot by Justin Shonga,1
492659,2017,south+african+premiership,29816955,11,,1,1.0,0.0,18359,t,f,f,,Robin Ngalande,<b>Robin Ngalande</b> - 11' <br>Goal,(11'),Shot by Robin Ngalande,1
492659,2017,south+african+premiership,29817170,24,,1,0.0,1.0,7099,t,f,f,,Rodney Ramagalela,<b>Rodney Ramagalela</b> - 24' <br>Penalty - Scored,(24' PEN),Shot by Rodney Ramagalela,1
492662,2017,south+african+premiership,29831036,45, +1',1,0.0,1.0,7083,t,f,f,,Lehlohonolo Majoro,<b>Lehlohonolo Majoro</b> - 45'  +1'<br>Goal,(45' +1'),Shot by Lehlohonolo Majoro,1
492662,2017,south+african+premiership,29832200,61,,2,1.0,0.0,7100,t,f,f,,Craig Martin,<b>Craig Martin</b> - 61' <br>Goal,(61'),Shot by Craig Martin,1
492662,2017,south+african+premiership,29832464,74,,2,0.0,1.0,7083,t,f,f,,Lehlohonolo Majoro,<b>Lehlohonolo Majoro</b> - 74' <br>Goal,(74'),Shot by Lehlohonolo Majoro,1
492663,2017,south+african+premiership,29841943,27,,1,1.0,0.0,7077,t,f,f,,Limbikani Mzava,<b>Limbikani Mzava</b> - 27' <br>Penalty - Scored,(27' PEN),Shot by Limbikani Mzava,1
492664,2017,south+african+premiership,29825305,11,,1,0.0,1.0,7080,t,f,f,,Thabo Mnyamane,<b>Thabo Mnyamane</b> - 11' <br>Goal,(11'),Shot by Thabo Mnyamane,1
492664,2017,south+african+premiership,29832572,78,,2,1.0,0.0,7084,t,f,f,,Percy Tau,<b>Percy Tau</b> - 78' <br>Goal,(78'),Shot by Percy Tau,1
492665,2017,south+african+premiership,29811332,13,,1,0.0,1.0,9500,t,f,f,,Riyaad Norodien,<b>Riyaad Norodien</b> - 13' <br>Goal,(13'),Shot by Riyaad Norodien,1
492665,2017,south+african+premiership,29811761,90,,2,1.0,0.0,7082,t,f,f,,Andrea Fillecia,<b>Andrea Fillecia</b> - 90' <br>Goal,(90'),Shot by Andrea Fillecia,1
492665,2017,south+african+premiership,29811813,90, +4',2,1.0,0.0,7082,t,f,f,,Andrea Fillecia,<b>Andrea Fillecia</b> - 90'  +4'<br>Penalty - Scored,(90' +4' PEN),Shot by Andrea Fillecia,1
492666,2017,south+african+premiership,29750767,29,,1,0.0,1.0,7083,t,f,f,,Frank Mhango,<b>Frank Mhango</b> - 29' <br>Goal,(29'),Shot by Frank Mhango,1
492666,2017,south+african+premiership,29750891,42,,1,0.0,1.0,7083,t,f,f,,Lehlohonolo Majoro,<b>Lehlohonolo Majoro</b> - 42' <br>Penalty - Scored,(42' PEN),Shot by Lehlohonolo Majoro,1
492666,2017,south+african+premiership,29751266,61,,2,1.0,0.0,7077,f,f,f,,Knox Mutizwa,<b>Knox Mutizwa</b> - 61' <br>Penalty - Missed,"",Shot by Knox Mutizwa,1
492666,2017,south+african+premiership,29751598,75,,2,1.0,0.0,7077,t,f,f,,Limbikani Mzava,<b>Limbikani Mzava</b> - 75' <br>Penalty - Scored,(75' PEN),Shot by Limbikani Mzava,1
492667,2017,south+african+premiership,29764234,47,,2,1.0,0.0,7081,t,f,f,,Ryan Moon,<b>Ryan Moon</b> - 47' <br>Goal,(47'),Shot by Ryan Moon,1
492668,2017,south+african+premiership,29796498,4,,1,1.0,0.0,7084,t,f,f,,Percy Tau,<b>Percy Tau</b> - 4' <br>Goal,(4'),Shot by Percy Tau,1
492668,2017,south+african+premiership,29797059,53,,2,0.0,1.0,7097,t,f,f,,Siphelele Promise Mthembu,<b>Siphelele Promise Mthembu</b> - 53' <br>Goal,(53'),Shot by Siphelele Promise Mthembu,1
492670,2017,south+african+premiership,29920842,30,,1,0.0,1.0,7099,t,f,f,,Thabiso Semenya,<b>Thabiso Semenya</b> - 30' <br>Goal,(30'),Shot by Thabiso Semenya,1
492670,2017,south+african+premiership,29920843,38,,1,0.0,1.0,7071,t,t,f,,Patrick Tignyemb,<b>Patrick Tignyemb</b> - 38' <br>Own Goal,(38' OG),Shot by Patrick Tignyemb,1
492670,2017,south+african+premiership,29921532,38,,1,0.0,1.0,7099,t,f,f,,Marvin Sibusiso Sikhosana,<b>Marvin Sibusiso Sikhosana</b> - 38' <br>Goal,(38'),Shot by Marvin Sibusiso Sikhosana,1
492672,2017,south+african+premiership,29745883,41,,1,1.0,0.0,7082,t,f,f,,Bandile Shandu,<b>Bandile Shandu</b> - 41' <br>Goal,(41'),Shot by Bandile Shandu,1
492672,2017,south+african+premiership,29746239,90, +1',2,1.0,0.0,7082,t,f,f,,Siphesihle Ndlovu,<b>Siphesihle Ndlovu</b> - 90'  +1'<br>Goal,(90' +1'),Shot by Siphesihle Ndlovu,1
492673,2017,south+african+premiership,29660843,69,,2,1.0,0.0,7099,t,f,f,,Walter Tatenda Musona,<b>Walter Tatenda Musona</b> - 69' <br>Goal,(69'),Shot by Walter Tatenda Musona,1
492673,2017,south+african+premiership,29661051,81,,2,0.0,1.0,7099,t,t,f,,Sibusiso Mbonani,<b>Sibusiso Mbonani</b> - 81' <br>Own Goal,(81' OG),Shot by Sibusiso Mbonani,1
492673,2017,south+african+premiership,29668547,81,,2,0.0,1.0,7075,t,f,f,,Fagrie Lakay,<b>Fagrie Lakay</b> - 81' <br>Goal,(81'),Shot by Fagrie Lakay,1
492674,2017,south+african+premiership,29659711,27,,1,1.0,0.0,11913,t,f,f,,Mark Mayambela,<b>Mark Mayambela</b> - 27' <br>Goal,(27'),Shot by Mark Mayambela,1
492674,2017,south+african+premiership,29659956,42,,1,0.0,1.0,19136,t,f,f,,Riyaad Norodien,<b>Riyaad Norodien</b> - 42' <br>Goal,(42'),Shot by Riyaad Norodien,1
492674,2017,south+african+premiership,29661052,59,,2,1.0,0.0,11913,t,f,f,,Mark Mayambela,<b>Mark Mayambela</b> - 59' <br>Goal,(59'),Shot by Mark Mayambela,1
492674,2017,south+african+premiership,29660947,76,,2,0.0,1.0,19136,t,f,f,,Riyaad Norodien,<b>Riyaad Norodien</b> - 76' <br>Goal,(76'),Shot by Riyaad Norodien,1
492674,2017,south+african+premiership,29661088,84,,2,1.0,0.0,11913,t,f,f,,Andile Mbenyane,<b>Andile Mbenyane</b> - 84' <br>Goal,(84'),Shot by Andile Mbenyane,1
492674,2017,south+african+premiership,29661217,88,,2,0.0,1.0,19136,t,f,f,,Gerald Phiri Junior,<b>Gerald Phiri Junior</b> - 88' <br>Goal,(88'),Shot by Gerald Phiri Junior,1
492675,2017,south+african+premiership,29652326,51,,2,0.0,1.0,7077,t,f,f,,Knox Mutizwa,<b>Knox Mutizwa</b> - 51' <br>Goal,(51'),Shot by Knox Mutizwa,1
492675,2017,south+african+premiership,29652441,59,,2,1.0,0.0,7079,t,f,f,,Siyethemba Mnguni,<b>Siyethemba Mnguni</b> - 59' <br>Goal,(59'),Shot by Siyethemba Mnguni,1
492675,2017,south+african+premiership,29652468,63,,2,1.0,0.0,7079,t,f,f,,Siyethemba Mnguni,<b>Siyethemba Mnguni</b> - 63' <br>Goal,(63'),Shot by Siyethemba Mnguni,1
492676,2017,south+african+premiership,29651550,30,,1,1.0,0.0,7085,t,f,f,,Thabiso Kutumela,<b>Thabiso Kutumela</b> - 30' <br>Goal,(30'),Shot by Thabiso Kutumela,1
492676,2017,south+african+premiership,29652355,47,,2,1.0,0.0,7085,t,f,f,,Happy Jele,<b>Happy Jele</b> - 47' <br>Goal,(47'),Shot by Happy Jele,1
492676,2017,south+african+premiership,29652744,73,,2,0.0,1.0,7082,t,f,f,,Siyanda Xulu,<b>Siyanda Xulu</b> - 73' <br>Goal,(73'),Shot by Siyanda Xulu,1
492677,2017,south+african+premiership,29647640,40,,1,0.0,1.0,7081,t,f,f,,Ryan Moon,<b>Ryan Moon</b> - 40' <br>Goal,(40'),Shot by Ryan Moon,1
492677,2017,south+african+premiership,29650086,54,,2,1.0,0.0,7083,t,f,f,,Lehlohonolo Majoro,<b>Lehlohonolo Majoro</b> - 54' <br>Goal,(54'),Shot by Lehlohonolo Majoro,1
492678,2017,south+african+premiership,29634460,33,,1,1.0,0.0,7097,t,f,f,,Goodman Dlamini,<b>Goodman Dlamini</b> - 33' <br>Goal,(33'),Shot by Goodman Dlamini,1
492678,2017,south+african+premiership,29634882,67,,2,1.0,0.0,7097,t,f,f,,Siphelele Promise Mthembu,<b>Siphelele Promise Mthembu</b> - 67' <br>Goal,(67'),Shot by Siphelele Promise Mthembu,1
492679,2017,south+african+premiership,29634293,17,,1,0.0,1.0,7071,t,f,f,,Jacky Motshegwa,<b>Jacky Motshegwa</b> - 17' <br>Goal,(17'),Shot by Jacky Motshegwa,1
492679,2017,south+african+premiership,29634435,30,,1,1.0,0.0,7080,t,f,f,,Mogakolodi Ngele,<b>Mogakolodi Ngele</b> - 30' <br>Goal,(30'),Shot by Mogakolodi Ngele,1
492679,2017,south+african+premiership,29634495,38,,1,1.0,0.0,7080,t,f,f,,Evans Rusike,<b>Evans Rusike</b> - 38' <br>Goal,(38'),Shot by Evans Rusike,1
492679,2017,south+african+premiership,29634809,60,,2,0.0,1.0,7071,t,f,f,,Ndumiso Mabena,<b>Ndumiso Mabena</b> - 60' <br>Goal,(60'),Shot by Ndumiso Mabena,1
492679,2017,south+african+premiership,29635010,73,,2,1.0,0.0,7080,t,f,f,,Aubrey Modiba,<b>Aubrey Modiba</b> - 73' <br>Goal,(73'),Shot by Aubrey Modiba,1
492679,2017,south+african+premiership,29636150,83,,2,1.0,0.0,7080,t,f,f,,Teboho Mokoena,<b>Teboho Mokoena</b> - 83' <br>Goal,(83'),Shot by Teboho Mokoena,1
492680,2017,south+african+premiership,29629483,48,,2,0.0,1.0,7084,t,f,f,,Khama Billiat,<b>Khama Billiat</b> - 48' <br>Goal,(48'),Shot by Khama Billiat,1
492681,2017,south+african+premiership,29620624,12,,1,1.0,0.0,7075,t,f,f,,Nusa Lebusa,<b>Nusa Lebusa</b> - 12' <br>Goal,(12'),Shot by Nusa Lebusa,1
492681,2017,south+african+premiership,29620663,32,,1,1.0,0.0,7075,t,f,f,,Krahire Yannick Zakri,<b>Krahire Yannick Zakri</b> - 32' <br>Goal,(32'),Shot by Krahire Yannick Zakri,1
492681,2017,south+african+premiership,29620852,83,,2,1.0,0.0,7075,t,f,f,,Krahire Yannick Zakri,<b>Krahire Yannick Zakri</b> - 83' <br>Goal,(83'),Shot by Krahire Yannick Zakri,1
492682,2017,south+african+premiership,29606920,17,,1,0.0,1.0,18359,t,f,f,,Gift Motupa,<b>Gift Motupa</b> - 17' <br>Goal,(17'),Shot by Gift Motupa,1
492682,2017,south+african+premiership,29608089,42,,1,1.0,0.0,7077,t,f,f,,Danny Venter,<b>Danny Venter</b> - 42' <br>Goal,(42'),Shot by Danny Venter,1
492682,2017,south+african+premiership,29608992,68,,2,1.0,0.0,7077,t,f,f,,Knox Mutizwa,<b>Knox Mutizwa</b> - 68' <br>Goal,(68'),Shot by Knox Mutizwa,1
492682,2017,south+african+premiership,29609061,74,,2,0.0,1.0,18359,t,f,f,,Gift Motupa,<b>Gift Motupa</b> - 74' <br>Goal,(74'),Shot by Gift Motupa,1
492683,2017,south+african+premiership,29608135,40,,1,0.0,1.0,7071,t,t,f,,Mbhazima Rikhotso,<b>Mbhazima Rikhotso</b> - 40' <br>Own Goal,(40' OG),Shot by Mbhazima Rikhotso,1
492683,2017,south+african+premiership,29609052,75,,2,1.0,0.0,7071,t,f,f,,Ndumiso Mabena,<b>Ndumiso Mabena</b> - 75' <br>Goal,(75'),Shot by Ndumiso Mabena,1
492684,2017,south+african+premiership,29596319,21,,1,1.0,0.0,7080,t,f,f,,Dean Furman,<b>Dean Furman</b> - 21' <br>Penalty - Scored,(21' PEN),Shot by Dean Furman,1
492684,2017,south+african+premiership,29599603,48,,2,0.0,1.0,7083,t,f,f,,Frank Mhango,<b>Frank Mhango</b> - 48' <br>Goal,(48'),Shot by Frank Mhango,1
492684,2017,south+african+premiership,29599805,53,,2,0.0,1.0,7083,t,f,f,,James Keene,<b>James Keene</b> - 53' <br>Goal,(53'),Shot by James Keene,1
492684,2017,south+african+premiership,29600020,64,,2,0.0,1.0,7083,t,f,f,,Daylon Claasen,<b>Daylon Claasen</b> - 64' <br>Goal,(64'),Shot by Daylon Claasen,1
492684,2017,south+african+premiership,29600222,86,,2,0.0,1.0,7083,t,f,f,,Thulani Hlatshwayo,<b>Thulani Hlatshwayo</b> - 86' <br>Goal,(86'),Shot by Thulani Hlatshwayo,1
492687,2017,south+african+premiership,29589283,28,,1,0.0,1.0,7085,t,f,f,,Justin Shonga,<b>Justin Shonga</b> - 28' <br>Goal,(28'),Shot by Justin Shonga,1
492687,2017,south+african+premiership,29590182,73,,2,0.0,1.0,7085,t,f,f,,Thembinkosi Lorch,<b>Thembinkosi Lorch</b> - 73' <br>Goal,(73'),Shot by Thembinkosi Lorch,1
492688,2017,south+african+premiership,29584251,27,,1,0.0,1.0,11913,f,f,f,,James Okwuosa,<b>James Okwuosa</b> - 27' <br>Penalty - Missed,"",Shot by James Okwuosa,1
492688,2017,south+african+premiership,29584509,64,,2,1.0,0.0,7082,t,f,f,,Evans Rusike,<b>Evans Rusike</b> - 64' <br>Goal,(64'),Shot by Evans Rusike,1
492688,2017,south+african+premiership,29584542,73,,2,0.0,1.0,11913,t,f,f,,Mxolisi Macuphu,<b>Mxolisi Macuphu</b> - 73' <br>Goal,(73'),Shot by Mxolisi Macuphu,1
492691,2017,south+african+premiership,29564881,30,,1,1.0,0.0,18359,t,f,f,,Lucky Nguzana,<b>Lucky Nguzana</b> - 30' <br>Goal,(30'),Shot by Lucky Nguzana,1
492691,2017,south+african+premiership,29565366,47,,2,0.0,1.0,7081,t,f,f,,Ryan Moon,<b>Ryan Moon</b> - 47' <br>Goal,(47'),Shot by Ryan Moon,1
492691,2017,south+african+premiership,29566041,84,,2,0.0,1.0,7081,t,f,f,,Leonardo Castro,<b>Leonardo Castro</b> - 84' <br>Goal,(84'),Shot by Leonardo Castro,1
492692,2017,south+african+premiership,29558467,18,,1,0.0,1.0,7099,t,f,f,,Dominic Chungwa,<b>Dominic Chungwa</b> - 18' <br>Goal,(18'),Shot by Dominic Chungwa,1
492692,2017,south+african+premiership,29560461,87,,2,1.0,0.0,7085,t,f,f,,Lyle Foster,<b>Lyle Foster</b> - 87' <br>Goal,(87'),Shot by Lyle Foster,1
492693,2017,south+african+premiership,29558285,12,,1,1.0,0.0,7079,t,f,f,,Siyabonga Nomvethe,<b>Siyabonga Nomvethe</b> - 12' <br>Goal,(12'),Shot by Siyabonga Nomvethe,1
492693,2017,south+african+premiership,29558971,45,,1,1.0,0.0,7079,t,f,f,,Ovidy Karuru,<b>Ovidy Karuru</b> - 45' <br>Goal,(45'),Shot by Ovidy Karuru,1
492693,2017,south+african+premiership,29559771,62,,2,0.0,1.0,7080,f,f,f,,Aubrey Modiba,<b>Aubrey Modiba</b> - 62' <br>Penalty - Missed,"",Shot by Aubrey Modiba,1
492694,2017,south+african+premiership,29552381,23,,1,1.0,0.0,7084,t,f,f,,Sibusiso Vilakazi,<b>Sibusiso Vilakazi</b> - 23' <br>Goal,(23'),Shot by Sibusiso Vilakazi,1
492694,2017,south+african+premiership,29553546,34,,1,1.0,0.0,7084,t,f,f,,Khama Billiat,<b>Khama Billiat</b> - 34' <br>Goal,(34'),Shot by Khama Billiat,1
492694,2017,south+african+premiership,29554380,37,,1,1.0,0.0,7084,t,f,f,,Khama Billiat,<b>Khama Billiat</b> - 37' <br>Goal,(37'),Shot by Khama Billiat,1
492695,2017,south+african+premiership,29543209,46,,2,0.0,1.0,7082,t,f,f,,Andrea Fillecia,<b>Andrea Fillecia</b> - 46' <br>Goal,(46'),Shot by Andrea Fillecia,1
492695,2017,south+african+premiership,29543392,59,,2,0.0,1.0,7082,t,f,f,,Evans Rusike,<b>Evans Rusike</b> - 59' <br>Goal,(59'),Shot by Evans Rusike,1
492695,2017,south+african+premiership,29545549,87,,2,0.0,1.0,7082,t,f,f,,Bandile Shandu,<b>Bandile Shandu</b> - 87' <br>Goal,(87'),Shot by Bandile Shandu,1
492696,2017,south+african+premiership,29543479,52,,2,1.0,0.0,7100,t,f,f,,Craig Martin,<b>Craig Martin</b> - 52' <br>Goal,(52'),Shot by Craig Martin,1
492697,2017,south+african+premiership,29539317,31,,1,1.0,0.0,7083,t,f,f,,James Keene,<b>James Keene</b> - 31' <br>Penalty - Scored,(31' PEN),Shot by James Keene,1
492698,2017,south+african+premiership,29524571,8,,1,1.0,0.0,18359,t,f,f,,Mduduzi Mdatsene,<b>Mduduzi Mdatsene</b> - 8' <br>Goal,(8'),Shot by Mduduzi Mdatsene,1
492698,2017,south+african+premiership,29525400,79,,2,1.0,0.0,18359,t,f,f,,Gift Motupa,<b>Gift Motupa</b> - 79' <br>Goal,(79'),Shot by Gift Motupa,1
492699,2017,south+african+premiership,29525441,81,,2,1.0,0.0,7077,t,f,f,,Kudakwashe Mahachi,<b>Kudakwashe Mahachi</b> - 81' <br>Goal,(81'),Shot by Kudakwashe Mahachi,1
492700,2017,south+african+premiership,29520066,22,,1,0.0,1.0,7099,t,f,f,,Walter Tatenda Musona,<b>Walter Tatenda Musona</b> - 22' <br>Goal,(22'),Shot by Walter Tatenda Musona,1
492700,2017,south+african+premiership,29520181,31,,1,1.0,0.0,7081,t,f,f,,Ryan Moon,<b>Ryan Moon</b> - 31' <br>Goal,(31'),Shot by Ryan Moon,1
492700,2017,south+african+premiership,29521213,65,,2,1.0,0.0,7081,t,f,f,,Dumisani Zuma,<b>Dumisani Zuma</b> - 65' <br>Goal,(65'),Shot by Dumisani Zuma,1
492701,2017,south+african+premiership,29520540,45, +1',1,1.0,0.0,7097,t,f,f,,Harris Tchilimbou,<b>Harris Tchilimbou</b> - 45'  +1'<br>Goal,(45' +1'),Shot by Harris Tchilimbou,1
492702,2017,south+african+premiership,29524671,22,,1,0.0,1.0,7083,t,f,f,,Maliele Pule,<b>Maliele Pule</b> - 22' <br>Goal,(22'),Shot by Maliele Pule,1
492702,2017,south+african+premiership,29525430,80,,2,1.0,0.0,11913,t,f,f,,Kristopher Charles Bergman,<b>Kristopher Charles Bergman</b> - 80' <br>Goal,(80'),Shot by Kristopher Charles Bergman,1
492703,2017,south+african+premiership,29504764,2,,1,0.0,1.0,7085,t,f,f,,Ntsikelelo Nyauza,<b>Ntsikelelo Nyauza</b> - 2' <br>Goal,(2'),Shot by Ntsikelelo Nyauza,1
492703,2017,south+african+premiership,29504870,17,,1,0.0,1.0,7085,t,f,f,,Mpho Makola,<b>Mpho Makola</b> - 17' <br>Goal,(17'),Shot by Mpho Makola,1
492703,2017,south+african+premiership,29504982,38,,1,1.0,0.0,7084,t,f,f,,Percy Tau,<b>Percy Tau</b> - 38' <br>Goal,(38'),Shot by Percy Tau,1
492703,2017,south+african+premiership,29507074,83,,2,0.0,1.0,7085,t,f,f,,Luvuyo Memela,<b>Luvuyo Memela</b> - 83' <br>Goal,(83'),Shot by Luvuyo Memela,1
492704,2017,south+african+premiership,29501684,38,,1,1.0,0.0,7082,t,f,f,,Pogiso Sanoka,<b>Pogiso Sanoka</b> - 38' <br>Goal,(38'),Shot by Pogiso Sanoka,1
492704,2017,south+african+premiership,29501691,47,,2,1.0,0.0,7082,t,f,f,,Mohau Mokate,<b>Mohau Mokate</b> - 47' <br>Goal,(47'),Shot by Mohau Mokate,1
492704,2017,south+african+premiership,29501730,76,,2,1.0,0.0,7082,t,f,f,,Andrea Fillecia,<b>Andrea Fillecia</b> - 76' <br>Goal,(76'),Shot by Andrea Fillecia,1
492704,2017,south+african+premiership,29501766,88,,2,1.0,0.0,7082,t,f,f,,Evans Rusike,<b>Evans Rusike</b> - 88' <br>Goal,(88'),Shot by Evans Rusike,1
492705,2017,south+african+premiership,29501685,40,,1,0.0,1.0,19136,t,f,f,,Zama Ashley Rambuwane,<b>Zama Ashley Rambuwane</b> - 40' <br>Goal,(40'),Shot by Zama Ashley Rambuwane,1
492705,2017,south+african+premiership,29501713,73,,2,1.0,0.0,7075,t,f,f,,Repo Malepe,<b>Repo Malepe</b> - 73' <br>Goal,(73'),Shot by Repo Malepe,1
492705,2017,south+african+premiership,29501744,82,,2,1.0,0.0,7075,t,f,f,,Tashreeq Morris,<b>Tashreeq Morris</b> - 82' <br>Goal,(82'),Shot by Tashreeq Morris,1
492705,2017,south+african+premiership,29501896,90, +2',2,1.0,0.0,7075,t,f,f,,Tendai Ndoro,<b>Tendai Ndoro</b> - 90'  +2'<br>Goal,(90' +2'),Shot by Tendai Ndoro,1
492706,2017,south+african+premiership,29488591,52,,2,0.0,1.0,11913,t,f,f,,Onassis Mntambo,<b>Onassis Mntambo</b> - 52' <br>Goal,(52'),Shot by Onassis Mntambo,1
492706,2017,south+african+premiership,29488730,62,,2,0.0,1.0,11913,t,f,f,,Onassis Mntambo,<b>Onassis Mntambo</b> - 62' <br>Goal,(62'),Shot by Onassis Mntambo,1
492707,2017,south+african+premiership,29488066,29,,1,1.0,0.0,7071,t,f,f,,Victor Letsoalo,<b>Victor Letsoalo</b> - 29' <br>Goal,(29'),Shot by Victor Letsoalo,1
492707,2017,south+african+premiership,29488182,45, +2',1,1.0,0.0,7071,t,f,f,,Deon Hotto,<b>Deon Hotto</b> - 45'  +2'<br>Goal,(45' +2'),Shot by Deon Hotto,1
492707,2017,south+african+premiership,29488819,69,,2,0.0,1.0,7077,t,f,f,,Thomas Chideu,<b>Thomas Chideu</b> - 69' <br>Goal,(69'),Shot by Thomas Chideu,1
492708,2017,south+african+premiership,29483475,6,,1,1.0,0.0,7085,t,f,f,,Musa Nyatama,<b>Musa Nyatama</b> - 6' <br>Goal,(6'),Shot by Musa Nyatama,1
492708,2017,south+african+premiership,29483520,19,,1,1.0,0.0,7085,t,f,f,,Luvuyo Memela,<b>Luvuyo Memela</b> - 19' <br>Goal,(19'),Shot by Luvuyo Memela,1
492708,2017,south+african+premiership,29483603,28,,1,1.0,0.0,7085,t,f,f,,Luvuyo Memela,<b>Luvuyo Memela</b> - 28' <br>Goal,(28'),Shot by Luvuyo Memela,1
492708,2017,south+african+premiership,29483622,30,,1,0.0,1.0,18359,t,f,f,,Mduduzi Mdatsene,<b>Mduduzi Mdatsene</b> - 30' <br>Penalty - Scored,(30' PEN),Shot by Mduduzi Mdatsene,1
492709,2017,south+african+premiership,29484038,82,,2,0.0,1.0,7100,t,f,f,,Roland Putsche,<b>Roland Putsche</b> - 82' <br>Goal,(82'),Shot by Roland Putsche,1
492711,2017,south+african+premiership,29474174,3,,1,0.0,1.0,7084,t,f,f,,George Lebese,<b>George Lebese</b> - 3' <br>Goal,(3'),Shot by George Lebese,1
492711,2017,south+african+premiership,29475297,58,,2,1.0,0.0,7099,t,f,f,,Sammy Seabi,<b>Sammy Seabi</b> - 58' <br>Goal,(58'),Shot by Sammy Seabi,1
492711,2017,south+african+premiership,29475327,59,,2,1.0,0.0,7099,t,f,f,,Walter Tatenda Musona,<b>Walter Tatenda Musona</b> - 59' <br>Goal,(59'),Shot by Walter Tatenda Musona,1
492711,2017,south+african+premiership,29475348,65,,2,0.0,1.0,7084,t,f,f,,Oupa Manyisa,<b>Oupa Manyisa</b> - 65' <br>Goal,(65'),Shot by Oupa Manyisa,1
492711,2017,south+african+premiership,29476046,80,,2,1.0,0.0,7099,t,f,f,,Rodney Ramagalela,<b>Rodney Ramagalela</b> - 80' <br>Goal,(80'),Shot by Rodney Ramagalela,1
492712,2017,south+african+premiership,29472029,6,,1,1.0,0.0,7075,t,f,f,,Tashreeq Morris,<b>Tashreeq Morris</b> - 6' <br>Goal,(6'),Shot by Tashreeq Morris,1
492712,2017,south+african+premiership,29472134,46,,2,0.0,1.0,7082,t,f,f,,Deolin Mekoa,<b>Deolin Mekoa</b> - 46' <br>Goal,(46'),Shot by Deolin Mekoa,1
492712,2017,south+african+premiership,29472138,70,,2,0.0,1.0,7082,t,f,f,,Siyanda Xulu,<b>Siyanda Xulu</b> - 70' <br>Goal,(70'),Shot by Siyanda Xulu,1
492713,2017,south+african+premiership,29472085,33,,1,0.0,1.0,7097,t,f,f,,Thamsanqa Teyise,<b>Thamsanqa Teyise</b> - 33' <br>Goal,(33'),Shot by Thamsanqa Teyise,1
492714,2017,south+african+premiership,29378532,15,,1,1.0,0.0,7071,t,f,f,,Victor Letsoalo,<b>Victor Letsoalo</b> - 15' <br>Goal,(15'),Shot by Victor Letsoalo,1
492714,2017,south+african+premiership,29378988,75,,2,0.0,1.0,7080,t,f,f,,Darren Smith,<b>Darren Smith</b> - 75' <br>Goal,(75'),Shot by Darren Smith,1
492715,2017,south+african+premiership,29375515,28,,1,0.0,1.0,7100,t,f,f,,Nana Dwomoh Akosah-Bempah,<b>Nana Dwomoh Akosah-Bempah</b> - 28' <br>Goal,(28'),Shot by Nana Dwomoh Akosah-Bempah,1
492717,2017,south+african+premiership,29367781,31,,1,1.0,0.0,18359,t,f,f,,Lucky Nguzana,<b>Lucky Nguzana</b> - 31' <br>Goal,(31'),Shot by Lucky Nguzana,1
492717,2017,south+african+premiership,29368521,52,,2,0.0,1.0,7080,t,f,f,,Azubuike Egwuekwe,<b>Azubuike Egwuekwe</b> - 52' <br>Goal,(52'),Shot by Azubuike Egwuekwe,1
492717,2017,south+african+premiership,29368914,72,,2,1.0,0.0,18359,t,f,f,,Letladi Madubanya,<b>Letladi Madubanya</b> - 72' <br>Goal,(72'),Shot by Letladi Madubanya,1
492717,2017,south+african+premiership,29369596,90, +1',2,1.0,0.0,18359,t,f,f,,Mduduzi Mdatsene,<b>Mduduzi Mdatsene</b> - 90'  +1'<br>Goal,(90' +1'),Shot by Mduduzi Mdatsene,1
492718,2017,south+african+premiership,29364811,85,,2,1.0,0.0,7081,t,f,f,,Dumisani Zuma,<b>Dumisani Zuma</b> - 85' <br>Goal,(85'),Shot by Dumisani Zuma,1
492719,2017,south+african+premiership,29363178,18,,1,0.0,1.0,19136,t,f,f,,Robert Ng'ambi,<b>Robert Ng'ambi</b> - 18' <br>Goal,(18'),Shot by Robert Ng'ambi,1
492720,2017,south+african+premiership,29361683,55,,2,1.0,0.0,7085,t,t,f,,Abbubaker Mobara,<b>Abbubaker Mobara</b> - 55' <br>Own Goal,(55' OG),Shot by Abbubaker Mobara,1
492720,2017,south+african+premiership,29361760,60,,2,0.0,1.0,7085,t,f,f,,Thabiso Kutumela,<b>Thabiso Kutumela</b> - 60' <br>Goal,(60'),Shot by Thabiso Kutumela,1
492720,2017,south+african+premiership,29362373,84,,2,1.0,0.0,7097,t,f,f,,Sinethemba Jantjie,<b>Sinethemba Jantjie</b> - 84' <br>Goal,(84'),Shot by Sinethemba Jantjie,1
492721,2017,south+african+premiership,29346981,47,,2,1.0,0.0,7084,t,f,f,,Thokozani Putu Sekotlong,<b>Thokozani Putu Sekotlong</b> - 47' <br>Goal,(47'),Shot by Thokozani Putu Sekotlong,1
492721,2017,south+african+premiership,29347090,53,,2,1.0,0.0,7084,t,f,f,,Samuel Mabunda,<b>Samuel Mabunda</b> - 53' <br>Goal,(53'),Shot by Samuel Mabunda,1
492721,2017,south+african+premiership,29347223,62,,2,0.0,1.0,7071,t,f,f,,Ronald Pfumbidzai,<b>Ronald Pfumbidzai</b> - 62' <br>Goal,(62'),Shot by Ronald Pfumbidzai,1
492721,2017,south+african+premiership,29347626,75,,2,1.0,0.0,7084,t,f,f,,Percy Tau,<b>Percy Tau</b> - 75' <br>Goal,(75'),Shot by Percy Tau,1
492721,2017,south+african+premiership,29349338,88,,2,1.0,0.0,7084,t,f,f,,Themba Zwane,<b>Themba Zwane</b> - 88' <br>Goal,(88'),Shot by Themba Zwane,1
492722,2017,south+african+premiership,29349104,86,,2,1.0,0.0,11913,t,f,f,,Phetso Bennett Maphanga,<b>Phetso Bennett Maphanga</b> - 86' <br>Penalty - Scored,(86' PEN),Shot by Phetso Bennett Maphanga,1
492722,2017,south+african+premiership,29363477,86,,2,0.0,1.0,7099,t,f,f,,Rodney Ramagalela,<b>Rodney Ramagalela</b> - 86' <br>Penalty - Scored,(86' PEN),Shot by Rodney Ramagalela,1
492723,2017,south+african+premiership,29343093,84,,2,1.0,0.0,7100,t,f,f,,Roland Putsche,<b>Roland Putsche</b> - 84' <br>Goal,(84'),Shot by Roland Putsche,1
492724,2017,south+african+premiership,29334741,64,,2,1.0,0.0,7084,t,f,f,,Percy Tau,<b>Percy Tau</b> - 64' <br>Goal,(64'),Shot by Percy Tau,1
492725,2017,south+african+premiership,29334417,25,,1,1.0,0.0,7097,t,f,f,,Siphelele Promise Mthembu,<b>Siphelele Promise Mthembu</b> - 25' <br>Goal,(25'),Shot by Siphelele Promise Mthembu,1
492726,2017,south+african+premiership,29318971,30,,1,1.0,0.0,7071,t,f,f,,Victor Letsoalo,<b>Victor Letsoalo</b> - 30' <br>Goal,(30'),Shot by Victor Letsoalo,1
492726,2017,south+african+premiership,29319895,57,,2,1.0,0.0,7071,t,f,f,,Lucky Baloyi,<b>Lucky Baloyi</b> - 57' <br>Goal,(57'),Shot by Lucky Baloyi,1
492726,2017,south+african+premiership,29319977,65,,2,1.0,0.0,7071,t,f,f,,Victor Letsoalo,<b>Victor Letsoalo</b> - 65' <br>Goal,(65'),Shot by Victor Letsoalo,1
492727,2017,south+african+premiership,29318644,6,,1,0.0,1.0,7084,t,f,f,,Soumahoro Bangaly,<b>Soumahoro Bangaly</b> - 6' <br>Goal,(6'),Shot by Soumahoro Bangaly,1
492728,2017,south+african+premiership,29312089,23,,1,0.0,1.0,7085,t,t,f,,Ntsikelelo Nyauza,<b>Ntsikelelo Nyauza</b> - 23' <br>Own Goal,(23' OG),Shot by Ntsikelelo Nyauza,1
492728,2017,south+african+premiership,29312355,34,,1,1.0,0.0,7085,t,f,f,,Ntsikelelo Nyauza,<b>Ntsikelelo Nyauza</b> - 34' <br>Goal,(34'),Shot by Ntsikelelo Nyauza,1
492729,2017,south+african+premiership,29312117,27,,1,1.0,0.0,7075,t,f,f,,Thabo Mosadi,<b>Thabo Mosadi</b> - 27' <br>Goal,(27'),Shot by Thabo Mosadi,1
492730,2017,south+african+premiership,29311032,72,,2,0.0,1.0,7081,t,f,f,,Siphiwe Tshabalala,<b>Siphiwe Tshabalala</b> - 72' <br>Goal,(72'),Shot by Siphiwe Tshabalala,1
492731,2017,south+african+premiership,29296430,51,,2,1.0,0.0,7099,t,f,f,,Rodney Ramagalela,<b>Rodney Ramagalela</b> - 51' <br>Goal,(51'),Shot by Rodney Ramagalela,1
492731,2017,south+african+premiership,29298891,90,,2,0.0,1.0,7083,t,f,f,,Eleazar Rodgers,<b>Eleazar Rodgers</b> - 90' <br>Goal,(90'),Shot by Eleazar Rodgers,1
492732,2017,south+african+premiership,29296093,43,,1,0.0,1.0,7100,t,f,f,,Aubrey Ngoma,<b>Aubrey Ngoma</b> - 43' <br>Goal,(43'),Shot by Aubrey Ngoma,1
492732,2017,south+african+premiership,29299342,90, +5',2,1.0,0.0,7080,t,f,f,,Azubuike Egwuekwe,<b>Azubuike Egwuekwe</b> - 90'  +5'<br>Goal,(90' +5'),Shot by Azubuike Egwuekwe,1
492733,2017,south+african+premiership,29291315,31,,1,1.0,0.0,7082,t,f,f,,Evans Rusike,<b>Evans Rusike</b> - 31' <br>Goal,(31'),Shot by Evans Rusike,1
492733,2017,south+african+premiership,29291495,53,,2,1.0,0.0,7082,t,f,f,,Evans Rusike,<b>Evans Rusike</b> - 53' <br>Goal,(53'),Shot by Evans Rusike,1
492733,2017,south+african+premiership,29291578,66,,2,1.0,0.0,7082,t,f,f,,Siphesihle Ndlovu,<b>Siphesihle Ndlovu</b> - 66' <br>Goal,(66'),Shot by Siphesihle Ndlovu,1
492736,2017,south+african+premiership,29278645,48,,2,1.0,0.0,7097,t,f,f,,Goodman Dlamini,<b>Goodman Dlamini</b> - 48' <br>Goal,(48'),Shot by Goodman Dlamini,1
492736,2017,south+african+premiership,29278663,57,,2,1.0,0.0,7097,t,f,f,,Sinethemba Jantjie,<b>Sinethemba Jantjie</b> - 57' <br>Goal,(57'),Shot by Sinethemba Jantjie,1
492736,2017,south+african+premiership,29278667,59,,2,0.0,1.0,7077,t,f,f,,Siphelele Magubane,<b>Siphelele Magubane</b> - 59' <br>Goal,(59'),Shot by Siphelele Magubane,1
492737,2017,south+african+premiership,29278692,5,,1,1.0,0.0,11913,t,f,f,,Abel Mabaso,<b>Abel Mabaso</b> - 5' <br>Goal,(5'),Shot by Abel Mabaso,1
492738,2017,south+african+premiership,29278804,47,,2,0.0,1.0,19136,t,f,f,,Bonginkosi Ntuli,<b>Bonginkosi Ntuli</b> - 47' <br>Goal,(47'),Shot by Bonginkosi Ntuli,1
492739,2017,south+african+premiership,29275587,3,,1,1.0,0.0,7084,t,f,f,,Motjeka Madisha,<b>Motjeka Madisha</b> - 3' <br>Penalty - Scored,(3' PEN),Shot by Motjeka Madisha,1
492739,2017,south+african+premiership,29275591,26,,1,1.0,0.0,7084,t,f,f,,Themba Zwane,<b>Themba Zwane</b> - 26' <br>Goal,(26'),Shot by Themba Zwane,1
492739,2017,south+african+premiership,29275603,47,,2,1.0,0.0,7084,t,f,f,,Percy Tau,<b>Percy Tau</b> - 47' <br>Goal,(47'),Shot by Percy Tau,1
492739,2017,south+african+premiership,29275614,71,,2,1.0,0.0,7084,t,f,f,,Percy Tau,<b>Percy Tau</b> - 71' <br>Goal,(71'),Shot by Percy Tau,1
492740,2017,south+african+premiership,29275588,17,,1,1.0,0.0,7100,t,f,f,,Sibusiso Masina,<b>Sibusiso Masina</b> - 17' <br>Goal,(17'),Shot by Sibusiso Masina,1
492740,2017,south+african+premiership,29275607,54,,2,0.0,1.0,7082,t,f,f,,Pogiso Sanoka,<b>Pogiso Sanoka</b> - 54' <br>Goal,(54'),Shot by Pogiso Sanoka,1
492740,2017,south+african+premiership,29275611,64,,2,0.0,1.0,7082,t,f,f,,Mohau Mokate,<b>Mohau Mokate</b> - 64' <br>Goal,(64'),Shot by Mohau Mokate,1
492740,2017,south+african+premiership,29275612,68,,2,0.0,1.0,7082,t,f,f,,Mohau Mokate,<b>Mohau Mokate</b> - 68' <br>Goal,(68'),Shot by Mohau Mokate,1
492740,2017,south+african+premiership,29275628,87,,2,0.0,1.0,7100,t,t,f,,Robyn Johannes,<b>Robyn Johannes</b> - 87' <br>Own Goal,(87' OG),Shot by Robyn Johannes,1
492740,2017,south+african+premiership,29275629,87,,2,1.0,0.0,7082,t,t,f,,Bevan Fransman,<b>Bevan Fransman</b> - 87' <br>Own Goal,(87' OG),Shot by Bevan Fransman,1
492740,2017,south+african+premiership,29275632,90, +3',2,0.0,1.0,7082,t,f,f,,Siphesihle Ndlovu,<b>Siphesihle Ndlovu</b> - 90'  +3'<br>Goal,(90' +3'),Shot by Siphesihle Ndlovu,1
492742,2017,south+african+premiership,29206017,62,,2,0.0,1.0,7085,t,f,f,,Musa Nyatama,<b>Musa Nyatama</b> - 62' <br>Goal,(62'),Shot by Musa Nyatama,1
492743,2017,south+african+premiership,29204882,35,,1,0.0,1.0,19136,t,f,f,,Katlego Otladisa,<b>Katlego Otladisa</b> - 35' <br>Goal,(35'),Shot by Katlego Otladisa,1
492743,2017,south+african+premiership,29205906,58,,2,1.0,0.0,18359,t,f,f,,Rudolph Mpho Kgaswane,<b>Rudolph Mpho Kgaswane</b> - 58' <br>Goal,(58'),Shot by Rudolph Mpho Kgaswane,1
492743,2017,south+african+premiership,29206481,87,,2,0.0,1.0,19136,t,f,f,,Robert Ng'ambi,<b>Robert Ng'ambi</b> - 87' <br>Goal,(87'),Shot by Robert Ng'ambi,1
492743,2017,south+african+premiership,29206545,88,,2,1.0,0.0,18359,t,f,f,,Robin Ngalande,<b>Robin Ngalande</b> - 88' <br>Goal,(88'),Shot by Robin Ngalande,1
492744,2017,south+african+premiership,29196743,51,,2,1.0,0.0,7075,t,f,f,,Bantu Mzwakali,<b>Bantu Mzwakali</b> - 51' <br>Goal,(51'),Shot by Bantu Mzwakali,1
492744,2017,south+african+premiership,29196861,57,,2,1.0,0.0,7075,t,f,f,,Tashreeq Morris,<b>Tashreeq Morris</b> - 57' <br>Goal,(57'),Shot by Tashreeq Morris,1
492744,2017,south+african+premiership,29197672,90,,2,0.0,1.0,7079,t,f,f,,Mhlengi Cele,<b>Mhlengi Cele</b> - 90' <br>Goal,(90'),Shot by Mhlengi Cele,1
492744,2017,south+african+premiership,29197929,90, +5',2,0.0,1.0,7079,t,f,f,,Mabhuti Khenyeza,<b>Mabhuti Khenyeza</b> - 90'  +5'<br>Goal,(90' +5'),Shot by Mabhuti Khenyeza,1
492745,2017,south+african+premiership,29196001,38,,1,1.0,0.0,7077,t,f,f,,Siphelele Magubane,<b>Siphelele Magubane</b> - 38' <br>Goal,(38'),Shot by Siphelele Magubane,1
492745,2017,south+african+premiership,29197156,68,,2,1.0,0.0,7077,t,f,f,,Jabulani Shongwe,<b>Jabulani Shongwe</b> - 68' <br>Goal,(68'),Shot by Jabulani Shongwe,1
492745,2017,south+african+premiership,29197451,79,,2,0.0,1.0,7100,t,f,f,,Ayanda Patosi,<b>Ayanda Patosi</b> - 79' <br>Penalty - Scored,(79' PEN),Shot by Ayanda Patosi,1
492745,2017,south+african+premiership,29197708,89,,2,0.0,1.0,7100,t,f,f,,Thabo Nodada,<b>Thabo Nodada</b> - 89' <br>Goal,(89'),Shot by Thabo Nodada,1
492746,2017,south+african+premiership,29194426,64,,2,0.0,1.0,7097,t,f,f,,Nhlanhla Vilakazi,<b>Nhlanhla Vilakazi</b> - 64' <br>Goal,(64'),Shot by Nhlanhla Vilakazi,1
492746,2017,south+african+premiership,29195788,64,,2,0.0,1.0,7097,t,f,f,,Nhlanhla Vilakazi,<b>Nhlanhla Vilakazi</b> - 64' <br>Goal,(64'),Shot by Nhlanhla Vilakazi,1
492746,2017,south+african+premiership,29223499,64,,2,0.0,1.0,7081,t,t,f,,Daniel Cardoso,<b>Daniel Cardoso</b> - 64' <br>Own Goal,(64' OG),Shot by Daniel Cardoso,1
492746,2017,south+african+premiership,29194898,65,,2,0.0,1.0,7081,t,t,f,,Daniel Cardoso,<b>Daniel Cardoso</b> - 65' <br>Own Goal,(65' OG),Shot by Daniel Cardoso,1
492746,2017,south+african+premiership,29194461,68,,2,1.0,0.0,7081,t,f,f,,Bernard Parker,<b>Bernard Parker</b> - 68' <br>Goal,(68'),Shot by Bernard Parker,1
492748,2017,south+african+premiership,29573528,30,,1,1.0,0.0,7080,t,f,f,,Morgan Gould,<b>Morgan Gould</b> - 30' <br>Goal,(30'),Shot by Morgan Gould,1
492748,2017,south+african+premiership,29573900,90, +4',2,0.0,1.0,7099,t,f,f,,Puleng Tlolane,<b>Puleng Tlolane</b> - 90'  +4'<br>Goal,(90' +4'),Shot by Puleng Tlolane,1
492750,2017,south+african+premiership,29223815,25,,1,1.0,0.0,7080,t,f,f,,Aubrey Modiba,<b>Aubrey Modiba</b> - 25' <br>Goal,(25'),Shot by Aubrey Modiba,1
492751,2017,south+african+premiership,29145714,55,,2,0.0,1.0,18359,t,f,f,,Robin Ngalande,<b>Robin Ngalande</b> - 55' <br>Goal,(55'),Shot by Robin Ngalande,1
492751,2017,south+african+premiership,29145846,69,,2,1.0,0.0,7100,t,f,f,,Craig Martin,<b>Craig Martin</b> - 69' <br>Goal,(69'),Shot by Craig Martin,1
492752,2017,south+african+premiership,29159262,84,,2,1.0,0.0,7097,t,f,f,,Edward Manqele,<b>Edward Manqele</b> - 84' <br>Goal,(84'),Shot by Edward Manqele,1
492752,2017,south+african+premiership,29159206,87,,2,0.0,1.0,11913,t,f,f,,James Okwuosa,<b>James Okwuosa</b> - 87' <br>Goal,(87'),Shot by James Okwuosa,1
492753,2017,south+african+premiership,29159482,54,,2,1.0,0.0,7079,f,f,f,,Rhulani Manzini,<b>Rhulani Manzini</b> - 54' <br>Penalty - Missed,"",Shot by Rhulani Manzini,1
492756,2017,south+african+premiership,29146362,62,,2,0.0,1.0,7084,t,f,f,,Khama Billiat,<b>Khama Billiat</b> - 62' <br>Goal,(62'),Shot by Khama Billiat,1
492756,2017,south+african+premiership,29146377,82,,2,0.0,1.0,7084,t,f,f,,Khama Billiat,<b>Khama Billiat</b> - 82' <br>Goal,(82'),Shot by Khama Billiat,1
492758,2017,south+african+premiership,29002618,52,,2,0.0,1.0,19136,t,f,f,,Vuyo Mere,<b>Vuyo Mere</b> - 52' <br>Goal,(52'),Shot by Vuyo Mere,1
492759,2017,south+african+premiership,29002251,31,,1,1.0,0.0,7079,t,f,f,,Boalefa Marvin Pule,<b>Boalefa Marvin Pule</b> - 31' <br>Penalty - Scored,(31' PEN),Shot by Boalefa Marvin Pule,1
492759,2017,south+african+premiership,29002252,31,,1,0.0,1.0,18359,t,f,f,,Gift Motupa,<b>Gift Motupa</b> - 31' <br>Penalty - Scored,(31' PEN),Shot by Gift Motupa,1
492759,2017,south+african+premiership,29002258,34,,1,1.0,0.0,7079,t,f,f,,Rhulani Manzini,<b>Rhulani Manzini</b> - 34' <br>Goal,(34'),Shot by Rhulani Manzini,1
492760,2017,south+african+premiership,29003026,77,,2,0.0,1.0,11913,t,f,f,,Samuel Julies,<b>Samuel Julies</b> - 77' <br>Goal,(77'),Shot by Samuel Julies,1
492760,2017,south+african+premiership,29003034,85,,2,0.0,1.0,11913,t,f,f,,Samuel Julies,<b>Samuel Julies</b> - 85' <br>Goal,(85'),Shot by Samuel Julies,1
492761,2017,south+african+premiership,29003037,86,,2,1.0,0.0,7100,t,f,f,,Taariq Fielies,<b>Taariq Fielies</b> - 86' <br>Goal,(86'),Shot by Taariq Fielies,1
492762,2017,south+african+premiership,29002008,1,,1,0.0,1.0,7084,t,f,f,,Hlompho Kekana,<b>Hlompho Kekana</b> - 1' <br>Goal,(1'),Shot by Hlompho Kekana,1
492762,2017,south+african+premiership,29002049,13,,1,0.0,1.0,7084,t,f,f,,Hlompho Kekana,<b>Hlompho Kekana</b> - 13' <br>Goal,(13'),Shot by Hlompho Kekana,1
492762,2017,south+african+premiership,29002289,37,,1,1.0,0.0,7085,t,f,f,,Mark Van Heerden,<b>Mark Van Heerden</b> - 37' <br>Goal,(37'),Shot by Mark Van Heerden,1
492762,2017,south+african+premiership,29003045,90, +3',2,0.0,1.0,7084,t,f,f,,Anthony Laffor,<b>Anthony Laffor</b> - 90'  +3'<br>Goal,(90' +3'),Shot by Anthony Laffor,1
492763,2017,south+african+premiership,28991047,24,,1,1.0,0.0,7080,t,f,f,,Reneilwe Letsholonyane,<b>Reneilwe Letsholonyane</b> - 24' <br>Goal,(24'),Shot by Reneilwe Letsholonyane,1
492763,2017,south+african+premiership,28991056,44,,1,1.0,0.0,7080,t,f,f,,Aubrey Modiba,<b>Aubrey Modiba</b> - 44' <br>Goal,(44'),Shot by Aubrey Modiba,1
492763,2017,south+african+premiership,28991095,53,,2,1.0,0.0,7080,t,f,f,,Aubrey Modiba,<b>Aubrey Modiba</b> - 53' <br>Goal,(53'),Shot by Aubrey Modiba,1
492765,2017,south+african+premiership,28991042,16,,1,1.0,0.0,7071,t,f,f,,Jacky Motshegwa,<b>Jacky Motshegwa</b> - 16' <br>Goal,(16'),Shot by Jacky Motshegwa,1
492766,2017,south+african+premiership,28905884,43,,1,0.0,1.0,7083,t,f,f,,Maliele Pule,<b>Maliele Pule</b> - 43' <br>Goal,(43'),Shot by Maliele Pule,1
492767,2017,south+african+premiership,28905523,17,,1,0.0,1.0,7100,t,f,f,,Lyle Lakay,<b>Lyle Lakay</b> - 17' <br>Goal,(17'),Shot by Lyle Lakay,1
492767,2017,south+african+premiership,28906388,51,,2,1.0,0.0,11913,t,f,f,,Abel Mabaso,<b>Abel Mabaso</b> - 51' <br>Goal,(51'),Shot by Abel Mabaso,1
492767,2017,south+african+premiership,28906990,73,,2,1.0,0.0,11913,t,f,f,,Katlego Mashego,<b>Katlego Mashego</b> - 73' <br>Goal,(73'),Shot by Katlego Mashego,1
492768,2017,south+african+premiership,28894536,8,,1,1.0,0.0,7084,t,f,f,,Thokozani Putu Sekotlong,<b>Thokozani Putu Sekotlong</b> - 8' <br>Goal,(8'),Shot by Thokozani Putu Sekotlong,1
492768,2017,south+african+premiership,28896466,79,,2,0.0,1.0,7079,t,f,f,,Siyabonga Nomvethe,<b>Siyabonga Nomvethe</b> - 79' <br>Goal,(79'),Shot by Siyabonga Nomvethe,1
492768,2017,south+african+premiership,28896598,88,,2,0.0,1.0,7079,t,f,f,,Mabhuti Khenyeza,<b>Mabhuti Khenyeza</b> - 88' <br>Goal,(88'),Shot by Mabhuti Khenyeza,1
492769,2017,south+african+premiership,28895156,33,,1,0.0,1.0,19136,t,f,f,,Bonginkosi Ntuli,<b>Bonginkosi Ntuli</b> - 33' <br>Penalty - Scored,(33' PEN),Shot by Bonginkosi Ntuli,1
492769,2017,south+african+premiership,28895285,43,,1,1.0,0.0,7097,t,f,f,,Edward Manqele,<b>Edward Manqele</b> - 43' <br>Goal,(43'),Shot by Edward Manqele,1
492771,2017,south+african+premiership,28877370,7,,1,0.0,1.0,7099,t,f,f,,Rodney Ramagalela,<b>Rodney Ramagalela</b> - 7' <br>Goal,(7'),Shot by Rodney Ramagalela,1
492771,2017,south+african+premiership,28877408,11,,1,1.0,0.0,7077,t,f,f,,Knox Mutizwa,<b>Knox Mutizwa</b> - 11' <br>Goal,(11'),Shot by Knox Mutizwa,1
492771,2017,south+african+premiership,28883982,69,,2,0.0,1.0,7099,t,f,f,,Sammy Seabi,<b>Sammy Seabi</b> - 69' <br>Goal,(69'),Shot by Sammy Seabi,1
492771,2017,south+african+premiership,28886906,90, +3',2,1.0,0.0,7077,t,f,f,,Thomas Chideu,<b>Thomas Chideu</b> - 90'  +3'<br>Goal,(90' +3'),Shot by Thomas Chideu,1
492772,2017,south+african+premiership,28895206,39,,1,1.0,0.0,7075,t,f,f,,Bantu Mzwakali,<b>Bantu Mzwakali</b> - 39' <br>Goal,(39'),Shot by Bantu Mzwakali,1
492772,2017,south+african+premiership,28896088,60,,2,1.0,0.0,7075,t,f,f,,Tashreeq Morris,<b>Tashreeq Morris</b> - 60' <br>Goal,(60'),Shot by Tashreeq Morris,1
492772,2017,south+african+premiership,28896234,66,,2,0.0,1.0,7075,t,t,f,,Isaac Nhlapo,<b>Isaac Nhlapo</b> - 66' <br>Own Goal,(66' OG),Shot by Isaac Nhlapo,1
492773,2017,south+african+premiership,29533355,78,,2,0.0,1.0,7080,t,f,f,,Aubrey Modiba,<b>Aubrey Modiba</b> - 78' <br>Goal,(78'),Shot by Aubrey Modiba,1
492774,2017,south+african+premiership,28855572,44,,1,1.0,0.0,7097,t,f,f,,Edward Manqele,<b>Edward Manqele</b> - 44' <br>Goal,(44'),Shot by Edward Manqele,1
492774,2017,south+african+premiership,28855575,51,,2,1.0,0.0,7097,t,f,f,,Mohammed Anas,<b>Mohammed Anas</b> - 51' <br>Goal,(51'),Shot by Mohammed Anas,1
492775,2017,south+african+premiership,28855545,15,,1,1.0,0.0,18359,t,f,f,,Sipho Moeti,<b>Sipho Moeti</b> - 15' <br>Goal,(15'),Shot by Sipho Moeti,1
492775,2017,south+african+premiership,28856124,75,,2,0.0,1.0,7077,t,f,f,,Siphelele Magubane,<b>Siphelele Magubane</b> - 75' <br>Goal,(75'),Shot by Siphelele Magubane,1
492777,2017,south+african+premiership,28855574,46,,2,1.0,0.0,7085,t,f,f,,Thabo Matlaba,<b>Thabo Matlaba</b> - 46' <br>Goal,(46'),Shot by Thabo Matlaba,1
492777,2017,south+african+premiership,28855577,49,,2,0.0,1.0,19136,t,f,f,,Bonginkosi Ntuli,<b>Bonginkosi Ntuli</b> - 49' <br>Goal,(49'),Shot by Bonginkosi Ntuli,1
492778,2017,south+african+premiership,28855518,11,,1,0.0,1.0,7099,t,f,f,,Ndivhuwo Phineas Ravhuhali,<b>Ndivhuwo Phineas Ravhuhali</b> - 11' <br>Goal,(11'),Shot by Ndivhuwo Phineas Ravhuhali,1
492778,2017,south+african+premiership,28855576,53,,2,1.0,0.0,7079,t,f,f,,Rhulani Manzini,<b>Rhulani Manzini</b> - 53' <br>Goal,(53'),Shot by Rhulani Manzini,1
492778,2017,south+african+premiership,28855580,55,,2,0.0,1.0,7099,t,f,f,,Walter Tatenda Musona,<b>Walter Tatenda Musona</b> - 55' <br>Goal,(55'),Shot by Walter Tatenda Musona,1
492778,2017,south+african+premiership,28856310,85,,2,0.0,1.0,7099,t,f,f,,Rodney Ramagalela,<b>Rodney Ramagalela</b> - 85' <br>Goal,(85'),Shot by Rodney Ramagalela,1
492778,2017,south+african+premiership,28856390,90,,2,1.0,0.0,7079,t,f,f,,Mhlengi Cele,<b>Mhlengi Cele</b> - 90' <br>Goal,(90'),Shot by Mhlengi Cele,1
492779,2017,south+african+premiership,28844165,67,,2,0.0,1.0,7071,t,f,f,,Kabelo Mahlasela,<b>Kabelo Mahlasela</b> - 67' <br>Goal,(67'),Shot by Kabelo Mahlasela,1
492780,2017,south+african+premiership,28844421,49,,2,0.0,1.0,7081,t,f,f,,Siyabonga Ngezana,<b>Siyabonga Ngezana</b> - 49' <br>Goal,(49'),Shot by Siyabonga Ngezana,1
492780,2017,south+african+premiership,28846174,70,,2,0.0,1.0,7081,t,f,f,,Bernard Parker,<b>Bernard Parker</b> - 70' <br>Goal,(70'),Shot by Bernard Parker,1
492780,2017,south+african+premiership,28846982,82,,2,1.0,0.0,7084,t,f,f,,Themba Zwane,<b>Themba Zwane</b> - 82' <br>Penalty - Scored,(82' PEN),Shot by Themba Zwane,1
492781,2017,south+african+premiership,29498771,16,,1,1.0,0.0,7083,t,f,f,,Bongani Khumalo,<b>Bongani Khumalo</b> - 16' <br>Goal,(16'),Shot by Bongani Khumalo,1
492781,2017,south+african+premiership,29498774,19,,1,1.0,0.0,7083,t,f,f,,James Keene,<b>James Keene</b> - 19' <br>Goal,(19'),Shot by James Keene,1
492782,2017,south+african+premiership,28725406,76,,2,1.0,0.0,7071,t,f,f,,Roggert Afftonate Nyundu,<b>Roggert Afftonate Nyundu</b> - 76' <br>Goal,(76'),Shot by Roggert Afftonate Nyundu,1
492783,2017,south+african+premiership,28723375,2,,1,0.0,1.0,7084,t,f,f,,Khama Billiat,<b>Khama Billiat</b> - 2' <br>Goal,(2'),Shot by Khama Billiat,1
492784,2017,south+african+premiership,29620712,53,,2,0.0,1.0,7079,t,f,f,,Ovidy Karuru,<b>Ovidy Karuru</b> - 53' <br>Goal,(53'),Shot by Ovidy Karuru,1
492785,2017,south+african+premiership,28713719,50,,2,0.0,1.0,7085,t,f,f,,Thamsanqa Gabuza,<b>Thamsanqa Gabuza</b> - 50' <br>Goal,(50'),Shot by Thamsanqa Gabuza,1
492785,2017,south+african+premiership,28713953,61,,2,1.0,0.0,7099,t,f,f,,Rendani Ndou,<b>Rendani Ndou</b> - 61' <br>Goal,(61'),Shot by Rendani Ndou,1
492785,2017,south+african+premiership,28714146,69,,2,1.0,0.0,7099,t,f,f,,Rodney Ramagalela,<b>Rodney Ramagalela</b> - 69' <br>Goal,(69'),Shot by Rodney Ramagalela,1
492785,2017,south+african+premiership,28714644,90, +2',2,0.0,1.0,7085,t,f,f,,Thamsanqa Gabuza,<b>Thamsanqa Gabuza</b> - 90'  +2'<br>Goal,(90' +2'),Shot by Thamsanqa Gabuza,1
492786,2017,south+african+premiership,28710176,9,,1,1.0,0.0,7081,t,f,f,,George Maluleka,<b>George Maluleka</b> - 9' <br>Goal,(9'),Shot by George Maluleka,1
492786,2017,south+african+premiership,28710324,24,,1,0.0,1.0,18359,t,f,f,,Lewis Macha,<b>Lewis Macha</b> - 24' <br>Goal,(24'),Shot by Lewis Macha,1
492786,2017,south+african+premiership,28711324,59,,2,0.0,1.0,18359,t,f,f,,Gift Motupa,<b>Gift Motupa</b> - 59' <br>Goal,(59'),Shot by Gift Motupa,1
492787,2017,south+african+premiership,28695837,34,,1,0.0,1.0,7100,t,f,f,,Victor Obinna,<b>Victor Obinna</b> - 34' <br>Goal,(34'),Shot by Victor Obinna,1
492787,2017,south+african+premiership,28701479,88,,2,0.0,1.0,7100,t,f,f,,Judas Mosemaedi,<b>Judas Mosemaedi</b> - 88' <br>Goal,(88'),Shot by Judas Mosemaedi,1
492788,2017,south+african+premiership,28697471,54,,2,0.0,1.0,11913,t,f,f,,Katlego Mashego,<b>Katlego Mashego</b> - 54' <br>Goal,(54'),Shot by Katlego Mashego,1
492788,2017,south+african+premiership,28699009,65,,2,1.0,0.0,7077,t,f,f,,Knox Mutizwa,<b>Knox Mutizwa</b> - 65' <br>Goal,(65'),Shot by Knox Mutizwa,1
492789,2017,south+african+premiership,28690108,73,,2,0.0,1.0,7097,t,f,f,,Sinethemba Jantjie,<b>Sinethemba Jantjie</b> - 73' <br>Goal,(73'),Shot by Sinethemba Jantjie,1
492792,2017,south+african+premiership,28631912,20,,1,0.0,1.0,19136,t,f,f,,Thabang Sesinyi,<b>Thabang Sesinyi</b> - 20' <br>Goal,(20'),Shot by Thabang Sesinyi,1
492792,2017,south+african+premiership,28633108,61,,2,1.0,0.0,7079,t,f,f,,Rhulani Manzini,<b>Rhulani Manzini</b> - 61' <br>Penalty - Scored,(61' PEN),Shot by Rhulani Manzini,1
492793,2017,south+african+premiership,28628931,5,,1,1.0,0.0,7083,t,f,f,,Gerald Phiri Junior,<b>Gerald Phiri Junior</b> - 5' <br>Goal,(5'),Shot by Gerald Phiri Junior,1
492794,2017,south+african+premiership,28614173,2,,1,0.0,1.0,7075,t,f,f,,Rodrick Kabwe,<b>Rodrick Kabwe</b> - 2' <br>Goal,(2'),Shot by Rodrick Kabwe,1
492794,2017,south+african+premiership,28614293,12,,1,1.0,0.0,18359,t,f,f,,Richard Matloga,<b>Richard Matloga</b> - 12' <br>Penalty - Scored,(12' PEN),Shot by Richard Matloga,1
492794,2017,south+african+premiership,28615998,50,,2,0.0,1.0,7075,t,f,f,,Tashreeq Morris,<b>Tashreeq Morris</b> - 50' <br>Goal,(50'),Shot by Tashreeq Morris,1
492794,2017,south+african+premiership,28616851,57,,2,1.0,0.0,18359,t,f,f,,Lewis Macha,<b>Lewis Macha</b> - 57' <br>Goal,(57'),Shot by Lewis Macha,1
492795,2017,south+african+premiership,28609714,88,,2,1.0,0.0,7100,t,f,f,,Lehlohonolo Majoro,<b>Lehlohonolo Majoro</b> - 88' <br>Goal,(88'),Shot by Lehlohonolo Majoro,1
492795,2017,south+african+premiership,28609813,90, +8',2,1.0,0.0,7100,t,f,f,,Lehlohonolo Majoro,<b>Lehlohonolo Majoro</b> - 90'  +8'<br>Penalty - Scored,(90' +8' PEN),Shot by Lehlohonolo Majoro,1
492796,2017,south+african+premiership,28595457,43,,1,0.0,1.0,18359,t,f,f,,Sipho Moeti,<b>Sipho Moeti</b> - 43' <br>Goal,(43'),Shot by Sipho Moeti,1
492796,2017,south+african+premiership,28597617,87,,2,0.0,1.0,18359,t,f,f,,Gift Motupa,<b>Gift Motupa</b> - 87' <br>Goal,(87'),Shot by Gift Motupa,1
492797,2017,south+african+premiership,28594979,11,,1,1.0,0.0,7079,t,f,f,,Michael Morton,<b>Michael Morton</b> - 11' <br>Goal,(11'),Shot by Michael Morton,1
492797,2017,south+african+premiership,28596313,58,,2,1.0,0.0,7079,t,f,f,,Rhulani Manzini,<b>Rhulani Manzini</b> - 58' <br>Penalty - Scored,(58' PEN),Shot by Rhulani Manzini,1
492797,2017,south+african+premiership,28596344,60,,2,1.0,0.0,7079,t,f,f,,Rhulani Manzini,<b>Rhulani Manzini</b> - 60' <br>Goal,(60'),Shot by Rhulani Manzini,1
492798,2017,south+african+premiership,28587207,28,,1,1.0,0.0,7080,t,f,f,,Siyabonga Nhlapo,<b>Siyabonga Nhlapo</b> - 28' <br>Goal,(28'),Shot by Siyabonga Nhlapo,1
492798,2017,south+african+premiership,28587463,44,,1,0.0,1.0,11913,t,f,f,,Moeketsi Sekola,<b>Moeketsi Sekola</b> - 44' <br>Goal,(44'),Shot by Moeketsi Sekola,1
492799,2017,south+african+premiership,28598088,90, +2',2,0.0,1.0,7077,t,f,f,,Kudakwashe Mahachi,<b>Kudakwashe Mahachi</b> - 90'  +2'<br>Penalty - Scored,(90' +2' PEN),Shot by Kudakwashe Mahachi,1
492800,2017,south+african+premiership,28595004,13,,1,0.0,1.0,7081,t,f,f,,Gustavo P&#225;ez,<b>Gustavo P&#225;ez</b> - 13' <br>Goal,(13'),Shot by Gustavo Pez,1
492800,2017,south+african+premiership,28596387,61,,2,0.0,1.0,7081,t,f,f,,Gustavo P&#225;ez,<b>Gustavo P&#225;ez</b> - 61' <br>Goal,(61'),Shot by Gustavo Pez,1
492800,2017,south+african+premiership,28597895,88,,2,1.0,0.0,7082,f,f,f,,Evans Rusike,<b>Evans Rusike</b> - 88' <br>Penalty - Missed,"",Shot by Evans Rusike,1
492801,2017,south+african+premiership,28588788,82,,2,1.0,0.0,7085,t,f,f,,Thabo Qalinge,<b>Thabo Qalinge</b> - 82' <br>Goal,(82'),Shot by Thabo Qalinge,1
492802,2017,south+african+premiership,28587053,16,,1,0.0,1.0,7097,t,f,f,,Mohammed Anas,<b>Mohammed Anas</b> - 16' <br>Goal,(16'),Shot by Mohammed Anas,1
492802,2017,south+african+premiership,28587126,22,,1,0.0,1.0,7097,t,f,f,,Mohammed Anas,<b>Mohammed Anas</b> - 22' <br>Goal,(22'),Shot by Mohammed Anas,1
492802,2017,south+african+premiership,28587183,24,,1,0.0,1.0,7097,t,f,f,,Paulus Masehe,<b>Paulus Masehe</b> - 24' <br>Goal,(24'),Shot by Paulus Masehe,1
492802,2017,south+african+premiership,28587820,56,,2,1.0,0.0,7099,t,f,f,,Walter Tatenda Musona,<b>Walter Tatenda Musona</b> - 56' <br>Goal,(56'),Shot by Walter Tatenda Musona,1
492802,2017,south+african+premiership,28588608,80,,2,1.0,0.0,7099,t,f,f,,Sammy Seabi,<b>Sammy Seabi</b> - 80' <br>Goal,(80'),Shot by Sammy Seabi,1
492803,2017,south+african+premiership,29496068,27,,1,1.0,0.0,7075,t,f,f,,Fagrie Lakay,<b>Fagrie Lakay</b> - 27' <br>Goal,(27'),Shot by Fagrie Lakay,1
492803,2017,south+african+premiership,29496069,38,,1,0.0,1.0,7084,t,f,f,,Ricardo,<b>Ricardo</b> - 38' <br>Penalty - Scored,(38' PEN),Shot by Ricardo,1
492803,2017,south+african+premiership,29496070,39,,1,0.0,1.0,7084,t,f,f,,Sibusiso Vilakazi,<b>Sibusiso Vilakazi</b> - 39' <br>Goal,(39'),Shot by Sibusiso Vilakazi,1
492804,2017,south+african+premiership,28573801,19,,1,1.0,0.0,7077,t,f,f,,Lerato Lamola,<b>Lerato Lamola</b> - 19' <br>Goal,(19'),Shot by Lerato Lamola,1
492804,2017,south+african+premiership,28574068,34,,1,0.0,1.0,7079,t,f,f,,Sadat Ouro-Akoriko,<b>Sadat Ouro-Akoriko</b> - 34' <br>Goal,(34'),Shot by Sadat Ouro-Akoriko,1
492804,2017,south+african+premiership,28574913,56,,2,1.0,0.0,7077,t,f,f,,Siphelele Magubane,<b>Siphelele Magubane</b> - 56' <br>Goal,(56'),Shot by Siphelele Magubane,1
492804,2017,south+african+premiership,28575671,90, +2',2,1.0,0.0,7077,t,f,f,,Kudakwashe Mahachi,<b>Kudakwashe Mahachi</b> - 90'  +2'<br>Goal,(90' +2'),Shot by Kudakwashe Mahachi,1
492804,2017,south+african+premiership,28575716,90, +5',2,1.0,0.0,7077,t,f,f,,Knox Mutizwa,<b>Knox Mutizwa</b> - 90'  +5'<br>Goal,(90' +5'),Shot by Knox Mutizwa,1
492806,2017,south+african+premiership,28561455,53,,2,1.0,0.0,7081,t,f,f,,Siphiwe Tshabalala,<b>Siphiwe Tshabalala</b> - 53' <br>Goal,(53'),Shot by Siphiwe Tshabalala,1
492806,2017,south+african+premiership,28562184,90, +2',2,0.0,1.0,7083,t,f,f,,Amr Gamal,<b>Amr Gamal</b> - 90'  +2'<br>Goal,(90' +2'),Shot by Amr Gamal,1
492807,2017,south+african+premiership,28551242,84,,2,1.0,0.0,18359,t,f,f,,Rudolph Mpho Kgaswane,<b>Rudolph Mpho Kgaswane</b> - 84' <br>Goal,(84'),Shot by Rudolph Mpho Kgaswane,1
492809,2017,south+african+premiership,28538636,70,,2,1.0,0.0,7075,t,f,f,,Prince Nxumalo,<b>Prince Nxumalo</b> - 70' <br>Goal,(70'),Shot by Prince Nxumalo,1
492809,2017,south+african+premiership,28538999,90, +1',2,1.0,0.0,7075,t,f,f,,Prince Nxumalo,<b>Prince Nxumalo</b> - 90'  +1'<br>Goal,(90' +1'),Shot by Prince Nxumalo,1
492810,2017,south+african+premiership,28523022,33,,1,0.0,1.0,7077,t,f,f,,Lerato Lamola,<b>Lerato Lamola</b> - 33' <br>Goal,(33'),Shot by Lerato Lamola,1
492810,2017,south+african+premiership,28523023,38,,1,1.0,0.0,7083,t,f,f,,Amr Gamal,<b>Amr Gamal</b> - 38' <br>Goal,(38'),Shot by Amr Gamal,1
492810,2017,south+african+premiership,28523027,55,,2,0.0,1.0,7077,t,f,f,,Zolani Nkombela,<b>Zolani Nkombela</b> - 55' <br>Goal,(55'),Shot by Zolani Nkombela,1
492810,2017,south+african+premiership,28523330,90, +1',2,0.0,1.0,7077,t,f,f,,Nduduzo Sibiya,<b>Nduduzo Sibiya</b> - 90'  +1'<br>Goal,(90' +1'),Shot by Nduduzo Sibiya,1
492811,2017,south+african+premiership,28522031,47,,2,0.0,1.0,7081,t,f,f,,Siphiwe Tshabalala,<b>Siphiwe Tshabalala</b> - 47' <br>Goal,(47'),Shot by Siphiwe Tshabalala,1
492811,2017,south+african+premiership,28522827,82,,2,0.0,1.0,7081,t,f,f,,Wiseman Meyiwa,<b>Wiseman Meyiwa</b> - 82' <br>Goal,(82'),Shot by Wiseman Meyiwa,1
492812,2017,south+african+premiership,28510026,85,,2,1.0,0.0,7080,t,f,f,,Sifiso Myeni,<b>Sifiso Myeni</b> - 85' <br>Goal,(85'),Shot by Sifiso Myeni,1
492812,2017,south+african+premiership,28511167,90, +3',2,1.0,0.0,7080,t,f,f,,Jeremy Brockie,<b>Jeremy Brockie</b> - 90'  +3'<br>Goal,(90' +3'),Shot by Jeremy Brockie,1
492813,2017,south+african+premiership,28507040,9,,1,1.0,0.0,7085,t,f,f,,Bernard Morrison,<b>Bernard Morrison</b> - 9' <br>Goal,(9'),Shot by Bernard Morrison,1
492815,2017,south+african+premiership,28507039,7,,1,0.0,1.0,7071,t,f,f,,Ndumiso Mabena,<b>Ndumiso Mabena</b> - 7' <br>Goal,(7'),Shot by Ndumiso Mabena,1
492815,2017,south+african+premiership,28507049,28,,1,1.0,0.0,7099,t,f,f,,Rodney Ramagalela,<b>Rodney Ramagalela</b> - 28' <br>Goal,(28'),Shot by Rodney Ramagalela,1
492815,2017,south+african+premiership,28509139,76,,2,0.0,1.0,7071,t,f,f,,Ndumiso Mabena,<b>Ndumiso Mabena</b> - 76' <br>Goal,(76'),Shot by Ndumiso Mabena,1
492816,2017,south+african+premiership,28504294,44,,1,0.0,1.0,7084,t,f,f,,Percy Tau,<b>Percy Tau</b> - 44' <br>Goal,(44'),Shot by Percy Tau,1
492816,2017,south+african+premiership,28504362,60,,2,0.0,1.0,7084,t,f,f,,Percy Tau,<b>Percy Tau</b> - 60' <br>Goal,(60'),Shot by Percy Tau,1
492816,2017,south+african+premiership,28504450,90, +4',2,1.0,0.0,7097,t,f,f,,Nhlanhla Vilakazi,<b>Nhlanhla Vilakazi</b> - 90'  +4'<br>Goal,(90' +4'),Shot by Nhlanhla Vilakazi,1
492817,2017,south+african+premiership,28509864,79,,2,0.0,1.0,7079,t,t,f,,Michael Morton,<b>Michael Morton</b> - 79' <br>Own Goal,(79' OG),Shot by Michael Morton,1
492817,2017,south+african+premiership,28510924,88,,2,1.0,0.0,7079,t,f,f,,Mhlengi Cele,<b>Mhlengi Cele</b> - 88' <br>Goal,(88'),Shot by Mhlengi Cele,1
492818,2017,south+african+premiership,28356105,29,,1,1.0,0.0,7082,t,f,f,,Evans Rusike,<b>Evans Rusike</b> - 29' <br>Goal,(29'),Shot by Evans Rusike,1
492818,2017,south+african+premiership,28357016,65,,2,1.0,0.0,7082,t,f,f,,Evans Rusike,<b>Evans Rusike</b> - 65' <br>Goal,(65'),Shot by Evans Rusike,1
492819,2017,south+african+premiership,28356099,9,,1,0.0,1.0,7083,t,f,f,,Kobamelo Kodisang,<b>Kobamelo Kodisang</b> - 9' <br>Goal,(9'),Shot by Kobamelo Kodisang,1
492819,2017,south+african+premiership,28356435,34,,1,1.0,0.0,7097,t,f,f,,Relebogile Mokhuoane,<b>Relebogile Mokhuoane</b> - 34' <br>Goal,(34'),Shot by Relebogile Mokhuoane,1
492819,2017,south+african+premiership,28357367,82,,2,0.0,1.0,7083,t,f,f,,Reeve Frosler,<b>Reeve Frosler</b> - 82' <br>Goal,(82'),Shot by Reeve Frosler,1
492819,2017,south+african+premiership,28357545,90,,2,1.0,0.0,7097,t,f,f,,Siphelele Promise Mthembu,<b>Siphelele Promise Mthembu</b> - 90' <br>Penalty - Scored,(90' PEN),Shot by Siphelele Promise Mthembu,1
492820,2017,south+african+premiership,28356097,7,,1,0.0,1.0,7071,t,f,f,,Roggert Afftonate Nyundu,<b>Roggert Afftonate Nyundu</b> - 7' <br>Goal,(7'),Shot by Roggert Afftonate Nyundu,1
492820,2017,south+african+premiership,28356764,41,,1,1.0,0.0,7077,t,f,f,,Kudakwashe Mahachi,<b>Kudakwashe Mahachi</b> - 41' <br>Penalty - Scored,(41' PEN),Shot by Kudakwashe Mahachi,1
492821,2017,south+african+premiership,28356103,25,,1,1.0,0.0,7100,t,f,f,,Letsie Koapeng,<b>Letsie Koapeng</b> - 25' <br>Penalty - Scored,(25' PEN),Shot by Letsie Koapeng,1
492821,2017,south+african+premiership,28356814,61,,2,1.0,0.0,7100,t,f,f,,Ayanda Patosi,<b>Ayanda Patosi</b> - 61' <br>Goal,(61'),Shot by Ayanda Patosi,1
492821,2017,south+african+premiership,28357105,72,,2,1.0,0.0,7100,t,f,f,,Teko Modise,<b>Teko Modise</b> - 72' <br>Goal,(72'),Shot by Teko Modise,1
492821,2017,south+african+premiership,28357366,83,,2,0.0,1.0,19136,t,f,f,,Robert Ng'ambi,<b>Robert Ng'ambi</b> - 83' <br>Goal,(83'),Shot by Robert Ng'ambi,1
492822,2017,south+african+premiership,28356100,14,,1,0.0,1.0,7080,t,f,f,,Aubrey Modiba,<b>Aubrey Modiba</b> - 14' <br>Goal,(14'),Shot by Aubrey Modiba,1
492822,2017,south+african+premiership,28356766,45,,1,0.0,1.0,7080,t,f,f,,Bradley Grobler,<b>Bradley Grobler</b> - 45' <br>Goal,(45'),Shot by Bradley Grobler,1
492822,2017,south+african+premiership,28356995,66,,2,1.0,0.0,7081,t,f,f,,Gustavo P&#225;ez,<b>Gustavo P&#225;ez</b> - 66' <br>Goal,(66'),Shot by Gustavo Pez,1
492823,2017,south+african+premiership,28369773,38,,1,1.0,0.0,11913,t,f,f,,"",<b></b> - 38' <br>Goal,(38'),"",1
492823,2017,south+african+premiership,28369778,83,,2,1.0,0.0,11913,t,f,f,,"",<b></b> - 83' <br>Goal,(83'),"",1
492825,2017,south+african+premiership,28369589,36,,1,0.0,1.0,7099,t,f,f,,Rodney Ramagalela,<b>Rodney Ramagalela</b> - 36' <br>Goal,(36'),Shot by Rodney Ramagalela,1
492825,2017,south+african+premiership,28369590,55,,2,1.0,0.0,7084,t,f,f,,George Lebese,<b>George Lebese</b> - 55' <br>Penalty - Scored,(55' PEN),Shot by George Lebese,1
492825,2017,south+african+premiership,28369591,69,,2,0.0,1.0,7099,t,f,f,,Rodney Ramagalela,<b>Rodney Ramagalela</b> - 69' <br>Goal,(69'),Shot by Rodney Ramagalela,1
492826,2017,south+african+premiership,28352857,37,,1,0.0,1.0,7081,t,f,f,,Eric Mathoho,<b>Eric Mathoho</b> - 37' <br>Goal,(37'),Shot by Eric Mathoho,1
492826,2017,south+african+premiership,28352859,76,,2,1.0,0.0,7071,t,f,f,,"",<b></b> - 76' <br>Penalty - Scored,(76' PEN),"",1
492829,2017,south+african+premiership,28352062,37,,1,1.0,0.0,7085,t,f,f,,Thamsanqa Gabuza,<b>Thamsanqa Gabuza</b> - 37' <br>Goal,(37'),Shot by Thamsanqa Gabuza,1
492831,2017,south+african+premiership,28351281,87,,2,1.0,0.0,7097,t,t,f,,Badra Ali Sangar&#233;,<b>Badra Ali Sangar&#233;</b> - 87' <br>Own Goal,(87' OG),Shot by Badra Ali Sangar,1
492832,2017,south+african+premiership,28352574,33,,1,0.0,1.0,7084,t,f,f,,Hlompho Kekana,<b>Hlompho Kekana</b> - 33' <br>Goal,(33'),Shot by Hlompho Kekana,1
492832,2017,south+african+premiership,28352575,50,,2,0.0,1.0,7084,t,f,f,,Themba Zwane,<b>Themba Zwane</b> - 50' <br>Goal,(50'),Shot by Themba Zwane,1
494059,2017,south+african+premiership,29134410,18,,1,1.0,0.0,10674,t,f,f,,Adame Traore,<b>Adame Traore</b> - 18' <br>Goal,(18'),Shot by Adame Traore,1
494059,2017,south+african+premiership,29135404,47,,2,0.0,1.0,7080,t,f,f,,Sipho Mbule,<b>Sipho Mbule</b> - 47' <br>Goal,(47'),Shot by Sipho Mbule,1
494059,2017,south+african+premiership,29135712,67,,2,1.0,0.0,10674,t,f,f,,Daniel Adjei Nii,<b>Daniel Adjei Nii</b> - 67' <br>Goal,(67'),Shot by Daniel Adjei Nii,1
494061,2017,south+african+premiership,28909757,16,,1,0.0,1.0,7080,t,f,f,,Bradley Grobler,<b>Bradley Grobler</b> - 16' <br>Goal,(16'),Shot by Bradley Grobler,1
494061,2017,south+african+premiership,28910436,52,,2,0.0,1.0,7080,t,f,f,,Jeremy Brockie,<b>Jeremy Brockie</b> - 52' <br>Goal,(52'),Shot by Jeremy Brockie,1
494061,2017,south+african+premiership,28910514,56,,2,1.0,0.0,18816,t,f,f,,Saber Khelifa,<b>Saber Khelifa</b> - 56' <br>Penalty - Scored,(56' PEN),Shot by Saber Khelifa,1
494061,2017,south+african+premiership,28910734,64,,2,0.0,1.0,7080,t,f,f,,Bradley Grobler,<b>Bradley Grobler</b> - 64' <br>Goal,(64'),Shot by Bradley Grobler,1
494063,2017,south+african+premiership,28723950,21,,1,0.0,1.0,18816,t,f,f,,Saber Khelifa,<b>Saber Khelifa</b> - 21' <br>Penalty - Scored,(21' PEN),Shot by Saber Khelifa,1
494063,2017,south+african+premiership,28725647,87,,2,1.0,0.0,7080,f,f,f,,Thabo Mnyamane,<b>Thabo Mnyamane</b> - 87' <br>Penalty - Missed,"",Shot by Thabo Mnyamane,1
494063,2017,south+african+premiership,28725648,87,,2,1.0,0.0,7080,t,f,f,,Thabo Mnyamane,<b>Thabo Mnyamane</b> - 87' <br>Goal,(87'),Shot by Thabo Mnyamane,1
494067,2017,south+african+premiership,28614154,4,,1,1.0,0.0,8063,t,f,f,,John Ching'andu,<b>John Ching'andu</b> - 4' <br>Goal,(4'),Shot by John Ching'andu,1
494067,2017,south+african+premiership,28614576,34,,1,0.0,1.0,7080,t,f,f,,Thuso Phala,<b>Thuso Phala</b> - 34' <br>Goal,(34'),Shot by Thuso Phala,1
494067,2017,south+african+premiership,28615747,50,,2,1.0,0.0,8063,t,f,f,,David Owino,<b>David Owino</b> - 50' <br>Goal,(50'),Shot by David Owino,1
494067,2017,south+african+premiership,28621222,90, +2',2,0.0,1.0,7080,t,f,f,,Thuso Phala,<b>Thuso Phala</b> - 90'  +2'<br>Goal,(90' +2'),Shot by Thuso Phala,1
494368,2017,south+african+premiership,28634407,26,,1,1.0,0.0,8625,t,f,f,,Salaheddine Saidi,<b>Salaheddine Saidi</b> - 26' <br>Goal,(26'),Shot by Salaheddine Saidi,1
494372,2017,south+african+premiership,28575206,71,,2,1.0,0.0,7084,t,f,f,,Krahire Yannick Zakri,<b>Krahire Yannick Zakri</b> - 71' <br>Goal,(71'),Shot by Krahire Yannick Zakri,1
