202399,2006,scottish+league+two,6086560,6,,1,1.0,0.0,412,t,f,f,,Robbie Horn,<b>Robbie Horn</b> - 6' <br>Goal,(6'),Shot by Robbie Horn,1
202399,2006,scottish+league+two,6088877,89,,2,0.0,1.0,420,t,f,f,,Scott Chaplain,<b>Scott Chaplain</b> - 89' <br>Goal,(89'),Shot by Scott Chaplain,1
202401,2006,scottish+league+two,6086579,6,,1,0.0,1.0,419,t,f,f,,Steven Mackay,<b>Steven Mackay</b> - 6' <br>Goal,(6'),Shot by Steven Mackay,1
202401,2006,scottish+league+two,6088498,75,,2,1.0,0.0,418,t,f,f,,Steven Dymock,<b>Steven Dymock</b> - 75' <br>Goal,(75'),Shot by Steven Dymock,1
202401,2006,scottish+league+two,6088631,78,,2,1.0,0.0,418,t,f,f,,Paul Tweedie,<b>Paul Tweedie</b> - 78' <br>Goal,(78'),Shot by Paul Tweedie,1
202402,2006,scottish+league+two,6087114,28,,1,1.0,0.0,414,t,f,f,,Greig Henslee,<b>Greig Henslee</b> - 28' <br>Goal,(28'),Shot by Greig Henslee,1
202402,2006,scottish+league+two,6087300,36,,1,0.0,1.0,415,t,f,f,,David Bagan,<b>David Bagan</b> - 36' <br>Goal,(36'),Shot by David Bagan,1
202403,2006,scottish+league+two,6087581,44,,1,0.0,1.0,252,t,f,f,,Barry Sellars,<b>Barry Sellars</b> - 44' <br>Goal,(44'),Shot by Barry Sellars,1
202403,2006,scottish+league+two,6088524,72,,2,0.0,1.0,252,t,f,f,,Brian Scott,<b>Brian Scott</b> - 72' <br>Goal,(72'),Shot by Brian Scott,1
202403,2006,scottish+league+two,6088816,82,,2,0.0,1.0,252,t,f,f,,Brian Scott,<b>Brian Scott</b> - 82' <br>Goal,(82'),Shot by Brian Scott,1
202404,2006,scottish+league+two,6104668,56,,2,0.0,1.0,421,t,f,f,,Jonathan Smart,<b>Jonathan Smart</b> - 56' <br>Goal,(56'),Shot by Jonathan Smart,1
202405,2006,scottish+league+two,6104988,64,,2,0.0,1.0,412,t,f,f,,David Greenhill,<b>David Greenhill</b> - 64' <br>Goal,(64'),Shot by David Greenhill,1
202406,2006,scottish+league+two,6103020,24,,1,1.0,0.0,415,t,f,f,,David Bagan,<b>David Bagan</b> - 24' <br>Goal,(24'),Shot by David Bagan,1
202406,2006,scottish+league+two,6105286,75,,2,1.0,0.0,415,t,f,f,,Jose Quitongo,<b>Jose Quitongo</b> - 75' <br>Goal,(75'),Shot by Jose Quitongo,1
202407,2006,scottish+league+two,6102837,14,,1,0.0,1.0,422,t,f,f,,Mark Ferry,<b>Mark Ferry</b> - 14' <br>Goal,(14'),Shot by Mark Ferry,1
202407,2006,scottish+league+two,6103168,28,,1,1.0,0.0,419,t,f,f,,Martin Charlesworth,<b>Martin Charlesworth</b> - 28' <br>Goal,(28'),Shot by Martin Charlesworth,1
202407,2006,scottish+league+two,6103473,41,,1,0.0,1.0,422,t,f,f,,Steven Canning,<b>Steven Canning</b> - 41' <br>Goal,(41'),Shot by Steven Canning,1
202408,2006,scottish+league+two,6103301,34,,1,1.0,0.0,405,t,f,f,,Gareth Hutchison,<b>Gareth Hutchison</b> - 34' <br>Goal,(34'),Shot by Gareth Hutchison,1
202408,2006,scottish+league+two,6104540,49,,2,1.0,0.0,405,t,f,f,,Gareth Hutchison,<b>Gareth Hutchison</b> - 49' <br>Goal,(49'),Shot by Gareth Hutchison,1
202408,2006,scottish+league+two,6104999,60,,2,1.0,0.0,405,t,f,f,,Jon Baird,<b>Jon Baird</b> - 60' <br>Goal,(60'),Shot by Jon Baird,1
202408,2006,scottish+league+two,6105002,63,,2,1.0,0.0,405,t,f,f,,Jon Baird,<b>Jon Baird</b> - 63' <br>Goal,(63'),Shot by Jon Baird,1
202408,2006,scottish+league+two,6105483,75,,2,1.0,0.0,405,t,f,f,,Kevin McLeish,<b>Kevin McLeish</b> - 75' <br>Penalty - Scored,(75' PEN),Shot by Kevin McLeish,1
202409,2006,scottish+league+two,6120578,31,,1,0.0,1.0,405,t,f,f,,Jon Baird,<b>Jon Baird</b> - 31' <br>Goal,(31'),Shot by Jon Baird,1
202410,2006,scottish+league+two,6120103,18,,1,1.0,0.0,421,t,f,f,,Kevin Gordon,<b>Kevin Gordon</b> - 18' <br>Goal,(18'),Shot by Kevin Gordon,1
202410,2006,scottish+league+two,6120769,32,,1,0.0,1.0,252,t,f,f,,William Martin,<b>William Martin</b> - 32' <br>Goal,(32'),Shot by William Martin,1
202410,2006,scottish+league+two,6122967,68,,2,1.0,0.0,421,t,f,f,,Jonathan Smart,<b>Jonathan Smart</b> - 68' <br>Goal,(68'),Shot by Jonathan Smart,1
202411,2006,scottish+league+two,6123197,78,,2,0.0,1.0,420,t,f,f,,Scott Chaplain,<b>Scott Chaplain</b> - 78' <br>Goal,(78'),Shot by Scott Chaplain,1
202412,2006,scottish+league+two,6119455,5,,1,1.0,0.0,414,t,f,f,,Steven Kerrigan,<b>Steven Kerrigan</b> - 5' <br>Goal,(5'),Shot by Steven Kerrigan,1
202412,2006,scottish+league+two,6120962,37,,1,1.0,0.0,414,t,f,f,,Scott Michie,<b>Scott Michie</b> - 37' <br>Goal,(37'),Shot by Scott Michie,1
202413,2006,scottish+league+two,6123077,70,,2,1.0,0.0,422,t,f,f,,Steven Canning,<b>Steven Canning</b> - 70' <br>Goal,(70'),Shot by Steven Canning,1
202414,2006,scottish+league+two,6155832,54,,2,0.0,1.0,422,t,f,f,,David Weatherston,<b>David Weatherston</b> - 54' <br>Goal,(54'),Shot by David Weatherston,1
202414,2006,scottish+league+two,6157136,89,,2,1.0,0.0,420,t,f,f,,Joseph Savage,<b>Joseph Savage</b> - 89' <br>Goal,(89'),Shot by Joseph Savage,1
202415,2006,scottish+league+two,6153972,16,,1,0.0,1.0,414,t,f,f,,Scott Michie,<b>Scott Michie</b> - 16' <br>Goal,(16'),Shot by Scott Michie,1
202415,2006,scottish+league+two,6153978,17,,1,1.0,0.0,252,t,f,f,,Roddy Black,<b>Roddy Black</b> - 17' <br>Goal,(17'),Shot by Roddy Black,1
202415,2006,scottish+league+two,6155550,51,,2,1.0,0.0,252,t,f,f,,Jay Stein,<b>Jay Stein</b> - 51' <br>Goal,(51'),Shot by Jay Stein,1
202415,2006,scottish+league+two,6156136,65,,2,1.0,0.0,252,t,f,f,,Jon Voight,<b>Jon Voight</b> - 65' <br>Goal,(65'),Shot by Jon Voight,1
202416,2006,scottish+league+two,6154893,43,,1,1.0,0.0,412,t,f,f,,Jordan Smith,<b>Jordan Smith</b> - 43' <br>Goal,(43'),Shot by Jordan Smith,1
202416,2006,scottish+league+two,6155441,49,,2,1.0,0.0,412,t,f,f,,Sean Paliczka,<b>Sean Paliczka</b> - 49' <br>Goal,(49'),Shot by Sean Paliczka,1
202416,2006,scottish+league+two,6156351,73,,2,1.0,0.0,412,t,f,f,,Stuart Fraser,<b>Stuart Fraser</b> - 73' <br>Goal,(73'),Shot by Stuart Fraser,1
202417,2006,scottish+league+two,6155951,16,,1,1.0,0.0,418,t,f,f,,Carl Thywissen,<b>Carl Thywissen</b> - 16' <br>Goal,(16'),Shot by Carl Thywissen,1
202417,2006,scottish+league+two,6155785,58,,2,1.0,0.0,418,t,f,f,,Mark McKenzie,<b>Mark McKenzie</b> - 58' <br>Goal,(58'),Shot by Mark McKenzie,1
202417,2006,scottish+league+two,6156115,65,,2,1.0,0.0,418,t,f,f,,Mark McKenzie,<b>Mark McKenzie</b> - 65' <br>Goal,(65'),Shot by Mark McKenzie,1
202417,2006,scottish+league+two,6156265,70,,2,1.0,0.0,418,t,f,f,,Mark McKenzie,<b>Mark McKenzie</b> - 70' <br>Goal,(70'),Shot by Mark McKenzie,1
202417,2006,scottish+league+two,6156928,90,,2,1.0,0.0,418,t,f,f,,Paul Tweedie,<b>Paul Tweedie</b> - 90' <br>Goal,(90'),Shot by Paul Tweedie,1
202418,2006,scottish+league+two,6155577,50,,2,0.0,1.0,421,t,f,f,,Neil Jablonski,<b>Neil Jablonski</b> - 50' <br>Goal,(50'),Shot by Neil Jablonski,1
202418,2006,scottish+league+two,6156027,61,,2,0.0,1.0,421,t,f,f,,Stephan Fortune,<b>Stephan Fortune</b> - 61' <br>Goal,(61'),Shot by Stephan Fortune,1
202418,2006,scottish+league+two,6156888,87,,2,1.0,0.0,419,t,f,f,,Paul Kaczan,<b>Paul Kaczan</b> - 87' <br>Goal,(87'),Shot by Paul Kaczan,1
202419,2006,scottish+league+two,6188240,22,,1,0.0,1.0,252,t,f,f,,Barry Sellars,<b>Barry Sellars</b> - 22' <br>Goal,(22'),Shot by Barry Sellars,1
202419,2006,scottish+league+two,6188263,42,,1,0.0,1.0,252,t,f,f,,Alan Brazil,<b>Alan Brazil</b> - 42' <br>Goal,(42'),Shot by Alan Brazil,1
202421,2006,scottish+league+two,6188308,51,,2,1.0,0.0,414,t,f,f,,Andy Rogers,<b>Andy Rogers</b> - 51' <br>Penalty - Scored,(51' PEN),Shot by Andy Rogers,1
202421,2006,scottish+league+two,6188323,58,,2,1.0,0.0,414,t,f,f,,Andy Rogers,<b>Andy Rogers</b> - 58' <br>Penalty - Scored,(58' PEN),Shot by Andy Rogers,1
202421,2006,scottish+league+two,6188375,83,,2,0.0,1.0,420,t,f,f,,Andrew Sim,<b>Andrew Sim</b> - 83' <br>Goal,(83'),Shot by Andrew Sim,1
202422,2006,scottish+league+two,6188254,37,,1,1.0,0.0,412,t,f,f,,Ian Thomson,<b>Ian Thomson</b> - 37' <br>Goal,(37'),Shot by Ian Thomson,1
202423,2006,scottish+league+two,6188243,24,,1,0.9225,0.5,419,t,t,f,,Stephen Low,<b>Stephen Low</b> - 24' <br>Own Goal,(24' OG),Shot by Stephen Low,1
202423,2006,scottish+league+two,6188257,38,,1,1.0,0.0,405,t,f,f,,David Templeton,<b>David Templeton</b> - 38' <br>Goal,(38'),Shot by David Templeton,1
202424,2006,scottish+league+two,6198846,41,,1,0.0,1.0,420,t,f,f,,Ciaran Donnelly,<b>Ciaran Donnelly</b> - 41' <br>Penalty - Scored,(41' PEN),Shot by Ciaran Donnelly,1
202424,2006,scottish+league+two,6199451,50,,2,1.0,0.0,252,t,f,f,,Robbie Raeside,<b>Robbie Raeside</b> - 50' <br>Goal,(50'),Shot by Robbie Raeside,1
202424,2006,scottish+league+two,6199463,51,,2,0.0,1.0,420,t,f,f,,Jamie Doyle,<b>Jamie Doyle</b> - 51' <br>Goal,(51'),Shot by Jamie Doyle,1
202424,2006,scottish+league+two,6199497,54,,2,1.0,0.0,252,t,f,f,,Barry Sellars,<b>Barry Sellars</b> - 54' <br>Goal,(54'),Shot by Barry Sellars,1
202424,2006,scottish+league+two,6200498,76,,2,0.0,1.0,420,t,f,f,,Patrick Walker,<b>Patrick Walker</b> - 76' <br>Goal,(76'),Shot by Patrick Walker,1
202425,2006,scottish+league+two,6197198,11,,1,1.0,0.0,412,t,f,f,,Robbie Manson,<b>Robbie Manson</b> - 11' <br>Goal,(11'),Shot by Robbie Manson,1
202425,2006,scottish+league+two,6199335,53,,2,0.0775,0.5,412,t,t,f,,Jordan Smith,<b>Jordan Smith</b> - 53' <br>Own Goal,(53' OG),Shot by Jordan Smith,1
202425,2006,scottish+league+two,6199439,56,,2,1.0,0.0,412,t,f,f,,Robbie Manson,<b>Robbie Manson</b> - 56' <br>Goal,(56'),Shot by Robbie Manson,1
202425,2006,scottish+league+two,6199751,62,,2,0.0,1.0,418,t,f,f,,Paul Tweedie,<b>Paul Tweedie</b> - 62' <br>Goal,(62'),Shot by Paul Tweedie,1
202426,2006,scottish+league+two,6199609,60,,2,0.0,1.0,415,t,f,f,,Stephen Dobbie,<b>Stephen Dobbie</b> - 60' <br>Goal,(60'),Shot by Stephen Dobbie,1
202426,2006,scottish+league+two,6200731,83,,2,0.0,1.0,415,t,f,f,,John Dillon,<b>John Dillon</b> - 83' <br>Goal,(83'),Shot by John Dillon,1
202427,2006,scottish+league+two,6198394,37,,1,1.0,0.0,414,t,f,f,,Scott Michie,<b>Scott Michie</b> - 37' <br>Goal,(37'),Shot by Scott Michie,1
202428,2006,scottish+league+two,6199588,56,,2,0.0,1.0,422,t,f,f,,David Weatherston,<b>David Weatherston</b> - 56' <br>Goal,(56'),Shot by David Weatherston,1
202428,2006,scottish+league+two,6200633,81,,2,1.0,0.0,405,t,f,f,,John Paul McBride,<b>John Paul McBride</b> - 81' <br>Goal,(81'),Shot by John Paul McBride,1
202428,2006,scottish+league+two,6200823,82,,2,0.9225,0.5,422,t,t,f,,Steven Canning,<b>Steven Canning</b> - 82' <br>Own Goal,(82' OG),Shot by Steven Canning,1
202429,2006,scottish+league+two,6230270,15,,1,1.0,0.0,421,t,f,f,,Paul Ritchie,<b>Paul Ritchie</b> - 15' <br>Penalty - Scored,(15' PEN),Shot by Paul Ritchie,1
202429,2006,scottish+league+two,6231000,34,,1,1.0,0.0,421,t,f,f,,Paul Ritchie,<b>Paul Ritchie</b> - 34' <br>Goal,(34'),Shot by Paul Ritchie,1
202430,2006,scottish+league+two,6230541,23,,1,1.0,0.0,415,t,f,f,,Craig Winter,<b>Craig Winter</b> - 23' <br>Goal,(23'),Shot by Craig Winter,1
202430,2006,scottish+league+two,6231051,36,,1,1.0,0.0,415,t,f,f,,Stephen Dobbie,<b>Stephen Dobbie</b> - 36' <br>Goal,(36'),Shot by Stephen Dobbie,1
202430,2006,scottish+league+two,6231906,48,,2,1.0,0.0,415,t,f,f,,Stephen Dobbie,<b>Stephen Dobbie</b> - 48' <br>Goal,(48'),Shot by Stephen Dobbie,1
202430,2006,scottish+league+two,6233630,85,,2,1.0,0.0,415,t,f,f,,Craig Winter,<b>Craig Winter</b> - 85' <br>Goal,(85'),Shot by Craig Winter,1
202431,2006,scottish+league+two,6230053,10,,1,1.0,0.0,420,t,f,f,,Ian Chisholm,<b>Ian Chisholm</b> - 10' <br>Goal,(10'),Shot by Ian Chisholm,1
202431,2006,scottish+league+two,6230282,15,,1,1.0,0.0,420,t,f,f,,Joseph Savage,<b>Joseph Savage</b> - 15' <br>Goal,(15'),Shot by Joseph Savage,1
202431,2006,scottish+league+two,6231986,48,,2,0.0,1.0,419,t,f,f,,Martin Johnson,<b>Martin Johnson</b> - 48' <br>Goal,(48'),Shot by Martin Johnson,1
202431,2006,scottish+league+two,6232673,63,,2,1.0,0.0,420,t,f,f,,Scott Chaplain,<b>Scott Chaplain</b> - 63' <br>Goal,(63'),Shot by Scott Chaplain,1
202432,2006,scottish+league+two,6229876,5,,1,0.0,1.0,252,t,f,f,,Brian Scott,<b>Brian Scott</b> - 5' <br>Goal,(5'),Shot by Brian Scott,1
202432,2006,scottish+league+two,6232911,69,,2,0.0,1.0,252,t,f,f,,William Martin,<b>William Martin</b> - 69' <br>Goal,(69'),Shot by William Martin,1
202433,2006,scottish+league+two,6232240,56,,2,0.0,1.0,414,t,f,f,,Andy Rogers,<b>Andy Rogers</b> - 56' <br>Penalty - Scored,(56' PEN),Shot by Andy Rogers,1
202433,2006,scottish+league+two,6233602,85,,2,1.0,0.0,422,t,f,f,,Mark Ferry,<b>Mark Ferry</b> - 85' <br>Goal,(85'),Shot by Mark Ferry,1
202434,2006,scottish+league+two,6254933,23,,1,1.0,0.0,415,t,f,f,,David McNaught,<b>David McNaught</b> - 23' <br>Goal,(23'),Shot by David McNaught,1
202434,2006,scottish+league+two,6255413,32,,1,0.0,1.0,420,t,f,f,,Ian Chisholm,<b>Ian Chisholm</b> - 32' <br>Goal,(32'),Shot by Ian Chisholm,1
202434,2006,scottish+league+two,6255855,42,,1,1.0,0.0,415,t,f,f,,Ryan Borris,<b>Ryan Borris</b> - 42' <br>Goal,(42'),Shot by Ryan Borris,1
202434,2006,scottish+league+two,6256448,46,,2,0.9225,0.5,420,t,t,f,,Gordon Lennon,<b>Gordon Lennon</b> - 46' <br>Own Goal,(46' OG),Shot by Gordon Lennon,1
202435,2006,scottish+league+two,6255987,44,,1,1.0,0.0,419,t,f,f,,Adam Moffatt,<b>Adam Moffatt</b> - 44' <br>Goal,(44'),Shot by Adam Moffatt,1
202435,2006,scottish+league+two,6256580,52,,2,0.0,1.0,412,t,f,f,,Dennis McLaughlin,<b>Dennis McLaughlin</b> - 52' <br>Goal,(52'),Shot by Dennis McLaughlin,1
202435,2006,scottish+league+two,6256859,58,,2,0.0,1.0,412,t,f,f,,Kevin Haynes,<b>Kevin Haynes</b> - 58' <br>Goal,(58'),Shot by Kevin Haynes,1
202436,2006,scottish+league+two,6257936,80,,2,1.0,0.0,414,t,f,f,,Andy Rogers,<b>Andy Rogers</b> - 80' <br>Goal,(80'),Shot by Andy Rogers,1
202437,2006,scottish+league+two,6255006,22,,1,1.0,0.0,422,t,f,f,,Paul Ronald,<b>Paul Ronald</b> - 22' <br>Goal,(22'),Shot by Paul Ronald,1
202437,2006,scottish+league+two,6255222,26,,1,1.0,0.0,422,t,f,f,,David Weatherston,<b>David Weatherston</b> - 26' <br>Goal,(26'),Shot by David Weatherston,1
202437,2006,scottish+league+two,6256771,53,,2,1.0,0.0,422,t,f,f,,David Weatherston,<b>David Weatherston</b> - 53' <br>Goal,(53'),Shot by David Weatherston,1
202438,2006,scottish+league+two,6255304,32,,1,0.0,1.0,252,t,f,f,,William Martin,<b>William Martin</b> - 32' <br>Penalty - Scored,(32' PEN),Shot by William Martin,1
202438,2006,scottish+league+two,6256755,54,,2,0.0,1.0,252,t,f,f,,Barry Sellars,<b>Barry Sellars</b> - 54' <br>Goal,(54'),Shot by Barry Sellars,1
202438,2006,scottish+league+two,6257042,59,,2,1.0,0.0,405,t,f,f,,Iain Diack,<b>Iain Diack</b> - 59' <br>Goal,(59'),Shot by Iain Diack,1
202439,2006,scottish+league+two,6284280,31,,1,1.0,0.0,418,t,f,f,,Paul Stewart,<b>Paul Stewart</b> - 31' <br>Goal,(31'),Shot by Paul Stewart,1
202439,2006,scottish+league+two,6286051,68,,2,0.0,1.0,422,t,f,f,,Paul Ronald,<b>Paul Ronald</b> - 68' <br>Goal,(68'),Shot by Paul Ronald,1
202439,2006,scottish+league+two,6286449,76,,2,0.9225,0.5,422,t,t,f,,Steven Canning,<b>Steven Canning</b> - 76' <br>Own Goal,(76' OG),Shot by Steven Canning,1
202440,2006,scottish+league+two,6284549,39,,1,1.0,0.0,421,t,f,f,,Neil Jablonski,<b>Neil Jablonski</b> - 39' <br>Goal,(39'),Shot by Neil Jablonski,1
202441,2006,scottish+league+two,6284290,35,,1,1.0,0.0,412,t,f,f,,Ian Thomson,<b>Ian Thomson</b> - 35' <br>Goal,(35'),Shot by Ian Thomson,1
202441,2006,scottish+league+two,6285028,48,,2,0.0,1.0,414,t,f,f,,Greig Henslee,<b>Greig Henslee</b> - 48' <br>Goal,(48'),Shot by Greig Henslee,1
202441,2006,scottish+league+two,6286579,86,,2,0.0,1.0,414,t,f,f,,Chris McLeod,<b>Chris McLeod</b> - 86' <br>Goal,(86'),Shot by Chris McLeod,1
202442,2006,scottish+league+two,6284418,35,,1,1.0,0.0,252,t,f,f,,Steven Rennie,<b>Steven Rennie</b> - 35' <br>Goal,(35'),Shot by Steven Rennie,1
202442,2006,scottish+league+two,6284540,36,,1,0.0,1.0,419,t,f,f,,Martin Johnson,<b>Martin Johnson</b> - 36' <br>Goal,(36'),Shot by Martin Johnson,1
202442,2006,scottish+league+two,6285727,63,,2,1.0,0.0,252,t,f,f,,Alan Brazil,<b>Alan Brazil</b> - 63' <br>Goal,(63'),Shot by Alan Brazil,1
202443,2006,scottish+league+two,6283510,12,,1,1.0,0.0,420,t,f,f,,Ciaran Donnelly,<b>Ciaran Donnelly</b> - 12' <br>Goal,(12'),Shot by Ciaran Donnelly,1
202443,2006,scottish+league+two,6283962,24,,1,1.0,0.0,420,t,f,f,,Scott Chaplain,<b>Scott Chaplain</b> - 24' <br>Goal,(24'),Shot by Scott Chaplain,1
202443,2006,scottish+league+two,6284514,37,,1,0.0775,0.5,420,t,t,f,,Gordon Lennon,<b>Gordon Lennon</b> - 37' <br>Own Goal,(37' OG),Shot by Gordon Lennon,1
202443,2006,scottish+league+two,6284650,42,,1,0.0,1.0,405,t,f,f,,John Paul McBride,<b>John Paul McBride</b> - 42' <br>Penalty - Scored,(42' PEN),Shot by John Paul McBride,1
202443,2006,scottish+league+two,6285066,46,,2,0.0,1.0,405,t,f,f,,David Templeton,<b>David Templeton</b> - 46' <br>Goal,(46'),Shot by David Templeton,1
202443,2006,scottish+league+two,6285074,47,,2,0.0,1.0,405,t,f,f,,John Paul McBride,<b>John Paul McBride</b> - 47' <br>Goal,(47'),Shot by John Paul McBride,1
202443,2006,scottish+league+two,6286612,84,,2,0.0,1.0,405,t,f,f,,Gareth Hutchison,<b>Gareth Hutchison</b> - 84' <br>Goal,(84'),Shot by Gareth Hutchison,1
202444,2006,scottish+league+two,6319185,22,,1,0.0,1.0,422,t,f,f,,Alan Trouten,<b>Alan Trouten</b> - 22' <br>Goal,(22'),Shot by Alan Trouten,1
202444,2006,scottish+league+two,6319471,30,,1,0.0,1.0,422,t,f,f,,Richard Bowers,<b>Richard Bowers</b> - 30' <br>Goal,(30'),Shot by Richard Bowers,1
202444,2006,scottish+league+two,6321740,71,,2,1.0,0.0,252,t,f,f,,Barry Sellars,<b>Barry Sellars</b> - 71' <br>Goal,(71'),Shot by Barry Sellars,1
202445,2006,scottish+league+two,6318906,15,,1,0.0,1.0,421,t,f,f,,Craig Smart,<b>Craig Smart</b> - 15' <br>Goal,(15'),Shot by Craig Smart,1
202446,2006,scottish+league+two,6318993,19,,1,1.0,0.0,419,t,f,f,,Martin Johnson,<b>Martin Johnson</b> - 19' <br>Goal,(19'),Shot by Martin Johnson,1
202446,2006,scottish+league+two,6319101,23,,1,1.0,0.0,419,t,f,f,,Craig Campbell,<b>Craig Campbell</b> - 23' <br>Goal,(23'),Shot by Craig Campbell,1
202446,2006,scottish+league+two,6319964,43,,1,1.0,0.0,419,t,f,f,,Steven Mackay,<b>Steven Mackay</b> - 43' <br>Goal,(43'),Shot by Steven Mackay,1
202446,2006,scottish+league+two,6321580,70,,2,1.0,0.0,419,t,f,f,,Martin Johnson,<b>Martin Johnson</b> - 70' <br>Goal,(70'),Shot by Martin Johnson,1
202446,2006,scottish+league+two,6322472,90,,2,1.0,0.0,419,t,f,f,,Martin Johnson,<b>Martin Johnson</b> - 90' <br>Goal,(90'),Shot by Martin Johnson,1
202447,2006,scottish+league+two,6319287,29,,1,1.0,0.0,415,t,f,f,,Stephen Dobbie,<b>Stephen Dobbie</b> - 29' <br>Penalty - Scored,(29' PEN),Shot by Stephen Dobbie,1
202447,2006,scottish+league+two,6322214,85,,2,1.0,0.0,415,t,f,f,,Stephen Dobbie,<b>Stephen Dobbie</b> - 85' <br>Goal,(85'),Shot by Stephen Dobbie,1
202448,2006,scottish+league+two,6319232,24,,1,0.0,1.0,412,t,f,f,,Stuart Fraser,<b>Stuart Fraser</b> - 24' <br>Goal,(24'),Shot by Stuart Fraser,1
202448,2006,scottish+league+two,6321534,65,,2,0.0,1.0,412,f,f,f,,Gary Wood,<b>Gary Wood</b> - 65' <br>Penalty - Missed,"",Shot by Gary Wood,1
202449,2006,scottish+league+two,6350706,73,,2,0.0,1.0,405,t,f,f,,John Paul McBride,<b>John Paul McBride</b> - 73' <br>Goal,(73'),Shot by John Paul McBride,1
202450,2006,scottish+league+two,6347565,4,,1,1.0,0.0,422,t,f,f,,David Weatherston,<b>David Weatherston</b> - 4' <br>Goal,(4'),Shot by David Weatherston,1
202450,2006,scottish+league+two,6350459,66,,2,1.0,0.0,422,t,f,f,,Anthony Quinn,<b>Anthony Quinn</b> - 66' <br>Goal,(66'),Shot by Anthony Quinn,1
202450,2006,scottish+league+two,6351128,80,,2,1.0,0.0,422,t,f,f,,Mark Ferry,<b>Mark Ferry</b> - 80' <br>Goal,(80'),Shot by Mark Ferry,1
202451,2006,scottish+league+two,6347429,1,,1,1.0,0.0,412,t,f,f,,Dennis McLaughlin,<b>Dennis McLaughlin</b> - 1' <br>Penalty - Scored,(1' PEN),Shot by Dennis McLaughlin,1
202451,2006,scottish+league+two,6349537,48,,2,1.0,0.0,412,t,f,f,,Gary Wood,<b>Gary Wood</b> - 48' <br>Goal,(48'),Shot by Gary Wood,1
202451,2006,scottish+league+two,6349974,59,,2,1.0,0.0,412,t,f,f,,Ian Thomson,<b>Ian Thomson</b> - 59' <br>Goal,(59'),Shot by Ian Thomson,1
202451,2006,scottish+league+two,6350076,62,,2,0.0,1.0,252,t,f,f,,William Martin,<b>William Martin</b> - 62' <br>Goal,(62'),Shot by William Martin,1
202451,2006,scottish+league+two,6350529,73,,2,0.0,1.0,252,t,f,f,,Brian Scott,<b>Brian Scott</b> - 73' <br>Goal,(73'),Shot by Brian Scott,1
202452,2006,scottish+league+two,6347776,7,,1,0.0,1.0,420,t,f,f,,Tommy Lennox,<b>Tommy Lennox</b> - 7' <br>Goal,(7'),Shot by Tommy Lennox,1
202452,2006,scottish+league+two,6347971,10,,1,1.0,0.0,421,t,f,f,,Kevin Gordon,<b>Kevin Gordon</b> - 10' <br>Goal,(10'),Shot by Kevin Gordon,1
202452,2006,scottish+league+two,6348232,18,,1,0.0,1.0,420,t,f,f,,Phillip Creaney,<b>Phillip Creaney</b> - 18' <br>Goal,(18'),Shot by Phillip Creaney,1
202452,2006,scottish+league+two,6349955,56,,2,1.0,0.0,421,t,f,f,,Craig O'Reilly,<b>Craig O'Reilly</b> - 56' <br>Goal,(56'),Shot by Craig O'Reilly,1
202453,2006,scottish+league+two,6348034,13,,1,0.0,1.0,415,t,f,f,,Stephen Dobbie,<b>Stephen Dobbie</b> - 13' <br>Penalty - Scored,(13' PEN),Shot by Stephen Dobbie,1
202453,2006,scottish+league+two,6349878,55,,2,0.0,1.0,415,t,f,f,,David Bagan,<b>David Bagan</b> - 55' <br>Goal,(55'),Shot by David Bagan,1
202454,2006,scottish+league+two,6380777,8,,1,0.0,1.0,421,t,f,f,,Craig O'Reilly,<b>Craig O'Reilly</b> - 8' <br>Goal,(8'),Shot by Craig O'Reilly,1
202454,2006,scottish+league+two,6381792,32,,1,0.0,1.0,421,t,f,f,,Neil Jablonski,<b>Neil Jablonski</b> - 32' <br>Goal,(32'),Shot by Neil Jablonski,1
202454,2006,scottish+league+two,6383498,56,,2,0.0,1.0,421,t,f,f,,Craig O'Reilly,<b>Craig O'Reilly</b> - 56' <br>Goal,(56'),Shot by Craig O'Reilly,1
202454,2006,scottish+league+two,6383593,58,,2,0.0,1.0,421,t,f,f,,Ryan Robert Blackadder,<b>Ryan Robert Blackadder</b> - 58' <br>Goal,(58'),Shot by Ryan Robert Blackadder,1
202455,2006,scottish+league+two,6381464,23,,1,1.0,0.0,422,t,f,f,,Anthony Quinn,<b>Anthony Quinn</b> - 23' <br>Goal,(23'),Shot by Anthony Quinn,1
202457,2006,scottish+league+two,6380711,8,,1,1.0,0.0,420,t,f,f,,Tommy Lennox,<b>Tommy Lennox</b> - 8' <br>Goal,(8'),Shot by Tommy Lennox,1
202457,2006,scottish+league+two,6382137,41,,1,1.0,0.0,420,t,f,f,,Scott Chaplain,<b>Scott Chaplain</b> - 41' <br>Goal,(41'),Shot by Scott Chaplain,1
202457,2006,scottish+league+two,6383280,51,,2,0.0,1.0,414,t,f,f,,Greig Henslee,<b>Greig Henslee</b> - 51' <br>Goal,(51'),Shot by Greig Henslee,1
202457,2006,scottish+league+two,6383471,55,,2,1.0,0.0,420,t,f,f,,Phillip Creaney,<b>Phillip Creaney</b> - 55' <br>Goal,(55'),Shot by Phillip Creaney,1
202458,2006,scottish+league+two,6381881,34,,1,1.0,0.0,419,t,f,f,,Adam Moffatt,<b>Adam Moffatt</b> - 34' <br>Goal,(34'),Shot by Adam Moffatt,1
202458,2006,scottish+league+two,6383881,59,,2,0.9225,0.5,405,t,t,f,,Mark Cowan,<b>Mark Cowan</b> - 59' <br>Own Goal,(59' OG),Shot by Mark Cowan,1
202459,2006,scottish+league+two,6407737,19,,1,1.0,0.0,415,t,f,f,,Craig Winter,<b>Craig Winter</b> - 19' <br>Goal,(19'),Shot by Craig Winter,1
202459,2006,scottish+league+two,6410435,70,,2,1.0,0.0,415,t,f,f,,Chris Hamilton,<b>Chris Hamilton</b> - 70' <br>Goal,(70'),Shot by Chris Hamilton,1
202460,2006,scottish+league+two,6409468,46,,2,1.0,0.0,405,t,f,f,,David Templeton,<b>David Templeton</b> - 46' <br>Goal,(46'),Shot by David Templeton,1
202460,2006,scottish+league+two,6410253,63,,2,1.0,0.0,405,t,f,f,,Kevin McLeish,<b>Kevin McLeish</b> - 63' <br>Goal,(63'),Shot by Kevin McLeish,1
202461,2006,scottish+league+two,6409905,56,,2,1.0,0.0,422,t,f,f,,Alan Trouten,<b>Alan Trouten</b> - 56' <br>Goal,(56'),Shot by Alan Trouten,1
202461,2006,scottish+league+two,6410018,57,,2,0.0,1.0,420,t,f,f,,Scott Chaplain,<b>Scott Chaplain</b> - 57' <br>Goal,(57'),Shot by Scott Chaplain,1
202461,2006,scottish+league+two,6411173,82,,2,1.0,0.0,422,t,f,f,,Steven Reilly,<b>Steven Reilly</b> - 82' <br>Penalty - Scored,(82' PEN),Shot by Steven Reilly,1
202462,2006,scottish+league+two,6407717,18,,1,0.0,1.0,252,t,f,f,,William Martin,<b>William Martin</b> - 18' <br>Goal,(18'),Shot by William Martin,1
202463,2006,scottish+league+two,6408388,33,,1,1.0,0.0,421,t,f,f,,Sam Linton,<b>Sam Linton</b> - 33' <br>Goal,(33'),Shot by Sam Linton,1
202463,2006,scottish+league+two,6410196,63,,2,0.0,1.0,419,t,f,f,,Paul Kaczan,<b>Paul Kaczan</b> - 63' <br>Goal,(63'),Shot by Paul Kaczan,1
202464,2006,scottish+league+two,6431359,18,,1,1.0,0.0,412,t,f,f,,Gary Wood,<b>Gary Wood</b> - 18' <br>Goal,(18'),Shot by Gary Wood,1
202464,2006,scottish+league+two,6432243,27,,1,1.0,0.0,412,t,f,f,,Gary Wood,<b>Gary Wood</b> - 27' <br>Goal,(27'),Shot by Gary Wood,1
202464,2006,scottish+league+two,6435302,46,,2,0.0,1.0,421,t,f,f,,Neil Jablonski,<b>Neil Jablonski</b> - 46' <br>Goal,(46'),Shot by Neil Jablonski,1
202464,2006,scottish+league+two,6437064,67,,2,0.0,1.0,421,f,f,f,,Ryan Robert Blackadder,<b>Ryan Robert Blackadder</b> - 67' <br>Penalty - Missed,"",Shot by Ryan Robert Blackadder,1
202465,2006,scottish+league+two,6433772,45,,1,0.0,1.0,420,t,f,f,,Gordon Lennon,<b>Gordon Lennon</b> - 45' <br>Goal,(45'),Shot by Gordon Lennon,1
202465,2006,scottish+league+two,6435816,48,,2,0.0,1.0,420,t,f,f,,Ciaran Donnelly,<b>Ciaran Donnelly</b> - 48' <br>Goal,(48'),Shot by Ciaran Donnelly,1
202465,2006,scottish+league+two,6437525,80,,2,0.0,1.0,420,t,f,f,,Bryan Felvus,<b>Bryan Felvus</b> - 80' <br>Goal,(80'),Shot by Bryan Felvus,1
202466,2006,scottish+league+two,6432121,25,,1,0.0,1.0,422,t,f,f,,David Weatherston,<b>David Weatherston</b> - 25' <br>Goal,(25'),Shot by David Weatherston,1
202466,2006,scottish+league+two,6437515,81,,2,0.0,1.0,422,t,f,f,,David Weatherston,<b>David Weatherston</b> - 81' <br>Goal,(81'),Shot by David Weatherston,1
202466,2006,scottish+league+two,6437794,88,,2,0.0,1.0,422,t,f,f,,Paul Paton,<b>Paul Paton</b> - 88' <br>Goal,(88'),Shot by Paul Paton,1
202467,2006,scottish+league+two,6437361,77,,2,1.0,0.0,405,t,f,f,,John Paul McBride,<b>John Paul McBride</b> - 77' <br>Goal,(77'),Shot by John Paul McBride,1
202468,2006,scottish+league+two,6432717,31,,1,1.0,0.0,252,t,f,f,,Barry Sellars,<b>Barry Sellars</b> - 31' <br>Goal,(31'),Shot by Barry Sellars,1
202468,2006,scottish+league+two,6437293,72,,2,0.0,1.0,418,t,f,f,,Steven Dymock,<b>Steven Dymock</b> - 72' <br>Goal,(72'),Shot by Steven Dymock,1
202468,2006,scottish+league+two,6437903,89,,2,0.0775,0.5,252,t,t,f,,Jamie Bishop,<b>Jamie Bishop</b> - 89' <br>Own Goal,(89' OG),Shot by Jamie Bishop,1
202469,2006,scottish+league+two,6500131,16,,1,1.0,0.0,421,t,f,f,,Neil Jablonski,<b>Neil Jablonski</b> - 16' <br>Goal,(16'),Shot by Neil Jablonski,1
202469,2006,scottish+league+two,6506299,67,,2,1.0,0.0,421,t,f,f,,Kevin Gordon,<b>Kevin Gordon</b> - 67' <br>Goal,(67'),Shot by Kevin Gordon,1
202471,2006,scottish+league+two,6502600,43,,1,1.0,0.0,422,t,f,f,,Mark Ferry,<b>Mark Ferry</b> - 43' <br>Goal,(43'),Shot by Mark Ferry,1
202471,2006,scottish+league+two,6505340,56,,2,0.0,1.0,405,t,f,f,,Iain Diack,<b>Iain Diack</b> - 56' <br>Goal,(56'),Shot by Iain Diack,1
202472,2006,scottish+league+two,6499638,11,,1,0.0,1.0,252,t,f,f,,Jamie Bishop,<b>Jamie Bishop</b> - 11' <br>Goal,(11'),Shot by Jamie Bishop,1
202472,2006,scottish+league+two,6500440,19,,1,0.0,1.0,252,t,f,f,,Jay Stein,<b>Jay Stein</b> - 19' <br>Goal,(19'),Shot by Jay Stein,1
202472,2006,scottish+league+two,6505791,61,,2,0.0,1.0,252,t,f,f,,Robbie Raeside,<b>Robbie Raeside</b> - 61' <br>Goal,(61'),Shot by Robbie Raeside,1
202472,2006,scottish+league+two,6508184,88,,2,1.0,0.0,420,t,f,f,,Phillip Creaney,<b>Phillip Creaney</b> - 88' <br>Goal,(88'),Shot by Phillip Creaney,1
202473,2006,scottish+league+two,6504167,47,,2,1.0,0.0,415,t,f,f,,Ryan Borris,<b>Ryan Borris</b> - 47' <br>Goal,(47'),Shot by Ryan Borris,1
202473,2006,scottish+league+two,6505602,62,,2,1.0,0.0,415,t,f,f,,Stephen Dobbie,<b>Stephen Dobbie</b> - 62' <br>Goal,(62'),Shot by Stephen Dobbie,1
202473,2006,scottish+league+two,6505913,67,,2,1.0,0.0,415,t,f,f,,Craig Winter,<b>Craig Winter</b> - 67' <br>Goal,(67'),Shot by Craig Winter,1
202473,2006,scottish+league+two,6508343,89,,2,0.0,1.0,419,t,f,f,,Martin Johnson,<b>Martin Johnson</b> - 89' <br>Goal,(89'),Shot by Martin Johnson,1
202474,2006,scottish+league+two,6535055,2,,1,1.0,0.0,420,t,f,f,,Peter Watson,<b>Peter Watson</b> - 2' <br>Goal,(2'),Shot by Peter Watson,1
202474,2006,scottish+league+two,6535375,5,,1,1.0,0.0,420,t,f,f,,Scott Chaplain,<b>Scott Chaplain</b> - 5' <br>Goal,(5'),Shot by Scott Chaplain,1
202474,2006,scottish+league+two,6540674,46,,2,0.0,1.0,415,t,f,f,,Ryan Borris,<b>Ryan Borris</b> - 46' <br>Goal,(46'),Shot by Ryan Borris,1
202475,2006,scottish+league+two,6538537,31,,1,1.0,0.0,252,t,f,f,,William Martin,<b>William Martin</b> - 31' <br>Goal,(31'),Shot by William Martin,1
202475,2006,scottish+league+two,6544547,82,,2,1.0,0.0,252,t,f,f,,Brian Scott,<b>Brian Scott</b> - 82' <br>Goal,(82'),Shot by Brian Scott,1
202476,2006,scottish+league+two,6538064,26,,1,1.0,0.0,412,t,f,f,,Kevin Haynes,<b>Kevin Haynes</b> - 26' <br>Penalty - Scored,(26' PEN),Shot by Kevin Haynes,1
202476,2006,scottish+league+two,6539128,36,,1,1.0,0.0,412,t,f,f,,Gary Wood,<b>Gary Wood</b> - 36' <br>Goal,(36'),Shot by Gary Wood,1
202476,2006,scottish+league+two,6540490,44,,1,1.0,0.0,412,t,f,f,,Grant McNicoll,<b>Grant McNicoll</b> - 44' <br>Goal,(44'),Shot by Grant McNicoll,1
202476,2006,scottish+league+two,6540764,48,,2,0.0,1.0,419,t,f,f,,Martin Johnson,<b>Martin Johnson</b> - 48' <br>Goal,(48'),Shot by Martin Johnson,1
202477,2006,scottish+league+two,6540865,47,,2,1.0,0.0,421,t,f,f,,Kevin Gordon,<b>Kevin Gordon</b> - 47' <br>Goal,(47'),Shot by Kevin Gordon,1
202478,2006,scottish+league+two,6535148,3,,1,0.0,1.0,414,t,f,f,,Gerrard Stirling,<b>Gerrard Stirling</b> - 3' <br>Goal,(3'),Shot by Gerrard Stirling,1
202478,2006,scottish+league+two,6535552,6,,1,0.0,1.0,414,t,f,f,,Craig Higgins,<b>Craig Higgins</b> - 6' <br>Goal,(6'),Shot by Craig Higgins,1
202478,2006,scottish+league+two,6536464,14,,1,0.0,1.0,414,t,f,f,,James Mercer,<b>James Mercer</b> - 14' <br>Goal,(14'),Shot by James Mercer,1
202479,2006,scottish+league+two,6607612,9,,1,1.0,0.0,415,t,f,f,,Stephen Dobbie,<b>Stephen Dobbie</b> - 9' <br>Goal,(9'),Shot by Stephen Dobbie,1
202479,2006,scottish+league+two,6613106,62,,2,1.0,0.0,415,t,f,f,,Craig Winter,<b>Craig Winter</b> - 62' <br>Goal,(62'),Shot by Craig Winter,1
202479,2006,scottish+league+two,6615476,86,,2,0.0,1.0,421,t,f,f,,Neil Jablonski,<b>Neil Jablonski</b> - 86' <br>Goal,(86'),Shot by Neil Jablonski,1
202480,2006,scottish+league+two,6607848,11,,1,0.0,1.0,252,t,f,f,,Brian Scott,<b>Brian Scott</b> - 11' <br>Goal,(11'),Shot by Brian Scott,1
202480,2006,scottish+league+two,6608589,18,,1,0.0,1.0,252,t,f,f,,Barry Sellars,<b>Barry Sellars</b> - 18' <br>Goal,(18'),Shot by Barry Sellars,1
202480,2006,scottish+league+two,6612074,50,,2,0.0,1.0,252,t,f,f,,William Martin,<b>William Martin</b> - 50' <br>Penalty - Scored,(50' PEN),Shot by William Martin,1
202480,2006,scottish+league+two,6615135,83,,2,0.0,1.0,252,t,f,f,,Barry Sellars,<b>Barry Sellars</b> - 83' <br>Goal,(83'),Shot by Barry Sellars,1
202481,2006,scottish+league+two,6610536,41,,1,0.0,1.0,412,t,f,f,,Kevin Haynes,<b>Kevin Haynes</b> - 41' <br>Penalty - Scored,(41' PEN),Shot by Kevin Haynes,1
202482,2006,scottish+league+two,6609377,23,,1,0.0,1.0,418,t,f,f,,Paul Stewart,<b>Paul Stewart</b> - 23' <br>Penalty - Scored,(23' PEN),Shot by Paul Stewart,1
202482,2006,scottish+league+two,6613187,60,,2,1.0,0.0,422,t,f,f,,David Weatherston,<b>David Weatherston</b> - 60' <br>Goal,(60'),Shot by David Weatherston,1
202482,2006,scottish+league+two,6614069,68,,2,0.0,1.0,418,t,f,f,,Joe Boyle,<b>Joe Boyle</b> - 68' <br>Goal,(68'),Shot by Joe Boyle,1
202482,2006,scottish+league+two,6614667,77,,2,0.0,1.0,418,t,f,f,,Derek Ure,<b>Derek Ure</b> - 77' <br>Goal,(77'),Shot by Derek Ure,1
202483,2006,scottish+league+two,6609243,22,,1,1.0,0.0,405,t,f,f,,Iain Diack,<b>Iain Diack</b> - 22' <br>Goal,(22'),Shot by Iain Diack,1
202483,2006,scottish+league+two,6609574,27,,1,1.0,0.0,405,t,f,f,,Jon Baird,<b>Jon Baird</b> - 27' <br>Goal,(27'),Shot by Jon Baird,1
202483,2006,scottish+league+two,6611486,44,,1,1.0,0.0,405,t,f,f,,Jon Baird,<b>Jon Baird</b> - 44' <br>Goal,(44'),Shot by Jon Baird,1
202483,2006,scottish+league+two,6612857,54,,2,0.0775,0.5,405,t,t,f,,David Murie,<b>David Murie</b> - 54' <br>Own Goal,(54' OG),Shot by David Murie,1
202483,2006,scottish+league+two,6614737,71,,2,0.0,1.0,420,t,f,f,,Scott Chaplain,<b>Scott Chaplain</b> - 71' <br>Penalty - Scored,(71' PEN),Shot by Scott Chaplain,1
202489,2006,scottish+league+two,6658549,6,,1,0.0,1.0,414,t,f,f,,Scott Michie,<b>Scott Michie</b> - 6' <br>Goal,(6'),Shot by Scott Michie,1
202489,2006,scottish+league+two,6659978,20,,1,1.0,0.0,419,t,f,f,,Adam Moffatt,<b>Adam Moffatt</b> - 20' <br>Goal,(20'),Shot by Adam Moffatt,1
202489,2006,scottish+league+two,6661158,31,,1,1.0,0.0,419,t,f,f,,Martin Johnson,<b>Martin Johnson</b> - 31' <br>Goal,(31'),Shot by Martin Johnson,1
202489,2006,scottish+league+two,6661929,39,,1,0.0775,0.5,419,t,t,f,,Craig Campbell,<b>Craig Campbell</b> - 39' <br>Own Goal,(39' OG),Shot by Craig Campbell,1
202489,2006,scottish+league+two,6665217,53,,2,1.0,0.0,419,t,f,f,,Martin Johnson,<b>Martin Johnson</b> - 53' <br>Penalty - Scored,(53' PEN),Shot by Martin Johnson,1
202490,2006,scottish+league+two,6658047,1,,1,1.0,0.0,420,t,f,f,,David MacFarlane,<b>David MacFarlane</b> - 1' <br>Goal,(1'),Shot by David MacFarlane,1
202490,2006,scottish+league+two,6658267,5,,1,1.0,0.0,420,t,f,f,,Patrick Walker,<b>Patrick Walker</b> - 5' <br>Goal,(5'),Shot by Patrick Walker,1
202490,2006,scottish+league+two,6662100,44,,1,1.0,0.0,420,t,f,f,,Patrick Walker,<b>Patrick Walker</b> - 44' <br>Goal,(44'),Shot by Patrick Walker,1
202490,2006,scottish+league+two,6669281,87,,2,1.0,0.0,420,t,f,f,,Bryan Felvus,<b>Bryan Felvus</b> - 87' <br>Goal,(87'),Shot by Bryan Felvus,1
202491,2006,scottish+league+two,6660294,19,,1,0.0,1.0,421,t,f,f,,Paul Ritchie,<b>Paul Ritchie</b> - 19' <br>Goal,(19'),Shot by Paul Ritchie,1
202491,2006,scottish+league+two,6660886,25,,1,1.0,0.0,252,t,f,f,,Paul Watson,<b>Paul Watson</b> - 25' <br>Goal,(25'),Shot by Paul Watson,1
202493,2006,scottish+league+two,6658680,5,,1,0.0,1.0,412,t,f,f,,Stuart Fraser,<b>Stuart Fraser</b> - 5' <br>Goal,(5'),Shot by Stuart Fraser,1
202493,2006,scottish+league+two,6659382,12,,1,1.0,0.0,405,t,f,f,,Gareth Hutchison,<b>Gareth Hutchison</b> - 12' <br>Goal,(12'),Shot by Gareth Hutchison,1
202493,2006,scottish+league+two,6659822,14,,1,0.0,1.0,412,t,f,f,,Ian Thomson,<b>Ian Thomson</b> - 14' <br>Goal,(14'),Shot by Ian Thomson,1
202493,2006,scottish+league+two,6660393,21,,1,0.0,1.0,412,t,f,f,,Gary Greenhill,<b>Gary Greenhill</b> - 21' <br>Goal,(21'),Shot by Gary Greenhill,1
202493,2006,scottish+league+two,6666190,56,,2,1.0,0.0,405,t,f,f,,Shuan Fagan,<b>Shuan Fagan</b> - 56' <br>Goal,(56'),Shot by Shuan Fagan,1
202497,2006,scottish+league+two,6685574,51,,2,1.0,0.0,420,t,f,f,,Patrick Walker,<b>Patrick Walker</b> - 51' <br>Goal,(51'),Shot by Patrick Walker,1
202497,2006,scottish+league+two,6685736,68,,2,0.0,1.0,422,t,f,f,,Steven Canning,<b>Steven Canning</b> - 68' <br>Penalty - Scored,(68' PEN),Shot by Steven Canning,1
202497,2006,scottish+league+two,6685859,84,,2,1.0,0.0,420,t,f,f,,Patrick Walker,<b>Patrick Walker</b> - 84' <br>Goal,(84'),Shot by Patrick Walker,1
202498,2006,scottish+league+two,6685325,32,,1,1.0,0.0,252,t,f,f,,Andy Reilly,<b>Andy Reilly</b> - 32' <br>Goal,(32'),Shot by Andy Reilly,1
202499,2006,scottish+league+two,6708010,39,,1,0.0,1.0,412,t,f,f,,Kevin Haynes,<b>Kevin Haynes</b> - 39' <br>Goal,(39'),Shot by Kevin Haynes,1
202499,2006,scottish+league+two,6708325,42,,1,0.0,1.0,412,t,f,f,,David Greenhill,<b>David Greenhill</b> - 42' <br>Goal,(42'),Shot by David Greenhill,1
202500,2006,scottish+league+two,6703732,2,,1,0.0,1.0,419,t,f,f,,Martin Johnson,<b>Martin Johnson</b> - 2' <br>Goal,(2'),Shot by Martin Johnson,1
202500,2006,scottish+league+two,6705256,15,,1,0.0,1.0,419,t,f,f,,Martin Charlesworth,<b>Martin Charlesworth</b> - 15' <br>Goal,(15'),Shot by Martin Charlesworth,1
202500,2006,scottish+league+two,6708238,42,,1,1.0,0.0,405,t,f,f,,John Dempster,<b>John Dempster</b> - 42' <br>Goal,(42'),Shot by John Dempster,1
202500,2006,scottish+league+two,6711093,67,,2,1.0,0.0,405,t,f,f,,John Dempster,<b>John Dempster</b> - 67' <br>Goal,(67'),Shot by John Dempster,1
202500,2006,scottish+league+two,6713508,88,,2,1.0,0.0,405,t,f,f,,John Paul McBride,<b>John Paul McBride</b> - 88' <br>Goal,(88'),Shot by John Paul McBride,1
202501,2006,scottish+league+two,6705964,21,,1,1.0,0.0,415,t,f,f,,Paul McQuilken,<b>Paul McQuilken</b> - 21' <br>Goal,(21'),Shot by Paul McQuilken,1
202502,2006,scottish+league+two,6712112,78,,2,0.0,1.0,418,t,f,f,,A Trialist,<b>A Trialist</b> - 78' <br>Goal,(78'),Shot by A Trialist,1
202502,2006,scottish+league+two,6713368,89,,2,0.0,1.0,418,t,f,f,,Paul Stewart,<b>Paul Stewart</b> - 89' <br>Goal,(89'),Shot by Paul Stewart,1
202503,2006,scottish+league+two,6706216,26,,1,0.0,1.0,420,t,f,f,,Patrick Walker,<b>Patrick Walker</b> - 26' <br>Goal,(26'),Shot by Patrick Walker,1
202503,2006,scottish+league+two,6707639,39,,1,1.0,0.0,414,t,f,f,,Andy Rogers,<b>Andy Rogers</b> - 39' <br>Goal,(39'),Shot by Andy Rogers,1
202503,2006,scottish+league+two,6709463,54,,2,0.0,1.0,420,t,f,f,,Kevin Nicoll,<b>Kevin Nicoll</b> - 54' <br>Goal,(54'),Shot by Kevin Nicoll,1
202503,2006,scottish+league+two,6710584,55,,2,1.0,0.0,414,t,f,f,,Scott Michie,<b>Scott Michie</b> - 55' <br>Goal,(55'),Shot by Scott Michie,1
202503,2006,scottish+league+two,6713391,90,,2,0.0,1.0,420,t,f,f,,Patrick Walker,<b>Patrick Walker</b> - 90' <br>Goal,(90'),Shot by Patrick Walker,1
202504,2006,scottish+league+two,6727699,19,,1,0.0,1.0,419,t,f,f,,Hugh Dickson,<b>Hugh Dickson</b> - 19' <br>Goal,(19'),Shot by Hugh Dickson,1
202504,2006,scottish+league+two,6727743,20,,1,1.0,0.0,420,t,f,f,,Ian Chisholm,<b>Ian Chisholm</b> - 20' <br>Goal,(20'),Shot by Ian Chisholm,1
202504,2006,scottish+league+two,6728459,28,,1,1.0,0.0,420,t,f,f,,Patrick Walker,<b>Patrick Walker</b> - 28' <br>Goal,(28'),Shot by Patrick Walker,1
202504,2006,scottish+league+two,6729944,38,,1,0.9225,0.5,419,t,t,f,,Stephen Low,<b>Stephen Low</b> - 38' <br>Own Goal,(38' OG),Shot by Stephen Low,1
202504,2006,scottish+league+two,6731491,49,,2,1.0,0.0,420,t,f,f,,Scott Chaplain,<b>Scott Chaplain</b> - 49' <br>Goal,(49'),Shot by Scott Chaplain,1
202504,2006,scottish+league+two,6732575,59,,2,0.0,1.0,419,t,f,f,,Martin Johnson,<b>Martin Johnson</b> - 59' <br>Penalty - Scored,(59' PEN),Shot by Martin Johnson,1
202504,2006,scottish+league+two,6735022,81,,2,1.0,0.0,420,t,f,f,,David MacFarlane,<b>David MacFarlane</b> - 81' <br>Goal,(81'),Shot by David MacFarlane,1
202504,2006,scottish+league+two,6736125,90,,2,1.0,0.0,420,t,f,f,,Scott Chaplain,<b>Scott Chaplain</b> - 90' <br>Goal,(90'),Shot by Scott Chaplain,1
202506,2006,scottish+league+two,6731550,48,,2,0.0,1.0,412,t,f,f,,Robbie Horn,<b>Robbie Horn</b> - 48' <br>Goal,(48'),Shot by Robbie Horn,1
202506,2006,scottish+league+two,6731749,50,,2,0.0,1.0,412,t,f,f,,Kevin Haynes,<b>Kevin Haynes</b> - 50' <br>Goal,(50'),Shot by Kevin Haynes,1
202508,2006,scottish+league+two,6727366,15,,1,1.0,0.0,422,t,f,f,,Steven Canning,<b>Steven Canning</b> - 15' <br>Penalty - Scored,(15' PEN),Shot by Steven Canning,1
202508,2006,scottish+league+two,6730134,38,,1,1.0,0.0,422,t,f,f,,Mark Ferry,<b>Mark Ferry</b> - 38' <br>Goal,(38'),Shot by Mark Ferry,1
202508,2006,scottish+league+two,6733287,63,,2,0.9225,0.5,414,t,t,f,,Barry Donachie,<b>Barry Donachie</b> - 63' <br>Own Goal,(63' OG),Shot by Barry Donachie,1
202508,2006,scottish+league+two,6733583,66,,2,1.0,0.0,422,t,f,f,,Alan Trouten,<b>Alan Trouten</b> - 66' <br>Goal,(66'),Shot by Alan Trouten,1
202508,2006,scottish+league+two,6734813,76,,2,1.0,0.0,422,t,f,f,,Anthony Quinn,<b>Anthony Quinn</b> - 76' <br>Goal,(76'),Shot by Anthony Quinn,1
202510,2006,scottish+league+two,6755819,8,,1,1.0,0.0,412,t,f,f,,David Greenhill,<b>David Greenhill</b> - 8' <br>Goal,(8'),Shot by David Greenhill,1
202510,2006,scottish+league+two,6757881,29,,1,1.0,0.0,412,t,f,f,,Iain Diack,<b>Iain Diack</b> - 29' <br>Goal,(29'),Shot by Iain Diack,1
202511,2006,scottish+league+two,6759564,43,,1,0.0,1.0,415,t,f,f,,Chris Boyle,<b>Chris Boyle</b> - 43' <br>Goal,(43'),Shot by Chris Boyle,1
202512,2006,scottish+league+two,6755681,7,,1,0.0,1.0,421,t,f,f,,Ryan Robert Blackadder,<b>Ryan Robert Blackadder</b> - 7' <br>Goal,(7'),Shot by Ryan Robert Blackadder,1
202512,2006,scottish+league+two,6758695,34,,1,0.0,1.0,421,t,f,f,,Jamie McGowan,<b>Jamie McGowan</b> - 34' <br>Goal,(34'),Shot by Jamie McGowan,1
202512,2006,scottish+league+two,6761974,62,,2,0.0,1.0,421,t,f,f,,Stevie Nicholas,<b>Stevie Nicholas</b> - 62' <br>Goal,(62'),Shot by Stevie Nicholas,1
202512,2006,scottish+league+two,6762543,67,,2,1.0,0.0,414,t,f,f,,Stephen Black,<b>Stephen Black</b> - 67' <br>Goal,(67'),Shot by Stephen Black,1
202512,2006,scottish+league+two,6762840,70,,2,1.0,0.0,414,t,f,f,,Scott Michie,<b>Scott Michie</b> - 70' <br>Goal,(70'),Shot by Scott Michie,1
202512,2006,scottish+league+two,6764479,86,,2,1.0,0.0,414,t,f,f,,Stephen Black,<b>Stephen Black</b> - 86' <br>Goal,(86'),Shot by Stephen Black,1
202513,2006,scottish+league+two,6761588,55,,2,0.0,1.0,422,t,f,f,,Alan Trouten,<b>Alan Trouten</b> - 55' <br>Penalty - Scored,(55' PEN),Shot by Alan Trouten,1
202513,2006,scottish+league+two,6761643,59,,2,0.0,1.0,422,t,f,f,,Mark Ferry,<b>Mark Ferry</b> - 59' <br>Goal,(59'),Shot by Mark Ferry,1
202513,2006,scottish+league+two,6763682,78,,2,1.0,0.0,405,t,f,f,,John Paul McBride,<b>John Paul McBride</b> - 78' <br>Goal,(78'),Shot by John Paul McBride,1
202514,2006,scottish+league+two,6794340,20,,1,1.0,0.0,415,t,f,f,,Tommy Coyne,<b>Tommy Coyne</b> - 20' <br>Goal,(20'),Shot by Tommy Coyne,1
202514,2006,scottish+league+two,6794870,25,,1,0.0,1.0,420,t,f,f,,David MacFarlane,<b>David MacFarlane</b> - 25' <br>Goal,(25'),Shot by David MacFarlane,1
202514,2006,scottish+league+two,6797788,47,,2,1.0,0.0,415,t,f,f,,Ryan Borris,<b>Ryan Borris</b> - 47' <br>Goal,(47'),Shot by Ryan Borris,1
202514,2006,scottish+league+two,6797895,48,,2,1.0,0.0,415,t,f,f,,Tommy Coyne,<b>Tommy Coyne</b> - 48' <br>Goal,(48'),Shot by Tommy Coyne,1
202515,2006,scottish+league+two,6792280,4,,1,1.0,0.0,419,t,f,f,,Martin Charlesworth,<b>Martin Charlesworth</b> - 4' <br>Goal,(4'),Shot by Martin Charlesworth,1
202515,2006,scottish+league+two,6796907,42,,1,1.0,0.0,419,t,f,f,,Steven Mackay,<b>Steven Mackay</b> - 42' <br>Penalty - Scored,(42' PEN),Shot by Steven Mackay,1
202515,2006,scottish+league+two,6801282,77,,2,0.0,1.0,412,t,f,f,,Grant McNicoll,<b>Grant McNicoll</b> - 77' <br>Goal,(77'),Shot by Grant McNicoll,1
202516,2006,scottish+league+two,6797477,45,,1,1.0,0.0,414,f,f,f,,Andy Rogers,<b>Andy Rogers</b> - 45' <br>Penalty - Missed,"",Shot by Andy Rogers,1
202516,2006,scottish+league+two,6797908,47,,2,1.0,0.0,414,t,f,f,,Andy Rogers,<b>Andy Rogers</b> - 47' <br>Goal,(47'),Shot by Andy Rogers,1
202516,2006,scottish+league+two,6800125,66,,2,1.0,0.0,414,t,f,f,,Stephen Black,<b>Stephen Black</b> - 66' <br>Goal,(66'),Shot by Stephen Black,1
202516,2006,scottish+league+two,6801180,75,,2,1.0,0.0,414,t,f,f,,Neil Stephen,<b>Neil Stephen</b> - 75' <br>Goal,(75'),Shot by Neil Stephen,1
202516,2006,scottish+league+two,6802589,87,,2,1.0,0.0,414,t,f,f,,Greig Henslee,<b>Greig Henslee</b> - 87' <br>Goal,(87'),Shot by Greig Henslee,1
202517,2006,scottish+league+two,6800732,70,,2,0.0,1.0,421,t,f,f,,Kevin McBride,<b>Kevin McBride</b> - 70' <br>Goal,(70'),Shot by Kevin McBride,1
202517,2006,scottish+league+two,6802852,88,,2,1.0,0.0,422,t,f,f,,Frank Carroll,<b>Frank Carroll</b> - 88' <br>Goal,(88'),Shot by Frank Carroll,1
202518,2006,scottish+league+two,6802079,80,,2,1.0,0.0,405,t,f,f,,Andy Thomson,<b>Andy Thomson</b> - 80' <br>Goal,(80'),Shot by Andy Thomson,1
202518,2006,scottish+league+two,6802121,81,,2,0.0,1.0,252,t,f,f,,Robbie Raeside,<b>Robbie Raeside</b> - 81' <br>Goal,(81'),Shot by Robbie Raeside,1
202518,2006,scottish+league+two,6803393,90,,2,0.0,1.0,252,t,f,f,,Kevin Webster,<b>Kevin Webster</b> - 90' <br>Goal,(90'),Shot by Kevin Webster,1
202519,2006,scottish+league+two,6856696,40,,1,1.0,0.0,412,t,f,f,,Iain Diack,<b>Iain Diack</b> - 40' <br>Goal,(40'),Shot by Iain Diack,1
202521,2006,scottish+league+two,6853470,12,,1,0.0,1.0,422,t,f,f,,David Weatherston,<b>David Weatherston</b> - 12' <br>Goal,(12'),Shot by David Weatherston,1
202521,2006,scottish+league+two,6856395,36,,1,0.0,1.0,422,t,f,f,,Stuart Kettlewell,<b>Stuart Kettlewell</b> - 36' <br>Goal,(36'),Shot by Stuart Kettlewell,1
202524,2006,scottish+league+two,6897787,11,,1,1.0,0.0,412,t,f,f,,Iain Diack,<b>Iain Diack</b> - 11' <br>Goal,(11'),Shot by Iain Diack,1
202524,2006,scottish+league+two,6903824,59,,2,1.0,0.0,412,t,f,f,,Ian Thomson,<b>Ian Thomson</b> - 59' <br>Goal,(59'),Shot by Ian Thomson,1
202524,2006,scottish+league+two,6907533,87,,2,0.0,1.0,405,t,f,f,,Andy Thomson,<b>Andy Thomson</b> - 87' <br>Goal,(87'),Shot by Andy Thomson,1
202525,2006,scottish+league+two,6899368,20,,1,1.0,0.0,422,t,f,f,,David Weatherston,<b>David Weatherston</b> - 20' <br>Goal,(20'),Shot by David Weatherston,1
202525,2006,scottish+league+two,6904144,57,,2,1.0,0.0,422,t,f,f,,Mark Ferry,<b>Mark Ferry</b> - 57' <br>Goal,(57'),Shot by Mark Ferry,1
202526,2006,scottish+league+two,6897042,3,,1,0.0,1.0,252,t,f,f,,Alan Brazil,<b>Alan Brazil</b> - 3' <br>Goal,(3'),Shot by Alan Brazil,1
202526,2006,scottish+league+two,6902598,45,,1,0.0,1.0,252,t,f,f,,Paul Watson,<b>Paul Watson</b> - 45' <br>Goal,(45'),Shot by Paul Watson,1
202526,2006,scottish+league+two,6905250,66,,2,1.0,0.0,421,t,f,f,,Paul Ritchie,<b>Paul Ritchie</b> - 66' <br>Goal,(66'),Shot by Paul Ritchie,1
202528,2006,scottish+league+two,6898806,16,,1,0.0,1.0,419,t,f,f,,Paul Kaczan,<b>Paul Kaczan</b> - 16' <br>Goal,(16'),Shot by Paul Kaczan,1
202529,2006,scottish+league+two,6952254,90,,2,1.0,0.0,252,t,f,f,,Andy Reilly,<b>Andy Reilly</b> - 90' <br>Goal,(90'),Shot by Andy Reilly,1
202530,2006,scottish+league+two,6943865,17,,1,1.0,0.0,415,t,f,f,,Tommy Coyne,<b>Tommy Coyne</b> - 17' <br>Penalty - Scored,(17' PEN),Shot by Tommy Coyne,1
202530,2006,scottish+league+two,6945823,37,,1,0.0,1.0,418,t,f,f,,Paul Stewart,<b>Paul Stewart</b> - 37' <br>Goal,(37'),Shot by Paul Stewart,1
202530,2006,scottish+league+two,6950078,73,,2,1.0,0.0,415,t,f,f,,Chris Gentile,<b>Chris Gentile</b> - 73' <br>Goal,(73'),Shot by Chris Gentile,1
202531,2006,scottish+league+two,6948940,61,,2,0.0,1.0,422,t,f,f,,Mark Ferry,<b>Mark Ferry</b> - 61' <br>Goal,(61'),Shot by Mark Ferry,1
202531,2006,scottish+league+two,6949220,64,,2,0.0,1.0,422,t,f,f,,David Weatherston,<b>David Weatherston</b> - 64' <br>Goal,(64'),Shot by David Weatherston,1
202531,2006,scottish+league+two,6951971,90,,2,0.0,1.0,422,t,f,f,,Paul Cairney,<b>Paul Cairney</b> - 90' <br>Goal,(90'),Shot by Paul Cairney,1
202532,2006,scottish+league+two,6943073,9,,1,0.0,1.0,421,t,f,f,,Craig O'Reilly,<b>Craig O'Reilly</b> - 9' <br>Goal,(9'),Shot by Craig O'Reilly,1
202532,2006,scottish+league+two,6944834,26,,1,0.0,1.0,421,t,f,f,,Craig O'Reilly,<b>Craig O'Reilly</b> - 26' <br>Goal,(26'),Shot by Craig O'Reilly,1
202532,2006,scottish+league+two,6946084,38,,1,0.0,1.0,421,t,f,f,,Jonathan Smart,<b>Jonathan Smart</b> - 38' <br>Goal,(38'),Shot by Jonathan Smart,1
202533,2006,scottish+league+two,6942866,8,,1,1.0,0.0,405,t,f,f,,John Dempster,<b>John Dempster</b> - 8' <br>Goal,(8'),Shot by John Dempster,1
202533,2006,scottish+league+two,6943921,17,,1,0.0,1.0,414,t,f,f,,Neil Stephen,<b>Neil Stephen</b> - 17' <br>Goal,(17'),Shot by Neil Stephen,1
202533,2006,scottish+league+two,6945030,29,,1,1.0,0.0,405,t,f,f,,Paul Murphy,<b>Paul Murphy</b> - 29' <br>Goal,(29'),Shot by Paul Murphy,1
202533,2006,scottish+league+two,6948870,64,,2,0.0,1.0,414,t,f,f,,Neil Stephen,<b>Neil Stephen</b> - 64' <br>Goal,(64'),Shot by Neil Stephen,1
202533,2006,scottish+league+two,6949405,69,,2,0.0,1.0,414,t,f,f,,Scott Michie,<b>Scott Michie</b> - 69' <br>Goal,(69'),Shot by Scott Michie,1
202533,2006,scottish+league+two,6949876,76,,2,0.0,1.0,414,t,f,f,,Stephen Black,<b>Stephen Black</b> - 76' <br>Goal,(76'),Shot by Stephen Black,1
202533,2006,scottish+league+two,6950382,80,,2,0.0,1.0,414,t,f,f,,Neil Stephen,<b>Neil Stephen</b> - 80' <br>Goal,(80'),Shot by Neil Stephen,1
202534,2006,scottish+league+two,6975982,16,,1,1.0,0.0,422,t,f,f,,David Weatherston,<b>David Weatherston</b> - 16' <br>Goal,(16'),Shot by David Weatherston,1
202534,2006,scottish+league+two,6980993,53,,2,1.0,0.0,422,t,f,f,,Stuart Kettlewell,<b>Stuart Kettlewell</b> - 53' <br>Goal,(53'),Shot by Stuart Kettlewell,1
202534,2006,scottish+league+two,6982982,70,,2,1.0,0.0,422,t,f,f,,Alan Trouten,<b>Alan Trouten</b> - 70' <br>Penalty - Scored,(70' PEN),Shot by Alan Trouten,1
202534,2006,scottish+league+two,6983540,76,,2,1.0,0.0,422,t,f,f,,Mark Ferry,<b>Mark Ferry</b> - 76' <br>Goal,(76'),Shot by Mark Ferry,1
202534,2006,scottish+league+two,6984215,80,,2,1.0,0.0,422,t,f,f,,Mark Ferry,<b>Mark Ferry</b> - 80' <br>Goal,(80'),Shot by Mark Ferry,1
202535,2006,scottish+league+two,6979656,45,,1,0.0,1.0,418,t,f,f,,Mark McKenzie,<b>Mark McKenzie</b> - 45' <br>Goal,(45'),Shot by Mark McKenzie,1
202535,2006,scottish+league+two,6981454,59,,2,0.9225,0.5,418,t,t,f,,Carl Thywissen,<b>Carl Thywissen</b> - 59' <br>Own Goal,(59' OG),Shot by Carl Thywissen,1
202536,2006,scottish+league+two,6974535,7,,1,0.0,1.0,419,t,f,f,,Martin Johnson,<b>Martin Johnson</b> - 7' <br>Penalty - Scored,(7' PEN),Shot by Martin Johnson,1
202536,2006,scottish+league+two,6975946,17,,1,1.0,0.0,421,t,f,f,,Jonathan Smart,<b>Jonathan Smart</b> - 17' <br>Goal,(17'),Shot by Jonathan Smart,1
202536,2006,scottish+league+two,6978818,41,,1,1.0,0.0,421,t,f,f,,Craig O'Reilly,<b>Craig O'Reilly</b> - 41' <br>Goal,(41'),Shot by Craig O'Reilly,1
202536,2006,scottish+league+two,6985073,89,,2,1.0,0.0,421,t,f,f,,Craig O'Reilly,<b>Craig O'Reilly</b> - 89' <br>Goal,(89'),Shot by Craig O'Reilly,1
202537,2006,scottish+league+two,6976032,20,,1,0.0,1.0,412,t,f,f,,Robbie Manson,<b>Robbie Manson</b> - 20' <br>Goal,(20'),Shot by Robbie Manson,1
202537,2006,scottish+league+two,6976299,21,,1,1.0,0.0,415,t,f,f,,Thomas Coyne,<b>Thomas Coyne</b> - 21' <br>Goal,(21'),Shot by Thomas Coyne,1
202537,2006,scottish+league+two,6980218,49,,2,0.0,1.0,412,t,f,f,,Iain Diack,<b>Iain Diack</b> - 49' <br>Goal,(49'),Shot by Iain Diack,1
202538,2006,scottish+league+two,6974723,8,,1,0.0,1.0,252,t,f,f,,Andy Reilly,<b>Andy Reilly</b> - 8' <br>Goal,(8'),Shot by Andy Reilly,1
202539,2006,scottish+league+two,7019907,2,,1,0.0,1.0,421,t,f,f,,Paul Walker,<b>Paul Walker</b> - 2' <br>Goal,(2'),Shot by Paul Walker,1
202539,2006,scottish+league+two,7028803,85,,2,0.0,1.0,421,t,f,f,,Craig O'Reilly,<b>Craig O'Reilly</b> - 85' <br>Goal,(85'),Shot by Craig O'Reilly,1
202540,2006,scottish+league+two,7023550,35,,1,1.0,0.0,419,t,f,f,,Martin Johnson,<b>Martin Johnson</b> - 35' <br>Goal,(35'),Shot by Martin Johnson,1
202540,2006,scottish+league+two,7025323,50,,2,1.0,0.0,419,t,f,f,,Martin Johnson,<b>Martin Johnson</b> - 50' <br>Goal,(50'),Shot by Martin Johnson,1
202540,2006,scottish+league+two,7027984,75,,2,0.0,1.0,405,t,f,f,,John Dempster,<b>John Dempster</b> - 75' <br>Goal,(75'),Shot by John Dempster,1
202541,2006,scottish+league+two,7020016,1,,1,0.0,1.0,414,t,f,f,,John Baird,<b>John Baird</b> - 1' <br>Goal,(1'),Shot by John Baird,1
202541,2006,scottish+league+two,7021155,11,,1,1.0,0.0,420,t,f,f,,Scott Chaplain,<b>Scott Chaplain</b> - 11' <br>Penalty - Scored,(11' PEN),Shot by Scott Chaplain,1
202541,2006,scottish+league+two,7025242,49,,2,0.0,1.0,414,t,f,f,,Andy Rogers,<b>Andy Rogers</b> - 49' <br>Goal,(49'),Shot by Andy Rogers,1
202541,2006,scottish+league+two,7028364,77,,2,1.0,0.0,420,t,f,f,,Scott Chaplain,<b>Scott Chaplain</b> - 77' <br>Penalty - Scored,(77' PEN),Shot by Scott Chaplain,1
202542,2006,scottish+league+two,7020729,7,,1,0.0,1.0,415,t,f,f,,Andrew Geggan,<b>Andrew Geggan</b> - 7' <br>Goal,(7'),Shot by Andrew Geggan,1
202542,2006,scottish+league+two,7021258,12,,1,0.0,1.0,415,t,f,f,,John Henry,<b>John Henry</b> - 12' <br>Goal,(12'),Shot by John Henry,1
202542,2006,scottish+league+two,7026058,56,,2,1.0,0.0,252,t,f,f,,Steven Rennie,<b>Steven Rennie</b> - 56' <br>Goal,(56'),Shot by Steven Rennie,1
202542,2006,scottish+league+two,7027304,66,,2,1.0,0.0,252,t,f,f,,Jay Stein,<b>Jay Stein</b> - 66' <br>Goal,(66'),Shot by Jay Stein,1
202543,2006,scottish+league+two,7027585,68,,2,0.0,1.0,422,t,f,f,,Alan Trouten,<b>Alan Trouten</b> - 68' <br>Goal,(68'),Shot by Alan Trouten,1
202543,2006,scottish+league+two,7028555,78,,2,0.0,1.0,422,t,f,f,,Mark Ferry,<b>Mark Ferry</b> - 78' <br>Goal,(78'),Shot by Mark Ferry,1
202544,2006,scottish+league+two,7063067,19,,1,1.0,0.0,419,t,f,f,,Martin Johnson,<b>Martin Johnson</b> - 19' <br>Goal,(19'),Shot by Martin Johnson,1
202544,2006,scottish+league+two,7068596,66,,2,1.0,0.0,419,t,f,f,,Martin Johnson,<b>Martin Johnson</b> - 66' <br>Goal,(66'),Shot by Martin Johnson,1
202544,2006,scottish+league+two,7071095,88,,2,1.0,0.0,419,t,f,f,,Martin Johnson,<b>Martin Johnson</b> - 88' <br>Goal,(88'),Shot by Martin Johnson,1
202545,2006,scottish+league+two,7062400,13,,1,0.0,1.0,422,t,f,f,,Alan Trouten,<b>Alan Trouten</b> - 13' <br>Goal,(13'),Shot by Alan Trouten,1
202545,2006,scottish+league+two,7069546,73,,2,0.0,1.0,422,t,f,f,,Alan Trouten,<b>Alan Trouten</b> - 73' <br>Penalty - Scored,(73' PEN),Shot by Alan Trouten,1
202546,2006,scottish+league+two,7061306,4,,1,1.0,0.0,405,t,f,f,,Paul Tyrrell,<b>Paul Tyrrell</b> - 4' <br>Goal,(4'),Shot by Paul Tyrrell,1
202546,2006,scottish+league+two,7064931,37,,1,0.0775,0.5,405,t,t,f,,Willie McCulloch,<b>Willie McCulloch</b> - 37' <br>Own Goal,(37' OG),Shot by Willie McCulloch,1
202546,2006,scottish+league+two,7065940,44,,1,1.0,0.0,405,t,f,f,,John Dempster,<b>John Dempster</b> - 44' <br>Goal,(44'),Shot by John Dempster,1
202546,2006,scottish+league+two,7068452,65,,2,1.0,0.0,405,t,f,f,,Gareth Hutchison,<b>Gareth Hutchison</b> - 65' <br>Goal,(65'),Shot by Gareth Hutchison,1
202546,2006,scottish+league+two,7070676,82,,2,1.0,0.0,405,t,f,f,,Andy Thomson,<b>Andy Thomson</b> - 82' <br>Goal,(82'),Shot by Andy Thomson,1
202546,2006,scottish+league+two,7070736,85,,2,0.9225,0.5,415,t,t,f,,Stephen Grindlay,<b>Stephen Grindlay</b> - 85' <br>Own Goal,(85' OG),Shot by Stephen Grindlay,1
202547,2006,scottish+league+two,7065400,42,,1,1.0,0.0,412,t,f,f,,Gary Wood,<b>Gary Wood</b> - 42' <br>Goal,(42'),Shot by Gary Wood,1
202547,2006,scottish+league+two,7066909,52,,2,1.0,0.0,412,t,f,f,,Iain Diack,<b>Iain Diack</b> - 52' <br>Goal,(52'),Shot by Iain Diack,1
202549,2006,scottish+league+two,7138220,66,,2,1.0,0.0,421,t,f,f,,Jonathan Smart,<b>Jonathan Smart</b> - 66' <br>Goal,(66'),Shot by Jonathan Smart,1
202549,2006,scottish+league+two,7141284,90,,2,1.0,0.0,421,t,f,f,,Stevie Nicholas,<b>Stevie Nicholas</b> - 90' <br>Goal,(90'),Shot by Stevie Nicholas,1
202550,2006,scottish+league+two,7133167,29,,1,1.0,0.0,422,t,f,f,,David Weatherston,<b>David Weatherston</b> - 29' <br>Goal,(29'),Shot by David Weatherston,1
202551,2006,scottish+league+two,7133264,24,,1,0.0,1.0,252,t,f,f,,Mark McCulloch,<b>Mark McCulloch</b> - 24' <br>Goal,(24'),Shot by Mark McCulloch,1
202551,2006,scottish+league+two,7140702,78,,2,0.0,1.0,252,t,f,f,,Brian Scott,<b>Brian Scott</b> - 78' <br>Goal,(78'),Shot by Brian Scott,1
202551,2006,scottish+league+two,7141261,81,,2,0.0,1.0,252,t,f,f,,Kevin Webster,<b>Kevin Webster</b> - 81' <br>Goal,(81'),Shot by Kevin Webster,1
202552,2006,scottish+league+two,7139869,79,,2,1.0,0.0,415,t,f,f,,Chris Boyle,<b>Chris Boyle</b> - 79' <br>Goal,(79'),Shot by Chris Boyle,1
202553,2006,scottish+league+two,7131918,23,,1,0.0,1.0,412,t,f,f,,Kevin Haynes,<b>Kevin Haynes</b> - 23' <br>Goal,(23'),Shot by Kevin Haynes,1
202553,2006,scottish+league+two,7133944,39,,1,0.0,1.0,412,t,f,f,,Robbie Horn,<b>Robbie Horn</b> - 39' <br>Goal,(39'),Shot by Robbie Horn,1
202553,2006,scottish+league+two,7140298,88,,2,0.0,1.0,412,t,f,f,,Steven Notman,<b>Steven Notman</b> - 88' <br>Goal,(88'),Shot by Steven Notman,1
202555,2006,scottish+league+two,7155229,36,,1,1.0,0.0,422,t,f,f,,Steven Canning,<b>Steven Canning</b> - 36' <br>Goal,(36'),Shot by Steven Canning,1
202555,2006,scottish+league+two,7155983,56,,2,0.0,1.0,418,t,f,f,,Derek Ure,<b>Derek Ure</b> - 56' <br>Goal,(56'),Shot by Derek Ure,1
202555,2006,scottish+league+two,7156139,65,,2,1.0,0.0,422,t,f,f,,Robert Dunn,<b>Robert Dunn</b> - 65' <br>Goal,(65'),Shot by Robert Dunn,1
202559,2006,scottish+league+two,7175329,42,,1,0.0,1.0,415,t,f,f,,Paul McQuilken,<b>Paul McQuilken</b> - 42' <br>Goal,(42'),Shot by Paul McQuilken,1
202560,2006,scottish+league+two,7179568,68,,2,1.0,0.0,252,t,f,f,,William Martin,<b>William Martin</b> - 68' <br>Goal,(68'),Shot by William Martin,1
202560,2006,scottish+league+two,7180399,76,,2,0.0,1.0,405,t,f,f,,Scott McManus,<b>Scott McManus</b> - 76' <br>Goal,(76'),Shot by Scott McManus,1
202560,2006,scottish+league+two,7180764,78,,2,1.0,0.0,252,t,f,f,,Steven Rennie,<b>Steven Rennie</b> - 78' <br>Goal,(78'),Shot by Steven Rennie,1
202560,2006,scottish+league+two,7181759,86,,2,1.0,0.0,252,t,f,f,,Brian Scott,<b>Brian Scott</b> - 86' <br>Goal,(86'),Shot by Brian Scott,1
202560,2006,scottish+league+two,7182386,90,,2,1.0,0.0,252,t,f,f,,Nicky Smith,<b>Nicky Smith</b> - 90' <br>Goal,(90'),Shot by Nicky Smith,1
202562,2006,scottish+league+two,7180537,71,,2,1.0,0.0,421,t,f,f,,Neil Jablonski,<b>Neil Jablonski</b> - 71' <br>Goal,(71'),Shot by Neil Jablonski,1
202563,2006,scottish+league+two,7178456,59,,2,0.0,1.0,414,t,f,f,,John Baird,<b>John Baird</b> - 59' <br>Goal,(59'),Shot by John Baird,1
202563,2006,scottish+league+two,7180779,79,,2,0.0,1.0,414,t,f,f,,Andy Rogers,<b>Andy Rogers</b> - 79' <br>Goal,(79'),Shot by Andy Rogers,1
202564,2006,scottish+league+two,7217329,13,,1,0.0,1.0,412,t,f,f,,Stuart Fraser,<b>Stuart Fraser</b> - 13' <br>Goal,(13'),Shot by Stuart Fraser,1
202565,2006,scottish+league+two,7218948,27,,1,1.0,0.0,252,t,f,f,,Andy Reilly,<b>Andy Reilly</b> - 27' <br>Goal,(27'),Shot by Andy Reilly,1
202566,2006,scottish+league+two,7216191,3,,1,1.0,0.0,415,t,f,f,,Paul McQuilken,<b>Paul McQuilken</b> - 3' <br>Goal,(3'),Shot by Paul McQuilken,1
202566,2006,scottish+league+two,7218922,28,,1,0.0,1.0,414,t,f,f,,John Baird,<b>John Baird</b> - 28' <br>Goal,(28'),Shot by John Baird,1
202566,2006,scottish+league+two,7224232,66,,2,1.0,0.0,415,t,f,f,,Paul McQuilken,<b>Paul McQuilken</b> - 66' <br>Goal,(66'),Shot by Paul McQuilken,1
202567,2006,scottish+league+two,7225499,77,,2,1.0,0.0,419,t,f,f,,Adam Moffatt,<b>Adam Moffatt</b> - 77' <br>Goal,(77'),Shot by Adam Moffatt,1
202567,2006,scottish+league+two,7226016,79,,2,0.0,1.0,418,t,f,f,,Carl Thywissen,<b>Carl Thywissen</b> - 79' <br>Goal,(79'),Shot by Carl Thywissen,1
202567,2006,scottish+league+two,7226911,88,,2,1.0,0.0,419,t,f,f,,Adam Moffatt,<b>Adam Moffatt</b> - 88' <br>Goal,(88'),Shot by Adam Moffatt,1
202568,2006,scottish+league+two,7219537,28,,1,0.0,1.0,421,t,f,f,,Jonathan Smart,<b>Jonathan Smart</b> - 28' <br>Goal,(28'),Shot by Jonathan Smart,1
202568,2006,scottish+league+two,7219593,30,,1,0.0,1.0,421,t,f,f,,Neil Jablonski,<b>Neil Jablonski</b> - 30' <br>Penalty - Scored,(30' PEN),Shot by Neil Jablonski,1
202568,2006,scottish+league+two,7219957,32,,1,1.0,0.0,405,t,f,f,,Scott McManus,<b>Scott McManus</b> - 32' <br>Goal,(32'),Shot by Scott McManus,1
202568,2006,scottish+league+two,7220051,34,,1,1.0,0.0,405,t,f,f,,Gary Thom,<b>Gary Thom</b> - 34' <br>Goal,(34'),Shot by Gary Thom,1
202568,2006,scottish+league+two,7220236,36,,1,0.0,1.0,421,t,f,f,,Ryan Robert Blackadder,<b>Ryan Robert Blackadder</b> - 36' <br>Goal,(36'),Shot by Ryan Robert Blackadder,1
202568,2006,scottish+league+two,7221404,45,,1,0.0,1.0,421,t,f,f,,Craig O'Reilly,<b>Craig O'Reilly</b> - 45' <br>Goal,(45'),Shot by Craig O'Reilly,1
202568,2006,scottish+league+two,7225259,73,,2,1.0,0.0,405,t,f,f,,John Dempster,<b>John Dempster</b> - 73' <br>Goal,(73'),Shot by John Dempster,1
202568,2006,scottish+league+two,7227063,88,,2,0.0,1.0,421,t,f,f,,Paul Walker,<b>Paul Walker</b> - 88' <br>Goal,(88'),Shot by Paul Walker,1
202569,2006,scottish+league+two,7254770,20,,1,1.0,0.0,412,t,f,f,,Iain Diack,<b>Iain Diack</b> - 20' <br>Goal,(20'),Shot by Iain Diack,1
202570,2006,scottish+league+two,7255495,26,,1,0.0,1.0,420,t,f,f,,Brian Smith,<b>Brian Smith</b> - 26' <br>Goal,(26'),Shot by Brian Smith,1
202570,2006,scottish+league+two,7256014,31,,1,0.0,1.0,420,t,f,f,,Gordon Lennon,<b>Gordon Lennon</b> - 31' <br>Goal,(31'),Shot by Gordon Lennon,1
202570,2006,scottish+league+two,7257370,41,,1,1.0,0.0,421,t,f,f,,Stevie Nicholas,<b>Stevie Nicholas</b> - 41' <br>Goal,(41'),Shot by Stevie Nicholas,1
202570,2006,scottish+league+two,7257461,42,,1,0.0,1.0,420,t,f,f,,Patrick Walker,<b>Patrick Walker</b> - 42' <br>Goal,(42'),Shot by Patrick Walker,1
202571,2006,scottish+league+two,7253613,15,,1,0.0,1.0,415,t,f,f,,Paul McQuilken,<b>Paul McQuilken</b> - 15' <br>Goal,(15'),Shot by Paul McQuilken,1
202571,2006,scottish+league+two,7254557,22,,1,0.0,1.0,415,t,f,f,,Ryan Borris,<b>Ryan Borris</b> - 22' <br>Goal,(22'),Shot by Ryan Borris,1
202571,2006,scottish+league+two,7255382,29,,1,0.0,1.0,415,t,f,f,,David McNaught,<b>David McNaught</b> - 29' <br>Goal,(29'),Shot by David McNaught,1
202571,2006,scottish+league+two,7256903,41,,1,0.0,1.0,415,t,f,f,,Chris Boyle,<b>Chris Boyle</b> - 41' <br>Goal,(41'),Shot by Chris Boyle,1
202571,2006,scottish+league+two,7262194,80,,2,0.0,1.0,415,t,f,f,,Thomas Coyne,<b>Thomas Coyne</b> - 80' <br>Goal,(80'),Shot by Thomas Coyne,1
202571,2006,scottish+league+two,7263459,90,,2,1.0,0.0,418,t,f,f,,Joe Boyle,<b>Joe Boyle</b> - 90' <br>Goal,(90'),Shot by Joe Boyle,1
202572,2006,scottish+league+two,7251880,2,,1,1.0,0.0,414,t,f,f,,John Baird,<b>John Baird</b> - 2' <br>Penalty - Scored,(2' PEN),Shot by John Baird,1
202572,2006,scottish+league+two,7252461,8,,1,1.0,0.0,414,t,f,f,,Andy Rogers,<b>Andy Rogers</b> - 8' <br>Goal,(8'),Shot by Andy Rogers,1
202572,2006,scottish+league+two,7253607,17,,1,0.0,1.0,405,t,f,f,,Steven Desmond,<b>Steven Desmond</b> - 17' <br>Goal,(17'),Shot by Steven Desmond,1
202572,2006,scottish+league+two,7254377,24,,1,0.0,1.0,405,t,f,f,,Gareth Hutchison,<b>Gareth Hutchison</b> - 24' <br>Goal,(24'),Shot by Gareth Hutchison,1
202572,2006,scottish+league+two,7262658,87,,2,1.0,0.0,414,t,f,f,,Andy Rogers,<b>Andy Rogers</b> - 87' <br>Goal,(87'),Shot by Andy Rogers,1
202573,2006,scottish+league+two,7255277,28,,1,1.0,0.0,422,t,f,f,,David Weatherston,<b>David Weatherston</b> - 28' <br>Goal,(28'),Shot by David Weatherston,1
202573,2006,scottish+league+two,7256585,37,,1,1.0,0.0,422,t,f,f,,David Weatherston,<b>David Weatherston</b> - 37' <br>Goal,(37'),Shot by David Weatherston,1
202573,2006,scottish+league+two,7257519,45,,1,1.0,0.0,422,t,f,f,,Robert Dunn,<b>Robert Dunn</b> - 45' <br>Goal,(45'),Shot by Robert Dunn,1
202574,2006,scottish+league+two,7285620,16,,1,0.0,1.0,418,t,f,f,,Mark McKenzie,<b>Mark McKenzie</b> - 16' <br>Goal,(16'),Shot by Mark McKenzie,1
202574,2006,scottish+league+two,7293589,75,,2,1.0,0.0,420,t,f,f,,Scott Chaplain,<b>Scott Chaplain</b> - 75' <br>Goal,(75'),Shot by Scott Chaplain,1
202574,2006,scottish+league+two,7294695,85,,2,1.0,0.0,420,t,f,f,,Scott Chaplain,<b>Scott Chaplain</b> - 85' <br>Goal,(85'),Shot by Scott Chaplain,1
202575,2006,scottish+league+two,7284460,6,,1,1.0,0.0,252,t,f,f,,William Martin,<b>William Martin</b> - 6' <br>Penalty - Scored,(6' PEN),Shot by William Martin,1
202575,2006,scottish+league+two,7288153,38,,1,0.0,1.0,421,t,f,f,,Graham Gibson,<b>Graham Gibson</b> - 38' <br>Goal,(38'),Shot by Graham Gibson,1
202575,2006,scottish+league+two,7288707,40,,1,0.0,1.0,421,t,f,f,,Kevin Gordon,<b>Kevin Gordon</b> - 40' <br>Goal,(40'),Shot by Kevin Gordon,1
202575,2006,scottish+league+two,7290612,51,,2,0.0,1.0,421,t,f,f,,Paul Ritchie,<b>Paul Ritchie</b> - 51' <br>Goal,(51'),Shot by Paul Ritchie,1
202576,2006,scottish+league+two,7286883,25,,1,1.0,0.0,415,f,f,f,,John Dillon,<b>John Dillon</b> - 25' <br>Penalty - Missed,"",Shot by John Dillon,1
202576,2006,scottish+league+two,7287562,31,,1,0.0,1.0,422,t,f,f,,Robert Dunn,<b>Robert Dunn</b> - 31' <br>Goal,(31'),Shot by Robert Dunn,1
202576,2006,scottish+league+two,7294036,78,,2,0.0,1.0,422,t,f,f,,David Weatherston,<b>David Weatherston</b> - 78' <br>Goal,(78'),Shot by David Weatherston,1
202576,2006,scottish+league+two,7295364,89,,2,1.0,0.0,415,t,f,f,,Thomas Coyne,<b>Thomas Coyne</b> - 89' <br>Goal,(89'),Shot by Thomas Coyne,1
202577,2006,scottish+league+two,7284556,8,,1,0.0,1.0,414,t,f,f,,John Baird,<b>John Baird</b> - 8' <br>Goal,(8'),Shot by John Baird,1
202578,2006,scottish+league+two,7285763,17,,1,1.0,0.0,405,t,f,f,,John Dempster,<b>John Dempster</b> - 17' <br>Goal,(17'),Shot by John Dempster,1
202578,2006,scottish+league+two,7290178,47,,2,1.0,0.0,405,t,f,f,,John Dempster,<b>John Dempster</b> - 47' <br>Goal,(47'),Shot by John Dempster,1
203776,2006,scottish+league+two,6183411,20,,1,1.0,0.0,421,t,f,f,,Ryan Robert Blackadder,<b>Ryan Robert Blackadder</b> - 20' <br>Goal,(20'),Shot by Ryan Robert Blackadder,1
203776,2006,scottish+league+two,6183423,33,,1,1.0,0.0,421,t,f,f,,Ryan Robert Blackadder,<b>Ryan Robert Blackadder</b> - 33' <br>Goal,(33'),Shot by Ryan Robert Blackadder,1
203776,2006,scottish+league+two,6183489,60,,2,1.0,0.0,421,t,f,f,,Neil Jablonski,<b>Neil Jablonski</b> - 60' <br>Goal,(60'),Shot by Neil Jablonski,1
203776,2006,scottish+league+two,6183580,87,,2,1.0,0.0,421,t,f,f,,John Martin,<b>John Martin</b> - 87' <br>Goal,(87'),Shot by John Martin,1
203776,2006,scottish+league+two,6183597,89,,2,1.0,0.0,421,t,f,f,,Neil Jablonski,<b>Neil Jablonski</b> - 89' <br>Goal,(89'),Shot by Neil Jablonski,1
203777,2006,scottish+league+two,7112938,16,,1,0.0,1.0,421,t,f,f,,Lloyd Young,<b>Lloyd Young</b> - 16' <br>Goal,(16'),Shot by Lloyd Young,1
203777,2006,scottish+league+two,7113044,38,,1,0.0,1.0,421,t,f,f,,Jonathan Smart,<b>Jonathan Smart</b> - 38' <br>Goal,(38'),Shot by Jonathan Smart,1
204461,2006,scottish+league+two,6299665,30,,1,0.0,1.0,421,t,f,f,,Craig O'Reilly,<b>Craig O'Reilly</b> - 30' <br>Goal,(30'),Shot by Craig O'Reilly,1
204461,2006,scottish+league+two,6299673,38,,1,0.0,1.0,421,f,f,f,,Craig O'Reilly,<b>Craig O'Reilly</b> - 38' <br>Penalty - Missed,"",Shot by Craig O'Reilly,1
204461,2006,scottish+league+two,6299723,54,,2,0.0,1.0,421,t,f,f,,Craig Smart,<b>Craig Smart</b> - 54' <br>Goal,(54'),Shot by Craig Smart,1
204461,2006,scottish+league+two,6299724,56,,2,1.0,0.0,419,t,f,f,,Adam Moffatt,<b>Adam Moffatt</b> - 56' <br>Goal,(56'),Shot by Adam Moffatt,1
204461,2006,scottish+league+two,6299732,61,,2,1.0,0.0,419,t,f,f,,Paul Kaczan,<b>Paul Kaczan</b> - 61' <br>Goal,(61'),Shot by Paul Kaczan,1
204461,2006,scottish+league+two,6299751,70,,2,0.0,1.0,421,t,f,f,,Craig O'Reilly,<b>Craig O'Reilly</b> - 70' <br>Goal,(70'),Shot by Craig O'Reilly,1
205129,2006,scottish+league+two,6116554,114,,4,1.0,0.0,415,t,f,f,,David McNaught,<b>David McNaught</b> - 114' <br>Goal,(114'),Shot by David McNaught,1
205129,2006,scottish+league+two,6116559,117,,4,0.0,1.0,411,t,f,f,,Peter Weatherson,<b>Peter Weatherson</b> - 117' <br>Goal,(117'),Shot by Peter Weatherson,1
205129,2006,scottish+league+two,6116562,119,,4,0.0,1.0,411,t,f,f,,Peter Weatherson,<b>Peter Weatherson</b> - 119' <br>Goal,(119'),Shot by Peter Weatherson,1
205130,2006,scottish+league+two,6116223,24,,1,0.0,1.0,422,t,f,f,,Paul Ronald,<b>Paul Ronald</b> - 24' <br>Goal,(24'),Shot by Paul Ronald,1
205130,2006,scottish+league+two,6116224,25,,1,0.0775,0.5,418,t,t,f,,Scott Livingstone,<b>Scott Livingstone</b> - 25' <br>Own Goal,(25' OG),Shot by Scott Livingstone,1
205130,2006,scottish+league+two,6116247,37,,1,0.0,1.0,422,t,f,f,,Richard Bowers,<b>Richard Bowers</b> - 37' <br>Goal,(37'),Shot by Richard Bowers,1
205130,2006,scottish+league+two,6116307,51,,2,0.0,1.0,422,t,f,f,,Paul Paton,<b>Paul Paton</b> - 51' <br>Goal,(51'),Shot by Paul Paton,1
205130,2006,scottish+league+two,6116314,54,,2,0.0,1.0,422,t,f,f,,Shaun Molloy,<b>Shaun Molloy</b> - 54' <br>Goal,(54'),Shot by Shaun Molloy,1
205131,2006,scottish+league+two,6116194,3,,1,0.0,1.0,420,t,f,f,,Martin McBride,<b>Martin McBride</b> - 3' <br>Goal,(3'),Shot by Martin McBride,1
205131,2006,scottish+league+two,6116220,21,,1,1.0,0.0,247,t,f,f,,Brown Ferguson,<b>Brown Ferguson</b> - 21' <br>Goal,(21'),Shot by Brown Ferguson,1
205131,2006,scottish+league+two,6116230,28,,1,0.0,1.0,420,t,f,f,,Scott Chaplain,<b>Scott Chaplain</b> - 28' <br>Goal,(28'),Shot by Scott Chaplain,1
205132,2006,scottish+league+two,6116267,35,,1,1.0,0.0,413,t,f,f,,Stuart Callaghan,<b>Stuart Callaghan</b> - 35' <br>Penalty - Scored,(35' PEN),Shot by Stuart Callaghan,1
205132,2006,scottish+league+two,6116268,36,,1,0.0,1.0,252,t,f,f,,Steve Cook,<b>Steve Cook</b> - 36' <br>Goal,(36'),Shot by Steve Cook,1
205132,2006,scottish+league+two,6116350,51,,2,0.0,1.0,252,t,f,f,,Steven Rennie,<b>Steven Rennie</b> - 51' <br>Goal,(51'),Shot by Steven Rennie,1
205136,2006,scottish+league+two,6116217,2,,1,0.0,1.0,412,t,f,f,,Robbie Horn,<b>Robbie Horn</b> - 2' <br>Goal,(2'),Shot by Robbie Horn,1
205136,2006,scottish+league+two,6116250,24,,1,1.0,0.0,409,t,f,f,,Scott Turnbridge,<b>Scott Turnbridge</b> - 24' <br>Goal,(24'),Shot by Scott Turnbridge,1
205136,2006,scottish+league+two,6116366,54,,2,1.0,0.0,409,t,f,f,,Javier Payo,<b>Javier Payo</b> - 54' <br>Goal,(54'),Shot by Javier Payo,1
205136,2006,scottish+league+two,6116516,90,,2,1.0,0.0,409,t,f,f,,Richard Offiong,<b>Richard Offiong</b> - 90' <br>Goal,(90'),Shot by Richard Offiong,1
205140,2006,scottish+league+two,6116655,21,,1,0.0,1.0,251,t,f,f,,Andrew Dowie,<b>Andrew Dowie</b> - 21' <br>Goal,(21'),Shot by Andrew Dowie,1
205140,2006,scottish+league+two,6116853,70,,2,0.0,1.0,251,t,f,f,,Craig Gunn,<b>Craig Gunn</b> - 70' <br>Goal,(70'),Shot by Craig Gunn,1
205140,2006,scottish+league+two,6116855,72,,2,0.0,1.0,251,t,f,f,,Craig Gunn,<b>Craig Gunn</b> - 72' <br>Goal,(72'),Shot by Craig Gunn,1
205142,2006,scottish+league+two,6116946,79,,2,1.0,0.0,419,t,f,f,,Martin Charlesworth,<b>Martin Charlesworth</b> - 79' <br>Goal,(79'),Shot by Martin Charlesworth,1
205142,2006,scottish+league+two,6116995,90,,2,1.0,0.0,419,t,f,f,,Martin Charlesworth,<b>Martin Charlesworth</b> - 90' <br>Goal,(90'),Shot by Martin Charlesworth,1
205143,2006,scottish+league+two,6116838,52,,2,1.0,0.0,414,t,f,f,,Greig Henslee,<b>Greig Henslee</b> - 52' <br>Goal,(52'),Shot by Greig Henslee,1
205143,2006,scottish+league+two,6116857,56,,2,1.0,0.0,414,t,f,f,,Scott Michie,<b>Scott Michie</b> - 56' <br>Goal,(56'),Shot by Scott Michie,1
205321,2006,scottish+league+two,6168664,19,,1,1.0,0.0,267,t,f,f,,Jason Scotland,<b>Jason Scotland</b> - 19' <br>Goal,(19'),Shot by Jason Scotland,1
205321,2006,scottish+league+two,6168680,38,,1,1.0,0.0,267,t,f,f,,Peter MacDonald,<b>Peter MacDonald</b> - 38' <br>Goal,(38'),Shot by Peter MacDonald,1
205321,2006,scottish+league+two,6168743,59,,2,1.0,0.0,267,t,f,f,,Jason Scotland,<b>Jason Scotland</b> - 59' <br>Goal,(59'),Shot by Jason Scotland,1
205323,2006,scottish+league+two,6168646,14,,1,1.0,0.0,408,t,f,f,,Paul Lunan,<b>Paul Lunan</b> - 14' <br>Goal,(14'),Shot by Paul Lunan,1
205323,2006,scottish+league+two,6168657,27,,1,0.0,1.0,252,t,f,f,,Alan Brazil,<b>Alan Brazil</b> - 27' <br>Goal,(27'),Shot by Alan Brazil,1
205323,2006,scottish+league+two,6168722,64,,2,0.0,1.0,252,t,f,f,,Jay Stein,<b>Jay Stein</b> - 64' <br>Goal,(64'),Shot by Jay Stein,1
205323,2006,scottish+league+two,6168729,72,,2,0.0,1.0,252,t,f,f,,Barry Sellars,<b>Barry Sellars</b> - 72' <br>Goal,(72'),Shot by Barry Sellars,1
205324,2006,scottish+league+two,6168647,14,,1,1.0,0.0,420,t,f,f,,Ciaran Donnelly,<b>Ciaran Donnelly</b> - 14' <br>Penalty - Scored,(14' PEN),Shot by Ciaran Donnelly,1
205324,2006,scottish+league+two,6168651,19,,1,1.0,0.0,420,t,f,f,,Gordon Lennon,<b>Gordon Lennon</b> - 19' <br>Goal,(19'),Shot by Gordon Lennon,1
205324,2006,scottish+league+two,6168707,56,,2,0.0,1.0,419,t,f,f,,Paul Kaczan,<b>Paul Kaczan</b> - 56' <br>Goal,(56'),Shot by Paul Kaczan,1
205324,2006,scottish+league+two,6168709,60,,2,1.0,0.0,420,t,f,f,,Scott Chaplain,<b>Scott Chaplain</b> - 60' <br>Goal,(60'),Shot by Scott Chaplain,1
205324,2006,scottish+league+two,6168724,64,,2,1.0,0.0,420,t,f,f,,Scott Chaplain,<b>Scott Chaplain</b> - 64' <br>Goal,(64'),Shot by Scott Chaplain,1
205324,2006,scottish+league+two,6168728,71,,2,1.0,0.0,420,t,f,f,,Joseph Savage,<b>Joseph Savage</b> - 71' <br>Goal,(71'),Shot by Joseph Savage,1
205324,2006,scottish+league+two,6168765,88,,2,0.0,1.0,419,t,f,f,,Steven Mackay,<b>Steven Mackay</b> - 88' <br>Goal,(88'),Shot by Steven Mackay,1
205328,2006,scottish+league+two,6170685,40,,1,0.0,1.0,255,t,f,f,,Paul McHale,<b>Paul McHale</b> - 40' <br>Penalty - Scored,(40' PEN),Shot by Paul McHale,1
205328,2006,scottish+league+two,6170861,62,,2,0.0,1.0,255,t,f,f,,Andrew David Ferguson,<b>Andrew David Ferguson</b> - 62' <br>Goal,(62'),Shot by Andrew David Ferguson,1
205328,2006,scottish+league+two,6171509,90,,2,0.0,1.0,255,t,f,f,,Dougie Imrie,<b>Dougie Imrie</b> - 90' <br>Goal,(90'),Shot by Dougie Imrie,1
205338,2006,scottish+league+two,6141170,98,,3,1.0,0.0,267,t,f,f,,Paul Sheerin,<b>Paul Sheerin</b> - 98' <br>Penalty - Scored,(98' PEN),Shot by Paul Sheerin,1
205338,2006,scottish+league+two,6141436,105,,3,1.0,0.0,267,t,f,f,,Ryan Stevenson,<b>Ryan Stevenson</b> - 105' <br>Goal,(105'),Shot by Ryan Stevenson,1
205338,2006,scottish+league+two,6141460,108,,4,1.0,0.0,267,t,f,f,,Steven Milne,<b>Steven Milne</b> - 108' <br>Goal,(108'),Shot by Steven Milne,1
205338,2006,scottish+league+two,6141566,114,,4,0.9225,0.5,419,t,t,f,,Steven Mackay,<b>Steven Mackay</b> - 114' <br>Own Goal,(114' OG),Shot by Steven Mackay,1
205339,2006,scottish+league+two,6140875,6,,1,1.0,0.0,250,t,f,f,,Billy Mehmet,<b>Billy Mehmet</b> - 6' <br>Goal,(6'),Shot by Billy Mehmet,1
205339,2006,scottish+league+two,6140878,14,,1,1.0,0.0,250,t,f,f,,John Sutton,<b>John Sutton</b> - 14' <br>Goal,(14'),Shot by John Sutton,1
205339,2006,scottish+league+two,6140885,30,,1,1.0,0.0,250,t,f,f,,Billy Mehmet,<b>Billy Mehmet</b> - 30' <br>Goal,(30'),Shot by Billy Mehmet,1
205339,2006,scottish+league+two,6141028,78,,2,0.0,1.0,405,t,f,f,,Thomas Sinclair,<b>Thomas Sinclair</b> - 78' <br>Goal,(78'),Shot by Thomas Sinclair,1
205340,2006,scottish+league+two,6144663,6,,1,1.0,0.0,253,t,f,f,,Dennis Wyness,<b>Dennis Wyness</b> - 6' <br>Goal,(6'),Shot by Dennis Wyness,1
205340,2006,scottish+league+two,6145247,30,,1,0.0,1.0,415,t,f,f,,Stephen Dobbie,<b>Stephen Dobbie</b> - 30' <br>Goal,(30'),Shot by Stephen Dobbie,1
205340,2006,scottish+league+two,6146075,54,,2,1.0,0.0,253,t,f,f,,Graham Bayne,<b>Graham Bayne</b> - 54' <br>Goal,(54'),Shot by Graham Bayne,1
205340,2006,scottish+league+two,6146463,72,,2,1.0,0.0,253,t,f,f,,Rory McAllister,<b>Rory McAllister</b> - 72' <br>Goal,(72'),Shot by Rory McAllister,1
206213,2006,scottish+league+two,6213083,16,,1,0.0,1.0,252,t,f,f,,William Martin,<b>William Martin</b> - 16' <br>Goal,(16'),Shot by William Martin,1
206213,2006,scottish+league+two,6213197,20,,1,1.0,0.0,420,t,f,f,,Joseph Savage,<b>Joseph Savage</b> - 20' <br>Goal,(20'),Shot by Joseph Savage,1
206213,2006,scottish+league+two,6214072,42,,1,1.0,0.0,420,t,f,f,,Ian Chisholm,<b>Ian Chisholm</b> - 42' <br>Goal,(42'),Shot by Ian Chisholm,1
206213,2006,scottish+league+two,6214166,44,,1,0.0,1.0,252,t,f,f,,William Martin,<b>William Martin</b> - 44' <br>Goal,(44'),Shot by William Martin,1
206213,2006,scottish+league+two,6214820,58,,2,1.0,0.0,420,t,f,f,,Scott Chaplain,<b>Scott Chaplain</b> - 58' <br>Goal,(58'),Shot by Scott Chaplain,1
206213,2006,scottish+league+two,6215945,87,,2,0.0,1.0,252,t,f,f,,Barry Sellars,<b>Barry Sellars</b> - 87' <br>Goal,(87'),Shot by Barry Sellars,1
206222,2006,scottish+league+two,6250282,24,,1,0.0,1.0,266,t,f,f,,Richie Foran,<b>Richie Foran</b> - 24' <br>Goal,(24'),Shot by Richie Foran,1
206222,2006,scottish+league+two,6250726,47,,2,0.0,1.0,266,t,f,f,,Richie Foran,<b>Richie Foran</b> - 47' <br>Goal,(47'),Shot by Richie Foran,1
206222,2006,scottish+league+two,6250828,54,,2,0.0,1.0,266,t,f,f,,Richie Foran,<b>Richie Foran</b> - 54' <br>Penalty - Scored,(54' PEN),Shot by Richie Foran,1
206340,2006,scottish+league+two,6274912,11,,1,1.0,0.0,251,t,f,f,,Sean Higgins,<b>Sean Higgins</b> - 11' <br>Goal,(11'),Shot by Sean Higgins,1
206340,2006,scottish+league+two,6275248,50,,2,1.0,0.0,251,t,f,f,,Sean Higgins,<b>Sean Higgins</b> - 50' <br>Goal,(50'),Shot by Sean Higgins,1
206340,2006,scottish+league+two,6275334,56,,2,0.0775,0.5,251,t,t,f,,Andrew Dowie,<b>Andrew Dowie</b> - 56' <br>Own Goal,(56' OG),Shot by Andrew Dowie,1
206340,2006,scottish+league+two,6275578,85,,2,1.0,0.0,251,t,f,f,,Craig Gunn,<b>Craig Gunn</b> - 85' <br>Goal,(85'),Shot by Craig Gunn,1
206340,2006,scottish+league+two,6275603,87,,2,1.0,0.0,251,t,f,f,,Kevin McKinlay,<b>Kevin McKinlay</b> - 87' <br>Penalty - Scored,(87' PEN),Shot by Kevin McKinlay,1
209438,2006,scottish+league+two,6636063,65,,2,1.0,0.0,421,t,f,f,,Craig O'Reilly,<b>Craig O'Reilly</b> - 65' <br>Goal,(65'),Shot by Craig O'Reilly,1
209438,2006,scottish+league+two,6638780,90,,2,0.0,1.0,405,t,f,f,,Kevin McLeish,<b>Kevin McLeish</b> - 90' <br>Goal,(90'),Shot by Kevin McLeish,1
210752,2006,scottish+league+two,6465945,21,,1,0.0,1.0,422,t,f,f,,Mark Ferry,<b>Mark Ferry</b> - 21' <br>Goal,(21'),Shot by Mark Ferry,1
210752,2006,scottish+league+two,6470644,79,,2,1.0,0.0,413,t,f,f,,Stuart Callaghan,<b>Stuart Callaghan</b> - 79' <br>Penalty - Scored,(79' PEN),Shot by Stuart Callaghan,1
210753,2006,scottish+league+two,6465461,13,,1,1.0,0.0,252,t,f,f,,William Martin,<b>William Martin</b> - 13' <br>Goal,(13'),Shot by William Martin,1
210753,2006,scottish+league+two,6470340,70,,2,0.0,1.0,420,t,f,f,,Bryan Felvus,<b>Bryan Felvus</b> - 70' <br>Goal,(70'),Shot by Bryan Felvus,1
210753,2006,scottish+league+two,6470998,84,,2,1.0,0.0,252,t,f,f,,William Martin,<b>William Martin</b> - 84' <br>Goal,(84'),Shot by William Martin,1
210755,2006,scottish+league+two,6465219,11,,1,0.0,1.0,414,t,f,f,,Gerrard Stirling,<b>Gerrard Stirling</b> - 11' <br>Goal,(11'),Shot by Gerrard Stirling,1
210755,2006,scottish+league+two,6466180,23,,1,0.0,1.0,414,t,f,f,,Greig Henslee,<b>Greig Henslee</b> - 23' <br>Goal,(23'),Shot by Greig Henslee,1
210755,2006,scottish+league+two,6471061,86,,2,1.0,0.0,661,t,f,f,,Mike McKenzie,<b>Mike McKenzie</b> - 86' <br>Penalty - Scored,(86' PEN),Shot by Mike McKenzie,1
210755,2006,scottish+league+two,6471336,90,,2,1.0,0.0,661,t,f,f,,Scott Fraser,<b>Scott Fraser</b> - 90' <br>Goal,(90'),Shot by Scott Fraser,1
210755,2006,scottish+league+two,6471708,90,,2,1.0,0.0,661,t,f,f,,Michael Ewen,<b>Michael Ewen</b> - 90' <br>Goal,(90'),Shot by Michael Ewen,1
210756,2006,scottish+league+two,6466391,27,,1,1.0,0.0,2609,t,f,f,,Paul Cowie,<b>Paul Cowie</b> - 27' <br>Goal,(27'),Shot by Paul Cowie,1
210756,2006,scottish+league+two,6469264,55,,2,1.0,0.0,2609,t,f,f,,Stuart Miller,<b>Stuart Miller</b> - 55' <br>Goal,(55'),Shot by Stuart Miller,1
210758,2006,scottish+league+two,6466826,35,,1,0.0,1.0,412,t,f,f,,Kevin Haynes,<b>Kevin Haynes</b> - 35' <br>Penalty - Scored,(35' PEN),Shot by Kevin Haynes,1
210758,2006,scottish+league+two,6470361,74,,2,1.0,0.0,421,t,f,f,,Neil Jablonski,<b>Neil Jablonski</b> - 74' <br>Goal,(74'),Shot by Neil Jablonski,1
210758,2006,scottish+league+two,6471120,89,,2,0.0,1.0,412,t,f,f,,Gary Wood,<b>Gary Wood</b> - 89' <br>Goal,(89'),Shot by Gary Wood,1
210758,2006,scottish+league+two,6471261,90,,2,0.0,1.0,412,t,f,f,,Dennis McLaughlin,<b>Dennis McLaughlin</b> - 90' <br>Goal,(90'),Shot by Dennis McLaughlin,1
210760,2006,scottish+league+two,6567973,38,,1,1.0,0.0,419,t,f,f,,Adam Moffatt,<b>Adam Moffatt</b> - 38' <br>Goal,(38'),Shot by Adam Moffatt,1
210764,2006,scottish+league+two,6571084,50,,2,0.0,1.0,415,f,f,f,,John Gemmell,<b>John Gemmell</b> - 50' <br>Penalty - Missed,"",Shot by John Gemmell,1
210764,2006,scottish+league+two,6571055,51,,2,0.0,1.0,415,t,f,f,,John Gemmell,<b>John Gemmell</b> - 51' <br>Goal,(51'),Shot by John Gemmell,1
211549,2006,scottish+league+two,6521945,23,,1,1.0,0.0,422,t,f,f,,Paul Ronald,<b>Paul Ronald</b> - 23' <br>Goal,(23'),Shot by Paul Ronald,1
211549,2006,scottish+league+two,6523353,52,,2,0.0,1.0,413,t,f,f,,Steven Hampshire,<b>Steven Hampshire</b> - 52' <br>Goal,(52'),Shot by Steven Hampshire,1
211549,2006,scottish+league+two,6523359,53,,2,0.0,1.0,413,t,f,f,,Paddy Connolly,<b>Paddy Connolly</b> - 53' <br>Goal,(53'),Shot by Paddy Connolly,1
211553,2006,scottish+league+two,6567838,35,,1,1.0,0.0,412,t,f,f,,Kevin Haynes,<b>Kevin Haynes</b> - 35' <br>Goal,(35'),Shot by Kevin Haynes,1
211553,2006,scottish+league+two,6575125,88,,2,1.0,0.0,412,t,f,f,,Gary Wood,<b>Gary Wood</b> - 88' <br>Goal,(88'),Shot by Gary Wood,1
211564,2006,scottish+league+two,6500256,16,,1,0.0,1.0,417,t,f,f,,Colin Cramb,<b>Colin Cramb</b> - 16' <br>Goal,(16'),Shot by Colin Cramb,1
211564,2006,scottish+league+two,6500952,25,,1,0.0,1.0,417,t,f,f,,Dene Shields,<b>Dene Shields</b> - 25' <br>Goal,(25'),Shot by Dene Shields,1
211594,2006,scottish+league+two,6628704,42,,1,0.0,1.0,419,t,f,f,,Chris Gardiner,<b>Chris Gardiner</b> - 42' <br>Goal,(42'),Shot by Chris Gardiner,1
211594,2006,scottish+league+two,6630429,61,,2,0.0,1.0,419,t,f,f,,Martin Johnson,<b>Martin Johnson</b> - 61' <br>Goal,(61'),Shot by Martin Johnson,1
211595,2006,scottish+league+two,7104763,75,,2,0.0,1.0,252,t,f,f,,Andy Reilly,<b>Andy Reilly</b> - 75' <br>Goal,(75'),Shot by Andy Reilly,1
211696,2006,scottish+league+two,6632524,34,,1,0.0,1.0,415,t,f,f,,Stephen Dobbie,<b>Stephen Dobbie</b> - 34' <br>Goal,(34'),Shot by Stephen Dobbie,1
211696,2006,scottish+league+two,6634860,49,,2,0.0,1.0,415,t,f,f,,Chris Gentile,<b>Chris Gentile</b> - 49' <br>Goal,(49'),Shot by Chris Gentile,1
211696,2006,scottish+league+two,6637029,72,,2,0.0,1.0,415,t,f,f,,Chris Gentile,<b>Chris Gentile</b> - 72' <br>Goal,(72'),Shot by Chris Gentile,1
211696,2006,scottish+league+two,6637955,82,,2,0.0,1.0,415,t,f,f,,Stephen Dobbie,<b>Stephen Dobbie</b> - 82' <br>Goal,(82'),Shot by Stephen Dobbie,1
211696,2006,scottish+league+two,6638260,84,,2,0.0,1.0,415,t,f,f,,Chris Hamilton,<b>Chris Hamilton</b> - 84' <br>Goal,(84'),Shot by Chris Hamilton,1
211822,2006,scottish+league+two,6631554,23,,1,1.0,0.0,422,t,f,f,,Michael Dunlop,<b>Michael Dunlop</b> - 23' <br>Goal,(23'),Shot by Michael Dunlop,1
211824,2006,scottish+league+two,6689834,9,,1,0.0,1.0,420,t,f,f,,Scott Chaplain,<b>Scott Chaplain</b> - 9' <br>Goal,(9'),Shot by Scott Chaplain,1
211824,2006,scottish+league+two,6691412,28,,1,0.0,1.0,420,t,f,f,,Scott Chaplain,<b>Scott Chaplain</b> - 28' <br>Goal,(28'),Shot by Scott Chaplain,1
211824,2006,scottish+league+two,6693155,46,,2,0.0,1.0,420,t,f,f,,Patrick Walker,<b>Patrick Walker</b> - 46' <br>Goal,(46'),Shot by Patrick Walker,1
211824,2006,scottish+league+two,6693946,56,,2,0.0,1.0,420,t,f,f,,Scott Chaplain,<b>Scott Chaplain</b> - 56' <br>Goal,(56'),Shot by Scott Chaplain,1
211887,2006,scottish+league+two,6629868,9,,1,1.0,0.0,412,t,f,f,,Gary Wood,<b>Gary Wood</b> - 9' <br>Goal,(9'),Shot by Gary Wood,1
211887,2006,scottish+league+two,6632921,37,,1,1.0,0.0,412,t,f,f,,Ian Thomson,<b>Ian Thomson</b> - 37' <br>Goal,(37'),Shot by Ian Thomson,1
211887,2006,scottish+league+two,6638113,84,,2,1.0,0.0,412,t,f,f,,Gary Wood,<b>Gary Wood</b> - 84' <br>Goal,(84'),Shot by Gary Wood,1
211981,2006,scottish+league+two,6689444,4,,1,1.0,0.0,256,t,f,f,,Maciej Zurawski,<b>Maciej Zurawski</b> - 4' <br>Goal,(4'),Shot by Maciej Zurawski,1
211981,2006,scottish+league+two,6689913,9,,1,1.0,0.0,256,t,f,f,,Maciej Zurawski,<b>Maciej Zurawski</b> - 9' <br>Goal,(9'),Shot by Maciej Zurawski,1
211981,2006,scottish+league+two,6692827,43,,1,1.0,0.0,256,t,f,f,,Jan Vennegoor of Hesselink,<b>Jan Vennegoor of Hesselink</b> - 43' <br>Goal,(43'),Shot by Jan Vennegoor of Hesselink,1
211981,2006,scottish+league+two,6695026,69,,2,1.0,0.0,256,t,f,f,,Derek Riordan,<b>Derek Riordan</b> - 69' <br>Goal,(69'),Shot by Derek Riordan,1
211994,2006,scottish+league+two,6689681,9,,1,0.0,1.0,254,t,f,f,,Alan Gow,<b>Alan Gow</b> - 9' <br>Goal,(9'),Shot by Alan Gow,1
211994,2006,scottish+league+two,6693355,51,,2,0.0,1.0,254,t,f,f,,Liam Craig,<b>Liam Craig</b> - 51' <br>Goal,(51'),Shot by Liam Craig,1
211996,2006,scottish+league+two,6689710,6,,1,1.0,0.0,661,t,f,f,,Mark Chisholm,<b>Mark Chisholm</b> - 6' <br>Goal,(6'),Shot by Mark Chisholm,1
211996,2006,scottish+league+two,6690020,10,,1,1.0,0.0,661,t,f,f,,Ian Murray,<b>Ian Murray</b> - 10' <br>Goal,(10'),Shot by Ian Murray,1
211996,2006,scottish+league+two,6691630,26,,1,1.0,0.0,661,t,f,f,,Mark Smith,<b>Mark Smith</b> - 26' <br>Goal,(26'),Shot by Mark Smith,1
211996,2006,scottish+league+two,6691631,29,,1,1.0,0.0,661,t,f,f,,Mike McKenzie,<b>Mike McKenzie</b> - 29' <br>Goal,(29'),Shot by Mike McKenzie,1
211996,2006,scottish+league+two,6692562,39,,1,0.0,1.0,419,t,f,f,,Martin Johnson,<b>Martin Johnson</b> - 39' <br>Goal,(39'),Shot by Martin Johnson,1
211996,2006,scottish+league+two,6694118,55,,2,0.0,1.0,419,t,f,f,,Martin Johnson,<b>Martin Johnson</b> - 55' <br>Goal,(55'),Shot by Martin Johnson,1
211996,2006,scottish+league+two,6694318,61,,2,1.0,0.0,661,t,f,f,,Graeme Watt,<b>Graeme Watt</b> - 61' <br>Goal,(61'),Shot by Graeme Watt,1
211996,2006,scottish+league+two,6694852,70,,2,0.0,1.0,419,t,f,f,,Steven Mackay,<b>Steven Mackay</b> - 70' <br>Goal,(70'),Shot by Steven Mackay,1
211996,2006,scottish+league+two,6695019,74,,2,0.0,1.0,419,t,f,f,,Martin Johnson,<b>Martin Johnson</b> - 74' <br>Goal,(74'),Shot by Martin Johnson,1
214729,2006,scottish+league+two,7112966,29,,1,1.0,0.0,414,t,f,f,,Mark Docherty,<b>Mark Docherty</b> - 29' <br>Goal,(29'),Shot by Mark Docherty,1
214729,2006,scottish+league+two,7113017,40,,1,0.0,1.0,412,t,f,f,,Gary Wood,<b>Gary Wood</b> - 40' <br>Goal,(40'),Shot by Gary Wood,1
214729,2006,scottish+league+two,7113131,49,,2,0.0,1.0,412,t,f,f,,Gary Wood,<b>Gary Wood</b> - 49' <br>Goal,(49'),Shot by Gary Wood,1
214812,2006,scottish+league+two,7087720,83,,2,0.0,1.0,412,t,f,f,,Iain Diack,<b>Iain Diack</b> - 83' <br>Goal,(83'),Shot by Iain Diack,1
214813,2006,scottish+league+two,7155975,54,,2,1.0,0.0,415,t,f,f,,Ryan Borris,<b>Ryan Borris</b> - 54' <br>Goal,(54'),Shot by Ryan Borris,1
214815,2006,scottish+league+two,7085984,19,,1,0.0,1.0,405,t,f,f,,Paul Tyrrell,<b>Paul Tyrrell</b> - 19' <br>Goal,(19'),Shot by Paul Tyrrell,1
214815,2006,scottish+league+two,7086214,30,,1,1.0,0.0,420,t,f,f,,Bryan Felvus,<b>Bryan Felvus</b> - 30' <br>Goal,(30'),Shot by Bryan Felvus,1
214815,2006,scottish+league+two,7087024,66,,2,1.0,0.0,420,t,f,f,,Scott Chaplain,<b>Scott Chaplain</b> - 66' <br>Goal,(66'),Shot by Scott Chaplain,1
214817,2006,scottish+league+two,7001419,17,,1,0.0,1.0,405,t,f,f,,Gareth Hutchison,<b>Gareth Hutchison</b> - 17' <br>Goal,(17'),Shot by Gareth Hutchison,1
214818,2006,scottish+league+two,7010739,7,,1,1.0,0.0,252,t,f,f,,Roddy Black,<b>Roddy Black</b> - 7' <br>Goal,(7'),Shot by Roddy Black,1
214818,2006,scottish+league+two,7010973,39,,1,0.0,1.0,419,t,f,f,,Steven Mackay,<b>Steven Mackay</b> - 39' <br>Goal,(39'),Shot by Steven Mackay,1
214818,2006,scottish+league+two,7011412,90,,2,1.0,0.0,252,t,f,f,,Ian Dobbins,<b>Ian Dobbins</b> - 90' <br>Goal,(90'),Shot by Ian Dobbins,1
214819,2006,scottish+league+two,7010744,11,,1,0.0,1.0,415,t,f,f,,Craig Winter,<b>Craig Winter</b> - 11' <br>Goal,(11'),Shot by Craig Winter,1
214819,2006,scottish+league+two,7010976,42,,1,1.0,0.0,412,t,f,f,,Gary Wood,<b>Gary Wood</b> - 42' <br>Goal,(42'),Shot by Gary Wood,1
214819,2006,scottish+league+two,7011342,82,,2,1.0,0.0,412,t,f,f,,Kevin Haynes,<b>Kevin Haynes</b> - 82' <br>Goal,(82'),Shot by Kevin Haynes,1
214909,2006,scottish+league+two,7048313,3,,1,0.0,1.0,252,t,f,f,,Steven Rennie,<b>Steven Rennie</b> - 3' <br>Goal,(3'),Shot by Steven Rennie,1
214909,2006,scottish+league+two,7049036,46,,2,0.0,1.0,252,t,f,f,,Barry Sellars,<b>Barry Sellars</b> - 46' <br>Goal,(46'),Shot by Barry Sellars,1
214909,2006,scottish+league+two,7049057,47,,2,0.0,1.0,252,t,f,f,,Alan Brazil,<b>Alan Brazil</b> - 47' <br>Goal,(47'),Shot by Alan Brazil,1
214909,2006,scottish+league+two,7049152,53,,2,0.0,1.0,252,t,f,f,,Nicky Smith,<b>Nicky Smith</b> - 53' <br>Goal,(53'),Shot by Nicky Smith,1
214909,2006,scottish+league+two,7049680,81,,2,1.0,0.0,418,t,f,f,,Paul Brownlee,<b>Paul Brownlee</b> - 81' <br>Goal,(81'),Shot by Paul Brownlee,1
214909,2006,scottish+league+two,7049815,88,,2,0.0,1.0,252,t,f,f,,Jamie Bishop,<b>Jamie Bishop</b> - 88' <br>Goal,(88'),Shot by Jamie Bishop,1
214912,2006,scottish+league+two,7042357,40,,1,0.0,1.0,405,t,f,f,,John Dempster,<b>John Dempster</b> - 40' <br>Goal,(40'),Shot by John Dempster,1
214912,2006,scottish+league+two,7043801,56,,2,0.9225,0.5,405,t,t,f,,Scott McCulloch,<b>Scott McCulloch</b> - 56' <br>Own Goal,(56' OG),Shot by Scott McCulloch,1
215148,2006,scottish+league+two,7091348,71,,2,1.0,0.0,421,t,f,f,,Craig O'Reilly,<b>Craig O'Reilly</b> - 71' <br>Goal,(71'),Shot by Craig O'Reilly,1
215414,2006,scottish+league+two,7117178,30,,1,1.0,0.0,252,t,f,f,,Andy Reilly,<b>Andy Reilly</b> - 30' <br>Goal,(30'),Shot by Andy Reilly,1
215414,2006,scottish+league+two,7117756,48,,2,1.0,0.0,252,t,f,f,,Jamie Bishop,<b>Jamie Bishop</b> - 48' <br>Goal,(48'),Shot by Jamie Bishop,1
215414,2006,scottish+league+two,7118087,58,,2,0.0,1.0,418,t,f,f,,Paul Tweedie,<b>Paul Tweedie</b> - 58' <br>Goal,(58'),Shot by Paul Tweedie,1
215414,2006,scottish+league+two,7118238,63,,2,0.0,1.0,418,t,f,f,,Paul McBride,<b>Paul McBride</b> - 63' <br>Goal,(63'),Shot by Paul McBride,1
215414,2006,scottish+league+two,7118559,74,,2,1.0,0.0,252,t,f,f,,Robbie Raeside,<b>Robbie Raeside</b> - 74' <br>Goal,(74'),Shot by Robbie Raeside,1
216628,2006,scottish+league+two,7308001,10,,1,1.0,0.0,421,t,f,f,,Graham Gibson,<b>Graham Gibson</b> - 10' <br>Goal,(10'),Shot by Graham Gibson,1
216628,2006,scottish+league+two,7308059,43,,1,1.0,0.0,421,t,f,f,,Craig O'Reilly,<b>Craig O'Reilly</b> - 43' <br>Goal,(43'),Shot by Craig O'Reilly,1
216628,2006,scottish+league+two,7308072,45,,1,1.0,0.0,421,t,f,f,,Craig O'Reilly,<b>Craig O'Reilly</b> - 45' <br>Goal,(45'),Shot by Craig O'Reilly,1
216628,2006,scottish+league+two,7308125,54,,2,1.0,0.0,421,t,f,f,,Craig O'Reilly,<b>Craig O'Reilly</b> - 54' <br>Goal,(54'),Shot by Craig O'Reilly,1
216628,2006,scottish+league+two,7308131,55,,2,0.0,1.0,407,t,f,f,,Michael Moore,<b>Michael Moore</b> - 55' <br>Goal,(55'),Shot by Michael Moore,1
216632,2006,scottish+league+two,7322749,64,,2,1.0,0.0,407,t,f,f,,Paul McGrillen,<b>Paul McGrillen</b> - 64' <br>Goal,(64'),Shot by Paul McGrillen,1
216633,2006,scottish+league+two,7320193,32,,1,0.0,1.0,422,t,f,f,,David Weatherston,<b>David Weatherston</b> - 32' <br>Goal,(32'),Shot by David Weatherston,1
216633,2006,scottish+league+two,7321225,43,,1,0.0,1.0,422,t,f,f,,Alan Trouten,<b>Alan Trouten</b> - 43' <br>Goal,(43'),Shot by Alan Trouten,1
216633,2006,scottish+league+two,7321757,50,,2,1.0,0.0,252,t,f,f,,Paul Tosh,<b>Paul Tosh</b> - 50' <br>Goal,(50'),Shot by Paul Tosh,1
216644,2006,scottish+league+two,7307734,77,,2,1.0,0.0,422,t,f,f,,David Weatherston,<b>David Weatherston</b> - 77' <br>Goal,(77'),Shot by David Weatherston,1
216644,2006,scottish+league+two,7307754,90,,2,1.0,0.0,422,t,f,f,,Alan Trouten,<b>Alan Trouten</b> - 90' <br>Goal,(90'),Shot by Alan Trouten,1
216756,2006,scottish+league+two,7338870,30,,1,1.0,0.0,422,t,f,f,,Steven Canning,<b>Steven Canning</b> - 30' <br>Goal,(30'),Shot by Steven Canning,1
216756,2006,scottish+league+two,7338946,44,,1,1.0,0.0,422,t,f,f,,Michael Dunlop,<b>Michael Dunlop</b> - 44' <br>Goal,(44'),Shot by Michael Dunlop,1
216756,2006,scottish+league+two,7339214,54,,2,1.0,0.0,422,t,f,f,,Steven Canning,<b>Steven Canning</b> - 54' <br>Goal,(54'),Shot by Steven Canning,1
216756,2006,scottish+league+two,7339294,60,,2,0.0,1.0,421,t,f,f,,Lloyd Young,<b>Lloyd Young</b> - 60' <br>Goal,(60'),Shot by Lloyd Young,1
216756,2006,scottish+league+two,7339467,70,,2,1.0,0.0,422,t,f,f,,Paul Cairney,<b>Paul Cairney</b> - 70' <br>Goal,(70'),Shot by Paul Cairney,1
216756,2006,scottish+league+two,7339538,77,,2,0.0,1.0,421,t,f,f,,Greig McDonald,<b>Greig McDonald</b> - 77' <br>Goal,(77'),Shot by Greig McDonald,1
216757,2006,scottish+league+two,7348209,4,,1,0.0,1.0,422,t,f,f,,Paul Paton,<b>Paul Paton</b> - 4' <br>Goal,(4'),Shot by Paul Paton,1
216757,2006,scottish+league+two,7349501,74,,2,0.0,1.0,422,t,f,f,,Alan Trouten,<b>Alan Trouten</b> - 74' <br>Goal,(74'),Shot by Alan Trouten,1
216757,2006,scottish+league+two,7349798,89,,2,0.0,1.0,422,t,f,f,,Frank Carroll,<b>Frank Carroll</b> - 89' <br>Goal,(89'),Shot by Frank Carroll,1
