488744,2017,greek+super+league,28123889,11,,1,0.0,1.0,2789,t,f,f,,Georgios Masouras,<b>Georgios Masouras</b> - 11' <br>Goal,(11'),Shot by Georgios Masouras,1
488744,2017,greek+super+league,28123907,15,,1,1.0,0.0,12200,t,f,f,,Rifet Kapi&#269;,<b>Rifet Kapi&#269;</b> - 15' <br>Penalty - Scored,(15' PEN),Shot by Rifet KapiÃÂ,1
488744,2017,greek+super+league,28123919,16,,1,0.0,1.0,2789,t,f,f,,Samed Yesil,<b>Samed Yesil</b> - 16' <br>Goal,(16'),Shot by Samed Yesil,1
488744,2017,greek+super+league,28123939,23,,1,0.0,1.0,2789,t,f,f,,Lazaros Lamprou,<b>Lazaros Lamprou</b> - 23' <br>Goal,(23'),Shot by Lazaros Lamprou,1
488744,2017,greek+super+league,28124140,67,,2,1.0,0.0,12200,t,f,f,,Rifet Kapi&#269;,<b>Rifet Kapi&#269;</b> - 67' <br>Penalty - Scored,(67' PEN),Shot by Rifet KapiÃÂ,1
488775,2017,greek+super+league,28097950,12,,1,1.0,0.0,2789,t,f,f,,Samed Yesil,<b>Samed Yesil</b> - 12' <br>Goal,(12'),Shot by Samed Yesil,1
488775,2017,greek+super+league,28098025,47,,2,1.0,0.0,2789,t,f,f,,Samed Yesil,<b>Samed Yesil</b> - 47' <br>Goal,(47'),Shot by Samed Yesil,1
490303,2017,greek+super+league,28180540,74,,2,1.0,0.0,1963,t,f,f,,Bibras Natcho,<b>Bibras Natcho</b> - 74' <br>Goal,(74'),Shot by Bibras Natcho,1
490320,2017,greek+super+league,28145478,45, +1',1,0.0,1.0,1963,t,f,f,,Alan Dzagoev,<b>Alan Dzagoev</b> - 45'  +1'<br>Goal,(45' +1'),Shot by Alan Dzagoev,1
490320,2017,greek+super+league,28145496,56,,2,0.0,1.0,1963,t,f,f,,Pontus Wernbloom,<b>Pontus Wernbloom</b> - 56' <br>Goal,(56'),Shot by Pontus Wernbloom,1
490752,2017,greek+super+league,28184883,24,,1,1.0,0.0,605,t,f,f,,Robert Mak,<b>Robert Mak</b> - 24' <br>Goal,(24'),Shot by Robert Mak,1
490752,2017,greek+super+league,28184955,45, +1',1,1.0,0.0,605,t,f,f,,Gojko Cimirot,<b>Gojko Cimirot</b> - 45'  +1'<br>Goal,(45' +1'),Shot by Gojko Cimirot,1
490769,2017,greek+super+league,28185374,79,,2,0.0,1.0,524,t,f,f,,Omer Atzili,<b>Omer Atzili</b> - 79' <br>Goal,(79'),Shot by Omer Atzili,1
490769,2017,greek+super+league,28185386,79,,2,0.0,1.0,2789,t,t,f,,Panagiotis Korbos,<b>Panagiotis Korbos</b> - 79' <br>Own Goal,(79' OG),Shot by Panagiotis Korbos,1
490771,2017,greek+super+league,28184829,51,,2,1.0,0.0,443,t,t,f,,Rodrigo Moledo,<b>Rodrigo Moledo</b> - 51' <br>Own Goal,(51' OG),Shot by Rodrigo Moledo,1
490771,2017,greek+super+league,28184866,63,,2,0.0,1.0,443,t,f,f,,Robin Lod,<b>Robin Lod</b> - 63' <br>Goal,(63'),Shot by Robin Lod,1
490771,2017,greek+super+league,28184878,66,,2,0.0,1.0,443,t,f,f,,Bryan Cabezas,<b>Bryan Cabezas</b> - 66' <br>Goal,(66'),Shot by Bryan Cabezas,1
490782,2017,greek+super+league,28152315,37,,1,1.0,0.0,443,t,f,f,,Guillermo Molins,<b>Guillermo Molins</b> - 37' <br>Penalty - Scored,(37' PEN),Shot by Guillermo Molins,1
490801,2017,greek+super+league,28152075,49,,2,1.0,0.0,18804,t,f,f,,Stanislav Belenky,<b>Stanislav Belenky</b> - 49' <br>Goal,(49'),Shot by Stanislav Belenky,1
490801,2017,greek+super+league,28152087,60,,2,0.0,1.0,605,t,f,f,,Pedro Henrique,<b>Pedro Henrique</b> - 60' <br>Goal,(60'),Shot by Pedro Henrique,1
490804,2017,greek+super+league,28152095,48,,2,1.0,0.0,524,t,f,f,,Vidar &#214;rn Kjartansson,<b>Vidar &#214;rn Kjartansson</b> - 48' <br>Goal,(48'),Shot by Vidar ÃÂrn Kjartansson,1
492066,2017,greek+super+league,28363850,27,,1,1.0,0.0,887,t,f,f,,Lazaros Christodoulopoulos,<b>Lazaros Christodoulopoulos</b> - 27' <br>Penalty - Scored,(27' PEN),Shot by Lazaros Christodoulopoulos,1
492066,2017,greek+super+league,28363876,39,,1,1.0,0.0,887,t,f,f,,Andr&#233; Sim&#245;es,<b>Andr&#233; Sim&#245;es</b> - 39' <br>Goal,(39'),Shot by AndrÃÂ© SimÃÂµes,1
492066,2017,greek+super+league,28363990,90, +1',2,1.0,0.0,887,t,f,f,,Andr&#233; Sim&#245;es,<b>Andr&#233; Sim&#245;es</b> - 90'  +1'<br>Goal,(90' +1'),Shot by AndrÃÂ© SimÃÂµes,1
492078,2017,greek+super+league,28363854,71,,2,1.0,0.0,5043,t,f,f,,Saman Ghoddos,<b>Saman Ghoddos</b> - 71' <br>Goal,(71'),Shot by Saman Ghoddos,1
492078,2017,greek+super+league,28363868,78,,2,1.0,0.0,5043,t,f,f,,Saman Ghoddos,<b>Saman Ghoddos</b> - 78' <br>Goal,(78'),Shot by Saman Ghoddos,1
492079,2017,greek+super+league,28363925,22,,1,1.0,0.0,93,t,f,f,,Iker Muniain,<b>Iker Muniain</b> - 22' <br>Goal,(22'),Shot by Iker Muniain,1
492088,2017,greek+super+league,28298120,29,,1,1.0,0.0,443,t,f,f,,Robin Lod,<b>Robin Lod</b> - 29' <br>Goal,(29'),Shot by Robin Lod,1
492088,2017,greek+super+league,28298197,55,,2,1.0,0.0,443,t,f,f,,Bryan Cabezas,<b>Bryan Cabezas</b> - 55' <br>Goal,(55'),Shot by Bryan Cabezas,1
492088,2017,greek+super+league,28298222,68,,2,0.0,1.0,93,t,f,f,,Aritz Aduriz,<b>Aritz Aduriz</b> - 68' <br>Goal,(68'),Shot by Aritz Aduriz,1
492088,2017,greek+super+league,28298234,71,,2,0.0,1.0,93,t,f,f,,&#211;scar de Marcos,<b>&#211;scar de Marcos</b> - 71' <br>Goal,(71'),Shot by ÃÂscar de Marcos,1
492088,2017,greek+super+league,28298243,74,,2,0.0,1.0,93,t,f,f,,Aritz Aduriz,<b>Aritz Aduriz</b> - 74' <br>Penalty - Scored,(74' PEN),Shot by Aritz Aduriz,1
492106,2017,greek+super+league,28298054,21,,1,0.0,1.0,5043,t,f,f,,Brwa Nouri,<b>Brwa Nouri</b> - 21' <br>Penalty - Scored,(21' PEN),Shot by Brwa Nouri,1
492106,2017,greek+super+league,28298095,38,,1,1.0,0.0,605,t,f,f,,L&#233;o Matos,<b>L&#233;o Matos</b> - 38' <br>Goal,(38'),Shot by LÃÂ©o Matos,1
492106,2017,greek+super+league,28298188,77,,2,1.0,0.0,605,t,f,f,,Aleksandar Prijovic,<b>Aleksandar Prijovic</b> - 77' <br>Goal,(77'),Shot by Aleksandar Prijovic,1
492106,2017,greek+super+league,28298201,88,,2,1.0,0.0,605,t,f,f,,Aleksandar Prijovic,<b>Aleksandar Prijovic</b> - 88' <br>Penalty - Scored,(88' PEN),Shot by Aleksandar Prijovic,1
493514,2017,greek+super+league,28401486,39,,1,1.0,0.0,2789,t,f,f,,Ehsan Hajsafi,<b>Ehsan Hajsafi</b> - 39' <br>Goal,(39'),Shot by Ehsan Hajsafi,1
493514,2017,greek+super+league,28402044,56,,2,1.0,0.0,2789,t,f,f,,Lazaros Lamprou,<b>Lazaros Lamprou</b> - 56' <br>Goal,(56'),Shot by Lazaros Lamprou,1
493515,2017,greek+super+league,28401448,41,,1,1.0,0.0,605,t,f,f,,Aleksandar Prijovic,<b>Aleksandar Prijovic</b> - 41' <br>Goal,(41'),Shot by Aleksandar Prijovic,1
493515,2017,greek+super+league,28401521,45, +2',1,0.0,1.0,3874,t,f,f,,F&#225;bio,<b>F&#225;bio</b> - 45'  +2'<br>Penalty - Scored,(45' +2' PEN),Shot by FÃÂ¡bio,1
493515,2017,greek+super+league,28401855,53,,2,1.0,0.0,605,t,f,f,,Dimitrios Pelkas,<b>Dimitrios Pelkas</b> - 53' <br>Goal,(53'),Shot by Dimitrios Pelkas,1
493515,2017,greek+super+league,28401941,59,,2,1.0,0.0,605,t,f,f,,Robert Mak,<b>Robert Mak</b> - 59' <br>Goal,(59'),Shot by Robert Mak,1
493521,2017,greek+super+league,28340059,72,,2,0.0,1.0,443,t,f,f,,Andr&#233;s Ch&#225;vez,<b>Andr&#233;s Ch&#225;vez</b> - 72' <br>Goal,(72'),Shot by AndrÃÂ©s ChÃÂ¡vez,1
493521,2017,greek+super+league,28340377,79,,2,1.0,0.0,12769,t,f,f,,Nikos Korovesis,<b>Nikos Korovesis</b> - 79' <br>Goal,(79'),Shot by Nikos Korovesis,1
493523,2017,greek+super+league,28336123,14,,1,1.0,0.0,887,t,f,f,,Hugo Almeida,<b>Hugo Almeida</b> - 14' <br>Penalty - Scored,(14' PEN),Shot by Hugo Almeida,1
493523,2017,greek+super+league,28337282,75,,2,1.0,0.0,887,t,f,f,,Jakob Johansson,<b>Jakob Johansson</b> - 75' <br>Goal,(75'),Shot by Jakob Johansson,1
493524,2017,greek+super+league,28336582,39,,1,1.0,0.0,3874,f,f,f,,Thuram,<b>Thuram</b> - 39' <br>Penalty - Missed,"",Shot by Thuram,1
493524,2017,greek+super+league,28336648,45,,1,0.0,1.0,2789,f,f,f,,Masoud Shojaei,<b>Masoud Shojaei</b> - 45' <br>Penalty - Missed,"",Shot by Masoud Shojaei,1
493524,2017,greek+super+league,28336896,53,,2,0.0,1.0,2789,t,f,f,,Fiorin Durmishaj,<b>Fiorin Durmishaj</b> - 53' <br>Goal,(53'),Shot by Fiorin Durmishaj,1
495353,2017,greek+super+league,29282471,5,,1,0.187,0.501,887,f,f,f,,Konstantinos Galanopoulos,<b>Konstantinos Galanopoulos</b> - 5' <br>Shot Off Target,"",Shot by Konstantinos Galanopoulos,1
495353,2017,greek+super+league,29282555,7,,1,0.869,0.435,1382,f,f,f,,Dominik Prokop,<b>Dominik Prokop</b> - 7' <br>Shot Off Target,"",Shot by Dominik Prokop,1
495353,2017,greek+super+league,29282891,15,,1,0.084,0.505,887,f,f,f,,Sergio Araujo,<b>Sergio Araujo</b> - 15' <br>Shot Off Target,"",Shot by Sergio Araujo,1
495353,2017,greek+super+league,29283919,42,,1,0.285,0.42900000000000005,887,f,f,f,,Lazaros Christodoulopoulos,<b>Lazaros Christodoulopoulos</b> - 42' <br>Free Kick,"",Shot by Lazaros Christodoulopoulos,1
495353,2017,greek+super+league,29284494,53,,2,0.8160000000000001,0.723,1382,f,f,f,,Abdullahi Ibrahim Alhassan,<b>Abdullahi Ibrahim Alhassan</b> - 53' <br>Shot Off Target,"",Shot by Abdullahi Ibrahim Alhassan,1
495353,2017,greek+super+league,29284862,61,,2,0.722,0.277,1382,f,f,f,,Abdul Mohammed,<b>Abdul Mohammed</b> - 61' <br>Shot Off Target,"",Shot by Abdul Mohammed,1
495353,2017,greek+super+league,29284921,63,,2,0.748,0.717,1382,f,f,f,,Ismael Tajouri-Shradi,<b>Ismael Tajouri-Shradi</b> - 63' <br>Shot Off Target,"",Shot by Ismael Tajouri-Shradi,1
495353,2017,greek+super+league,29285021,66,,2,0.12,0.744,887,f,f,f,,Sergio Araujo,<b>Sergio Araujo</b> - 66' <br>Shot Blocked,"",Shot by Sergio Araujo,1
495353,2017,greek+super+league,29285102,68,,2,0.7170000000000001,0.534,1382,f,f,f,,Raphael Holzhauser,<b>Raphael Holzhauser</b> - 68' <br>Shot Blocked,"",Shot by Raphael Holzhauser,1
495353,2017,greek+super+league,29285214,68,,2,0.9410000000000001,0.636,1382,f,f,f,,Kevin Friesenbichler,<b>Kevin Friesenbichler</b> - 68' <br>Shot Blocked,"",Shot by Kevin Friesenbichler,1
495353,2017,greek+super+league,29285182,68,,2,0.808,0.577,1382,f,f,f,,Dominik Prokop,<b>Dominik Prokop</b> - 68' <br>Shot Off Target,"",Shot by Dominik Prokop,1
495353,2017,greek+super+league,29285592,78,,2,0.179,0.32199999999999995,887,f,f,f,,Rodrigo Galo,<b>Rodrigo Galo</b> - 78' <br>Shot Off Target,"",Shot by Rodrigo Galo,1
495353,2017,greek+super+league,29285723,81,,2,0.08,0.29300000000000004,887,f,f,f,,Anastasios Bakasetas,<b>Anastasios Bakasetas</b> - 81' <br>Shot Blocked,"",Shot by Anastasios Bakasetas,1
495353,2017,greek+super+league,29285924,87,,2,0.083,0.563,887,f,f,f,,Marko Livaja,<b>Marko Livaja</b> - 87' <br>Shot On Target,"",Shot by Marko Livaja,1
495373,2017,greek+super+league,29169297,3,,1,0.289,0.571,2988,f,f,f,,Filip Bradaric,<b>Filip Bradaric</b> - 3' <br>Shot Off Target,"",Shot by Filip Bradaric,1
495373,2017,greek+super+league,29169613,8,,1,0.121,0.32099999999999995,2988,f,f,f,,Mario Gavranovic,<b>Mario Gavranovic</b> - 8' <br>Shot Blocked,"",Shot by Mario Gavranovic,1
495373,2017,greek+super+league,29169630,8,,1,0.072,0.44199999999999995,2988,f,f,f,,Maxwell Acosty,<b>Maxwell Acosty</b> - 8' <br>Shot Off Target,"",Shot by Maxwell Acosty,1
495373,2017,greek+super+league,29169632,8,,1,0.043,0.487,2988,t,f,f,,Alexander Gorgon,<b>Alexander Gorgon</b> - 8' <br>Goal - Header,(8'),Shot by Alexander Gorgon,1
495373,2017,greek+super+league,29169899,16,,1,0.119,0.56,2988,f,f,f,,Dario Zuparic,<b>Dario Zuparic</b> - 16' <br>Shot Hit Woodwork,"",Shot by Dario Zuparic,1
495373,2017,greek+super+league,29169984,20,,1,0.197,0.7050000000000001,2988,f,f,f,,Alexander Gorgon,<b>Alexander Gorgon</b> - 20' <br>Shot Hit Woodwork,"",Shot by Alexander Gorgon,1
495373,2017,greek+super+league,29170160,25,,1,0.087,0.503,2988,f,f,f,,Maxwell Acosty,<b>Maxwell Acosty</b> - 25' <br>Shot Off Target,"",Shot by Maxwell Acosty,1
495373,2017,greek+super+league,29170195,26,,1,0.181,0.548,2988,t,f,f,,Alexander Gorgon,<b>Alexander Gorgon</b> - 26' <br>Goal,(26'),Shot by Alexander Gorgon,1
495373,2017,greek+super+league,29170940,30,,1,0.794,0.662,887,f,f,f,,Konstantinos Galanopoulos,<b>Konstantinos Galanopoulos</b> - 30' <br>Shot Blocked,"",Shot by Konstantinos Galanopoulos,1
495373,2017,greek+super+league,29170891,45, +1',1,0.721,0.221,887,f,f,f,,Lazaros Christodoulopoulos,<b>Lazaros Christodoulopoulos</b> - 45'  +1'<br>Free Kick,"",Shot by Lazaros Christodoulopoulos,1
495373,2017,greek+super+league,29170897,45, +2',1,0.949,0.493,887,t,f,f,,Sergio Araujo,<b>Sergio Araujo</b> - 45'  +2'<br>Goal,(45' +2'),Shot by Sergio Araujo,1
495373,2017,greek+super+league,29171084,47,,2,0.743,0.437,887,f,f,f,,Andr&#233; Sim&#245;es,<b>Andr&#233; Sim&#245;es</b> - 47' <br>Shot Blocked,"",Shot by AndrÃÂ© SimÃÂµes,1
495373,2017,greek+super+league,29171048,47,,2,0.681,0.291,887,f,f,f,,Andr&#233; Sim&#245;es,<b>Andr&#233; Sim&#245;es</b> - 47' <br>Shot On Target,"",Shot by AndrÃÂ© SimÃÂµes,1
495373,2017,greek+super+league,29171335,55,,2,0.895,0.555,887,t,f,f,,Lazaros Christodoulopoulos,<b>Lazaros Christodoulopoulos</b> - 55' <br>Goal - Header,(55'),Shot by Lazaros Christodoulopoulos,1
495373,2017,greek+super+league,29171771,67,,2,0.661,0.558,887,f,f,f,,Anastasios Bakasetas,<b>Anastasios Bakasetas</b> - 67' <br>Free Kick,"",Shot by Anastasios Bakasetas,1
495373,2017,greek+super+league,29172508,89,,2,0.849,0.464,887,f,f,f,,Sergio Araujo,<b>Sergio Araujo</b> - 89' <br>Shot Blocked,"",Shot by Sergio Araujo,1
495373,2017,greek+super+league,29172534,89,,2,.849,.464,887,f,f,f,,Sergio Araujo,<b>Sergio Araujo</b> - 89'<br>Shot Blocked,"",Shot by Sergio Araujo,8
495373,2017,greek+super+league,29172583,90, +1',2,0.884,0.46,887,f,f,f,,Panagiotis Kone,<b>Panagiotis Kone</b> - 90'  +1'<br>Shot Off Target,"",Shot by Panagiotis Kone,1
495410,2017,greek+super+league,29008646,12,,1,0.808,0.773,887,f,f,f,,Rodrigo Galo,<b>Rodrigo Galo</b> - 12' <br>Shot Off Target,"",Shot by Rodrigo Galo,1
495410,2017,greek+super+league,29008731,14,,1,0.95,0.293,887,f,f,f,,H&#233;lder Lopes,<b>H&#233;lder Lopes</b> - 14' <br>Shot On Target,"",Shot by HÃÂ©lder Lopes,1
495410,2017,greek+super+league,29008926,19,,1,0.785,0.342,887,f,f,f,,Lazaros Christodoulopoulos,<b>Lazaros Christodoulopoulos</b> - 19' <br>Shot Blocked,"",Shot by Lazaros Christodoulopoulos,1
495410,2017,greek+super+league,29009820,39,,1,0.729,0.707,887,f,f,f,,Anastasios Bakasetas,<b>Anastasios Bakasetas</b> - 39' <br>Shot Blocked,"",Shot by Anastasios Bakasetas,1
495410,2017,greek+super+league,29009941,44,,1,0.293,0.40800000000000003,103,f,f,f,,Leonardo Bonucci,<b>Leonardo Bonucci</b> - 44' <br>Shot Off Target,"",Shot by Leonardo Bonucci,1
495410,2017,greek+super+league,29010118,45, +1',1,0.776,0.746,887,f,f,f,,Rodrigo Galo,<b>Rodrigo Galo</b> - 45'  +1'<br>Shot Off Target,"",Shot by Rodrigo Galo,1
495410,2017,greek+super+league,29010297,46,,2,0.872,0.258,887,f,f,f,,H&#233;lder Lopes,<b>H&#233;lder Lopes</b> - 46' <br>Shot Blocked,"",Shot by HÃÂ©lder Lopes,1
495410,2017,greek+super+league,29010317,47,,2,0.899,0.524,887,f,f,f,,Ognjen Vranjes,<b>Ognjen Vranjes</b> - 47' <br>Shot Off Target,"",Shot by Ognjen Vranjes,1
495410,2017,greek+super+league,29010396,49,,2,0.8009999999999999,0.27,887,f,f,f,,Andr&#233; Sim&#245;es,<b>Andr&#233; Sim&#245;es</b> - 49' <br>Shot Off Target,"",Shot by AndrÃÂ© SimÃÂµes,1
495410,2017,greek+super+league,29010898,50,,2,0.278,0.40800000000000003,103,f,f,f,,Fabio Borini,<b>Fabio Borini</b> - 50' <br>Shot Blocked,"",Shot by Fabio Borini,1
495410,2017,greek+super+league,29010880,55,,2,0.219,0.631,103,f,f,f,,Suso,<b>Suso</b> - 55' <br>Shot Blocked,"",Shot by Suso,1
495410,2017,greek+super+league,29010705,55,,2,0.261,0.42700000000000005,103,f,f,f,,Riccardo Montolivo,<b>Riccardo Montolivo</b> - 55' <br>Shot Blocked,"",Shot by Riccardo Montolivo,1
495410,2017,greek+super+league,29010745,56,,2,0.033,0.402,103,f,f,f,,Alessio Romagnoli,<b>Alessio Romagnoli</b> - 56' <br>Shot On Target,"",Shot by Alessio Romagnoli,1
495410,2017,greek+super+league,29010822,57,,2,0.091,0.29100000000000004,103,f,f,f,,Riccardo Montolivo,<b>Riccardo Montolivo</b> - 57' <br>Shot Hit Woodwork,"",Shot by Riccardo Montolivo,1
495410,2017,greek+super+league,29010900,59,,2,0.7090000000000001,0.349,887,f,f,f,,Lazaros Christodoulopoulos,<b>Lazaros Christodoulopoulos</b> - 59' <br>Shot Off Target,"",Shot by Lazaros Christodoulopoulos,1
495410,2017,greek+super+league,29010975,61,,2,0.903,0.572,887,f,f,f,,Marko Livaja,<b>Marko Livaja</b> - 61' <br>Shot Off Target,"",Shot by Marko Livaja,1
495410,2017,greek+super+league,29011059,63,,2,0.915,0.546,887,f,f,f,,Marko Livaja,<b>Marko Livaja</b> - 63' <br>Shot Off Target,"",Shot by Marko Livaja,1
495410,2017,greek+super+league,29011196,65,,2,0.219,0.6779999999999999,103,f,f,f,,Hakan Calhanoglu,<b>Hakan Calhanoglu</b> - 65' <br>Shot On Target,"",Shot by Hakan Calhanoglu,1
495410,2017,greek+super+league,29011330,68,,2,0.101,0.618,103,f,f,f,,Andr&#233; Silva,<b>Andr&#233; Silva</b> - 68' <br>Shot Off Target,"",Shot by AndrÃÂ© Silva,1
495410,2017,greek+super+league,29011382,69,,2,0.762,0.655,887,f,f,f,,Rodrigo Galo,<b>Rodrigo Galo</b> - 69' <br>Shot On Target,"",Shot by Rodrigo Galo,1
495410,2017,greek+super+league,29011704,76,,2,0.732,0.412,887,f,f,f,,Sergio Araujo,<b>Sergio Araujo</b> - 76' <br>Shot On Target,"",Shot by Sergio Araujo,1
495410,2017,greek+super+league,29012307,90,,2,0.7010000000000001,0.543,887,f,f,f,,Jakob Johansson,<b>Jakob Johansson</b> - 90' <br>Shot Off Target,"",Shot by Jakob Johansson,1
495413,2017,greek+super+league,28865779,18,,1,0.784,0.575,103,f,f,f,,Suso,<b>Suso</b> - 18' <br>Shot Off Target,"",Shot by Suso,1
495413,2017,greek+super+league,28865831,20,,1,0.758,0.625,103,f,f,f,,Manuel Locatelli,<b>Manuel Locatelli</b> - 20' <br>Shot Off Target,"",Shot by Manuel Locatelli,1
495413,2017,greek+super+league,28866028,25,,1,0.772,0.361,103,f,f,f,,Manuel Locatelli,<b>Manuel Locatelli</b> - 25' <br>Shot Off Target,"",Shot by Manuel Locatelli,1
495413,2017,greek+super+league,28866383,28,,1,0.929,0.433,103,f,f,f,,Andr&#233; Silva,<b>Andr&#233; Silva</b> - 28' <br>Shot Off Target,"",Shot by AndrÃÂ© Silva,1
495413,2017,greek+super+league,28866227,29,,1,0.915,0.425,103,f,f,f,,Patrick Cutrone,<b>Patrick Cutrone</b> - 29' <br>Shot On Target,"",Shot by Patrick Cutrone,1
495413,2017,greek+super+league,28866694,41,,1,0.101,0.32599999999999996,887,f,f,f,,Petros Mantalos,<b>Petros Mantalos</b> - 41' <br>Shot Blocked,"",Shot by Petros Mantalos,1
495413,2017,greek+super+league,28866760,41,,1,0.124,0.474,887,f,f,f,,Adam Tzanetopoulos,<b>Adam Tzanetopoulos</b> - 41' <br>Shot Off Target,"",Shot by Adam Tzanetopoulos,1
495413,2017,greek+super+league,28866782,43,,1,0.8180000000000001,0.351,103,f,f,f,,Andr&#233; Silva,<b>Andr&#233; Silva</b> - 43' <br>Shot Blocked,"",Shot by AndrÃÂ© Silva,1
495413,2017,greek+super+league,28866830,44,,1,0.903,0.695,103,f,f,f,,Patrick Cutrone,<b>Patrick Cutrone</b> - 44' <br>Shot On Target,"",Shot by Patrick Cutrone,1
495413,2017,greek+super+league,28866874,45,,1,0.868,0.505,103,f,f,f,,Andr&#233; Silva,<b>Andr&#233; Silva</b> - 45' <br>Shot Blocked,"",Shot by AndrÃÂ© Silva,1
495413,2017,greek+super+league,28866875,45,,1,0.882,0.382,103,f,f,f,,Giacomo Bonaventura,<b>Giacomo Bonaventura</b> - 45' <br>Shot Blocked,"",Shot by Giacomo Bonaventura,1
495413,2017,greek+super+league,28866907,45, +1',1,0.8160000000000001,0.469,103,f,f,f,,Manuel Locatelli,<b>Manuel Locatelli</b> - 45'  +1'<br>Shot Off Target,"",Shot by Manuel Locatelli,1
495413,2017,greek+super+league,28867345,52,,2,0.081,0.5549999999999999,887,f,f,f,,H&#233;lder Lopes,<b>H&#233;lder Lopes</b> - 52' <br>Shot Off Target,"",Shot by HÃÂ©lder Lopes,1
495413,2017,greek+super+league,28867387,53,,2,0.222,0.45399999999999996,887,f,f,f,,Petros Mantalos,<b>Petros Mantalos</b> - 53' <br>Shot Blocked,"",Shot by Petros Mantalos,1
495413,2017,greek+super+league,28867434,54,,2,0.757,0.663,103,f,f,f,,Suso,<b>Suso</b> - 54' <br>Shot Blocked,"",Shot by Suso,1
495413,2017,greek+super+league,28867436,54,,2,0.759,0.621,103,f,f,f,,Manuel Locatelli,<b>Manuel Locatelli</b> - 54' <br>Shot On Target,"",Shot by Manuel Locatelli,1
495413,2017,greek+super+league,28867441,55,,2,0.98,0.565,103,f,f,f,,Andr&#233; Silva,<b>Andr&#233; Silva</b> - 55' <br>Shot Off Target,"",Shot by AndrÃÂ© Silva,1
495413,2017,greek+super+league,28867565,58,,2,0.782,0.499,103,f,f,f,,Hakan Calhanoglu,<b>Hakan Calhanoglu</b> - 58' <br>Shot On Target,"",Shot by Hakan Calhanoglu,1
495413,2017,greek+super+league,28867706,60,,2,0.913,0.398,103,f,f,f,,Patrick Cutrone,<b>Patrick Cutrone</b> - 60' <br>Shot On Target,"",Shot by Patrick Cutrone,1
495413,2017,greek+super+league,28867712,61,,2,0.256,0.616,887,f,f,f,,Marko Livaja,<b>Marko Livaja</b> - 61' <br>Shot Off Target,"",Shot by Marko Livaja,1
495413,2017,greek+super+league,28867729,62,,2,0.702,0.307,103,f,f,f,,Andr&#233; Silva,<b>Andr&#233; Silva</b> - 62' <br>Shot Off Target,"",Shot by AndrÃÂ© Silva,1
495413,2017,greek+super+league,28868036,69,,2,0.916,0.363,103,f,f,f,,Patrick Cutrone,<b>Patrick Cutrone</b> - 69' <br>Shot On Target,"",Shot by Patrick Cutrone,1
495413,2017,greek+super+league,28867995,69,,2,0.8,0.33,103,f,f,f,,Manuel Locatelli,<b>Manuel Locatelli</b> - 69' <br>Shot Blocked,"",Shot by Manuel Locatelli,1
495413,2017,greek+super+league,28868278,77,,2,0.873,0.672,103,f,f,f,,Patrick Cutrone,<b>Patrick Cutrone</b> - 77' <br>Shot On Target,"",Shot by Patrick Cutrone,1
495413,2017,greek+super+league,28868323,79,,2,0.741,0.389,103,f,f,f,,Leonardo Bonucci,<b>Leonardo Bonucci</b> - 79' <br>Shot Off Target,"",Shot by Leonardo Bonucci,1
495413,2017,greek+super+league,28868370,80,,2,0.964,0.651,103,f,f,f,,Suso,<b>Suso</b> - 80' <br>Shot On Target,"",Shot by Suso,1
495413,2017,greek+super+league,28868556,85,,2,0.289,0.645,887,f,f,f,,Anastasios Bakasetas,<b>Anastasios Bakasetas</b> - 85' <br>Free Kick,"",Shot by Anastasios Bakasetas,1
495413,2017,greek+super+league,28868748,90,,2,0.92,0.52,103,f,f,f,,Nikola Kalinic,<b>Nikola Kalinic</b> - 90' <br>Shot Blocked,"",Shot by Nikola Kalinic,1
495413,2017,greek+super+league,28868930,90, +5',2,0.208,0.6779999999999999,887,f,f,f,,Sergio Araujo,<b>Sergio Araujo</b> - 90'  +5'<br>Shot Blocked,"",Shot by Sergio Araujo,1
495442,2017,greek+super+league,28684656,5,,1,0.6950000000000001,0.693,887,f,f,f,,Marko Livaja,<b>Marko Livaja</b> - 5' <br>Shot Off Target,"",Shot by Marko Livaja,1
495442,2017,greek+super+league,28684786,9,,1,0.919,0.448,887,f,f,f,,Ognjen Vranjes,<b>Ognjen Vranjes</b> - 9' <br>Shot On Target,"",Shot by Ognjen Vranjes,1
495442,2017,greek+super+league,28685091,17,,1,0.115,0.5529999999999999,1382,f,f,f,,Christoph Monschein,<b>Christoph Monschein</b> - 17' <br>Shot Hit Woodwork,"",Shot by Christoph Monschein,1
495442,2017,greek+super+league,28685227,19,,1,0.802,0.423,887,f,f,f,,Astrit Ajdarevic,<b>Astrit Ajdarevic</b> - 19' <br>Shot Blocked,"",Shot by Astrit Ajdarevic,1
495442,2017,greek+super+league,28685228,19,,1,0.891,0.549,887,f,f,f,,Uros Cosic,<b>Uros Cosic</b> - 19' <br>Shot On Target,"",Shot by Uros Cosic,1
495442,2017,greek+super+league,28685480,27,,1,0.728,0.392,887,f,f,f,,Petros Mantalos,<b>Petros Mantalos</b> - 27' <br>Shot On Target,"",Shot by Petros Mantalos,1
495442,2017,greek+super+league,28685503,27,,1,0.962,0.606,887,f,f,f,,Petros Mantalos,<b>Petros Mantalos</b> - 27' <br>Shot Off Target,"",Shot by Petros Mantalos,1
495442,2017,greek+super+league,28685563,28,,1,0.874,0.602,887,f,f,f,,Sergio Araujo,<b>Sergio Araujo</b> - 28' <br>Shot On Target,"",Shot by Sergio Araujo,1
495442,2017,greek+super+league,28685593,28,,1,0.873,0.555,887,t,f,f,,Marko Livaja,<b>Marko Livaja</b> - 28' <br>Goal,(28'),Shot by Marko Livaja,1
495442,2017,greek+super+league,28685790,35,,1,0.124,0.503,1382,f,f,f,,Abdul Mohammed,<b>Abdul Mohammed</b> - 35' <br>Shot On Target,"",Shot by Abdul Mohammed,1
495442,2017,greek+super+league,28686174,43,,1,0.074,0.501,1382,t,f,f,,Christoph Monschein,<b>Christoph Monschein</b> - 43' <br>Goal,(43'),Shot by Christoph Monschein,1
495442,2017,greek+super+league,28686207,45,,1,0.368,0.6859999999999999,1382,f,f,f,,Raphael Holzhauser,<b>Raphael Holzhauser</b> - 45' <br>Shot Off Target,"",Shot by Raphael Holzhauser,1
495442,2017,greek+super+league,28686327,45, +2',1,0.256,0.5920000000000001,1382,f,f,f,,Ismael Tajouri-Shradi,<b>Ismael Tajouri-Shradi</b> - 45'  +2'<br>Shot Off Target,"",Shot by Ismael Tajouri-Shradi,1
495442,2017,greek+super+league,28686331,45, +2',1,0.181,0.6839999999999999,1382,f,f,f,,Ismael Tajouri-Shradi,<b>Ismael Tajouri-Shradi</b> - 45'  +2'<br>Shot On Target,"",Shot by Ismael Tajouri-Shradi,1
495442,2017,greek+super+league,28686591,49,,2,0.158,0.394,1382,t,f,f,,Ismael Tajouri-Shradi,<b>Ismael Tajouri-Shradi</b> - 49' <br>Goal,(49'),Shot by Ismael Tajouri-Shradi,1
495442,2017,greek+super+league,28686726,51,,2,0.875,0.388,887,f,f,f,,Marko Livaja,<b>Marko Livaja</b> - 51' <br>Shot On Target,"",Shot by Marko Livaja,1
495442,2017,greek+super+league,28686672,52,,2,0.91,0.478,887,f,f,f,,Ognjen Vranjes,<b>Ognjen Vranjes</b> - 52' <br>Shot On Target,"",Shot by Ognjen Vranjes,1
495442,2017,greek+super+league,28686770,54,,2,0.905,0.66,887,f,f,f,,Petros Mantalos,<b>Petros Mantalos</b> - 54' <br>Shot Blocked,"",Shot by Petros Mantalos,1
495442,2017,greek+super+league,28686771,54,,2,.905,.66,887,f,f,f,,Petros Mantalos,<b>Petros Mantalos</b> - 54'<br>Shot Blocked,"",Shot by Petros Mantalos,1
495442,2017,greek+super+league,28686848,55,,2,0.892,0.53,887,f,f,f,,Ognjen Vranjes,<b>Ognjen Vranjes</b> - 55' <br>Shot Off Target,"",Shot by Ognjen Vranjes,1
495442,2017,greek+super+league,28686936,58,,2,0.759,0.285,887,f,f,f,,Lazaros Christodoulopoulos,<b>Lazaros Christodoulopoulos</b> - 58' <br>Free Kick,"",Shot by Lazaros Christodoulopoulos,1
495442,2017,greek+super+league,28686979,58,,2,0.966,0.425,887,f,f,f,,Sergio Araujo,<b>Sergio Araujo</b> - 58' <br>Shot Off Target,"",Shot by Sergio Araujo,1
495442,2017,greek+super+league,28687026,60,,2,0.8180000000000001,0.349,887,f,f,f,,Marko Livaja,<b>Marko Livaja</b> - 60' <br>Shot Off Target,"",Shot by Marko Livaja,1
495442,2017,greek+super+league,28687262,65,,2,0.262,0.354,1382,f,f,f,,Abdul Mohammed,<b>Abdul Mohammed</b> - 65' <br>Shot Blocked,"",Shot by Abdul Mohammed,1
495442,2017,greek+super+league,28687354,67,,2,0.775,0.338,887,f,f,f,,Petros Mantalos,<b>Petros Mantalos</b> - 67' <br>Shot Blocked,"",Shot by Petros Mantalos,1
495442,2017,greek+super+league,28687355,67,,2,0.895,0.386,887,f,f,f,,Marko Livaja,<b>Marko Livaja</b> - 67' <br>Shot On Target,"",Shot by Marko Livaja,1
495442,2017,greek+super+league,28687453,70,,2,0.034,0.382,1382,f,f,f,,Kevin Friesenbichler,<b>Kevin Friesenbichler</b> - 70' <br>Shot Off Target,"",Shot by Kevin Friesenbichler,1
495442,2017,greek+super+league,28687490,71,,2,0.782,0.592,887,f,f,f,,Petros Mantalos,<b>Petros Mantalos</b> - 71' <br>Shot Off Target,"",Shot by Petros Mantalos,1
495442,2017,greek+super+league,28687572,73,,2,0.849,0.365,887,f,f,f,,Sergio Araujo,<b>Sergio Araujo</b> - 73' <br>Shot Blocked,"",Shot by Sergio Araujo,1
495442,2017,greek+super+league,28687589,73,,2,0.879,0.439,887,f,f,f,,Ognjen Vranjes,<b>Ognjen Vranjes</b> - 73' <br>Shot Off Target,"",Shot by Ognjen Vranjes,1
495442,2017,greek+super+league,28687648,75,,2,0.366,0.649,1382,f,f,f,,Raphael Holzhauser,<b>Raphael Holzhauser</b> - 75' <br>Shot Off Target,"",Shot by Raphael Holzhauser,1
495442,2017,greek+super+league,28688050,84,,2,0.094,0.22899999999999998,1382,f,f,f,,Ismael Tajouri-Shradi,<b>Ismael Tajouri-Shradi</b> - 84' <br>Shot Blocked,"",Shot by Ismael Tajouri-Shradi,1
495442,2017,greek+super+league,28688090,86,,2,0.7090000000000001,0.447,887,f,f,f,,Lazaros Christodoulopoulos,<b>Lazaros Christodoulopoulos</b> - 86' <br>Shot Off Target,"",Shot by Lazaros Christodoulopoulos,1
495442,2017,greek+super+league,28688246,90,,2,0.97,0.497,887,t,f,f,,Marko Livaja,<b>Marko Livaja</b> - 90' <br>Goal,(90'),Shot by Marko Livaja,1
495473,2017,greek+super+league,28528196,3,,1,0.876,0.462,2988,f,f,f,,Heber,<b>Heber</b> - 3' <br>Shot On Target,"",Shot by Heber,1
495473,2017,greek+super+league,28528282,4,,1,0.256,0.522,887,f,f,f,,Viktor Klonaridis,<b>Viktor Klonaridis</b> - 4' <br>Shot Blocked,"",Shot by Viktor Klonaridis,1
495473,2017,greek+super+league,28528149,5,,1,0.246,0.585,887,f,f,f,,Lazaros Christodoulopoulos,<b>Lazaros Christodoulopoulos</b> - 5' <br>Shot Blocked,"",Shot by Lazaros Christodoulopoulos,1
495473,2017,greek+super+league,28528179,5,,1,0.064,0.528,887,f,f,f,,Jakob Johansson,<b>Jakob Johansson</b> - 5' <br>Shot On Target,"",Shot by Jakob Johansson,1
495473,2017,greek+super+league,28528198,7,,1,0.232,0.5820000000000001,887,f,f,f,,Petros Mantalos,<b>Petros Mantalos</b> - 7' <br>Shot Off Target,"",Shot by Petros Mantalos,1
495473,2017,greek+super+league,28528567,16,,1,0.095,0.33399999999999996,887,t,f,f,,Petros Mantalos,<b>Petros Mantalos</b> - 16' <br>Goal,(16'),Shot by Petros Mantalos,1
495473,2017,greek+super+league,28528706,20,,1,0.856,0.745,2988,f,f,f,,Marko Vesovic,<b>Marko Vesovic</b> - 20' <br>Shot Blocked,"",Shot by Marko Vesovic,1
495473,2017,greek+super+league,28529093,29,,1,0.906,0.518,2988,t,f,f,,Josip Elez,<b>Josip Elez</b> - 29' <br>Goal,(29'),Shot by Josip Elez,1
495473,2017,greek+super+league,28529469,38,,1,0.229,0.604,887,f,f,f,,Andr&#233; Sim&#245;es,<b>Andr&#233; Sim&#245;es</b> - 38' <br>Shot Blocked,"",Shot by AndrÃÂ© SimÃÂµes,1
495473,2017,greek+super+league,28529511,40,,1,0.201,0.594,887,f,f,f,,Petros Mantalos,<b>Petros Mantalos</b> - 40' <br>Free Kick,"",Shot by Petros Mantalos,1
495473,2017,greek+super+league,28529546,41,,1,0.101,0.647,887,f,f,f,,Petros Mantalos,<b>Petros Mantalos</b> - 41' <br>Shot On Target,"",Shot by Petros Mantalos,1
495473,2017,greek+super+league,28530606,62,,2,0.263,0.29100000000000004,887,t,f,f,,Lazaros Christodoulopoulos,<b>Lazaros Christodoulopoulos</b> - 62' <br>Goal - Free-kick,(62'),Shot by Lazaros Christodoulopoulos,1
495473,2017,greek+super+league,28531025,70,,2,0.094,0.5329999999999999,887,f,f,f,,Andr&#233; Sim&#245;es,<b>Andr&#233; Sim&#245;es</b> - 70' <br>Shot On Target,"",Shot by AndrÃÂ© SimÃÂµes,1
495473,2017,greek+super+league,28531004,71,,2,0.131,0.252,887,f,f,f,,Lazaros Christodoulopoulos,<b>Lazaros Christodoulopoulos</b> - 71' <br>Shot Off Target,"",Shot by Lazaros Christodoulopoulos,1
495473,2017,greek+super+league,28531112,73,,2,.863,.369,2988,f,f,f,,Josip Misic,<b>Josip Misic</b> - 73'<br>Shot Off Target,"",Shot by Josip Misic,1
495473,2017,greek+super+league,28531084,73,,2,.778,.425,2988,f,f,f,,Josip Misic,<b>Josip Misic</b> - 73'<br>Shot Blocked,"",Shot by Josip Misic,1
495473,2017,greek+super+league,28531343,79,,2,0.812,0.519,2988,f,f,f,,Maxwell Acosty,<b>Maxwell Acosty</b> - 79' <br>Shot Off Target,"",Shot by Maxwell Acosty,1
495473,2017,greek+super+league,28531482,83,,2,0.907,0.524,2988,f,f,f,,Heber,<b>Heber</b> - 83' <br>Shot Off Target,"",Shot by Heber,1
495473,2017,greek+super+league,28531558,85,,2,0.843,0.546,2988,f,f,f,,Maxwell Acosty,<b>Maxwell Acosty</b> - 85' <br>Shot Off Target,"",Shot by Maxwell Acosty,1
496361,2017,greek+super+league,28498444,18,,1,1.0,0.0,3874,t,f,f,,Denis Epstein,<b>Denis Epstein</b> - 18' <br>Penalty - Scored,(18' PEN),Shot by Denis Epstein,1
496362,2017,greek+super+league,28495989,4,,1,1.0,0.0,887,t,f,f,,Petros Mantalos,<b>Petros Mantalos</b> - 4' <br>Goal,(4'),Shot by Petros Mantalos,1
496362,2017,greek+super+league,28496631,34,,1,1.0,0.0,887,t,f,f,,Viktor Klonaridis,<b>Viktor Klonaridis</b> - 34' <br>Goal,(34'),Shot by Viktor Klonaridis,1
496362,2017,greek+super+league,28497515,74,,2,1.0,0.0,887,t,f,f,,Anastasios Bakasetas,<b>Anastasios Bakasetas</b> - 74' <br>Goal,(74'),Shot by Anastasios Bakasetas,1
496362,2017,greek+super+league,28497713,86,,2,1.0,0.0,887,t,f,f,,Sergio Araujo,<b>Sergio Araujo</b> - 86' <br>Goal,(86'),Shot by Sergio Araujo,1
496364,2017,greek+super+league,28494735,56,,2,1.0,0.0,2789,t,f,f,,Masoud Shojaei,<b>Masoud Shojaei</b> - 56' <br>Penalty - Scored,(56' PEN),Shot by Masoud Shojaei,1
496364,2017,greek+super+league,28495007,67,,2,0.0,1.0,11431,t,f,f,,Diego Lopes,<b>Diego Lopes</b> - 67' <br>Goal,(67'),Shot by Diego Lopes,1
496622,2017,greek+super+league,28646650,22,,1,0.0,1.0,435,t,f,f,,Marko Marin,<b>Marko Marin</b> - 22' <br>Goal,(22'),Shot by Marko Marin,1
496622,2017,greek+super+league,28647338,46,,2,0.0,1.0,435,t,f,f,,Vadis Odjidja,<b>Vadis Odjidja</b> - 46' <br>Goal,(46'),Shot by Vadis Odjidja,1
496622,2017,greek+super+league,28647541,64,,2,1.0,0.0,887,t,f,f,,Lazaros Christodoulopoulos,<b>Lazaros Christodoulopoulos</b> - 64' <br>Goal,(64'),Shot by Lazaros Christodoulopoulos,1
496622,2017,greek+super+league,28648096,80,,2,1.0,0.0,887,t,f,f,,Lazaros Christodoulopoulos,<b>Lazaros Christodoulopoulos</b> - 80' <br>Goal,(80'),Shot by Lazaros Christodoulopoulos,1
496622,2017,greek+super+league,28648305,89,,2,1.0,0.0,887,t,f,f,,Petros Mantalos,<b>Petros Mantalos</b> - 89' <br>Goal,(89'),Shot by Petros Mantalos,1
496623,2017,greek+super+league,28644727,33,,1,1.0,0.0,2789,t,f,f,,Lazaros Lamprou,<b>Lazaros Lamprou</b> - 33' <br>Goal,(33'),Shot by Lazaros Lamprou,1
496623,2017,greek+super+league,28645297,50,,2,1.0,0.0,2789,t,f,f,,Samed Yesil,<b>Samed Yesil</b> - 50' <br>Goal,(50'),Shot by Samed Yesil,1
496623,2017,greek+super+league,28645699,68,,2,1.0,0.0,2789,t,f,f,,Srdjan Spiridonovic,<b>Srdjan Spiridonovic</b> - 68' <br>Goal,(68'),Shot by Srdjan Spiridonovic,1
496623,2017,greek+super+league,28645863,77,,2,1.0,0.0,2789,t,f,f,,Georgios Masouras,<b>Georgios Masouras</b> - 77' <br>Goal,(77'),Shot by Georgios Masouras,1
496623,2017,greek+super+league,28646018,90, +1',2,0.0,1.0,10418,t,f,f,,Fatjon Andoni,<b>Fatjon Andoni</b> - 90'  +1'<br>Penalty - Scored,(90' +1' PEN),Shot by Fatjon Andoni,1
496625,2017,greek+super+league,28642609,55,,2,1.0,0.0,605,t,f,f,,Aleksandar Prijovic,<b>Aleksandar Prijovic</b> - 55' <br>Goal,(55'),Shot by Aleksandar Prijovic,1
496626,2017,greek+super+league,28630964,19,,1,1.0,0.0,11431,t,f,f,,Franco Mazurek,<b>Franco Mazurek</b> - 19' <br>Goal,(19'),Shot by Franco Mazurek,1
496626,2017,greek+super+league,28632299,65,,2,1.0,0.0,11431,t,f,f,,Cl&#233;sio Bauque,<b>Cl&#233;sio Bauque</b> - 65' <br>Goal,(65'),Shot by ClÃÂ©sio Bauque,1
496629,2017,greek+super+league,28583785,49,,2,0.0,1.0,2789,t,f,f,,Georgios Masouras,<b>Georgios Masouras</b> - 49' <br>Goal,(49'),Shot by Georgios Masouras,1
496629,2017,greek+super+league,28583792,57,,2,1.0,0.0,6848,t,f,f,,Bruno Halkiadakis,<b>Bruno Halkiadakis</b> - 57' <br>Goal,(57'),Shot by Bruno Halkiadakis,1
496630,2017,greek+super+league,28579310,81,,2,0.0,1.0,887,t,f,f,,Lazaros Christodoulopoulos,<b>Lazaros Christodoulopoulos</b> - 81' <br>Penalty - Scored,(81' PEN),Shot by Lazaros Christodoulopoulos,1
496633,2017,greek+super+league,28574059,32,,1,1.0,0.0,443,t,f,f,,Omri Altman,<b>Omri Altman</b> - 32' <br>Goal,(32'),Shot by Omri Altman,1
496635,2017,greek+super+league,28561073,75,,2,1.0,0.0,605,t,f,f,,Aleksandar Prijovic,<b>Aleksandar Prijovic</b> - 75' <br>Goal,(75'),Shot by Aleksandar Prijovic,1
496654,2017,greek+super+league,28840176,50,,2,1.0,0.0,443,t,f,f,,Lucas Villafa&#241;ez,<b>Lucas Villafa&#241;ez</b> - 50' <br>Penalty - Scored,(50' PEN),Shot by Lucas VillafaÃÂ±ez,1
496654,2017,greek+super+league,28840193,79,,2,0.0,1.0,10418,t,f,f,,Emanuel Perrone,<b>Emanuel Perrone</b> - 79' <br>Goal,(79'),Shot by Emanuel Perrone,1
496654,2017,greek+super+league,28840224,90, +3',2,1.0,0.0,443,t,f,f,,Oscar Hiljemark,<b>Oscar Hiljemark</b> - 90'  +3'<br>Goal,(90' +3'),Shot by Oscar Hiljemark,1
496655,2017,greek+super+league,28832812,40,,1,1.0,0.0,2578,t,f,f,,Brito,<b>Brito</b> - 40' <br>Goal,(40'),Shot by Brito,1
496655,2017,greek+super+league,28833386,88,,2,0.0,1.0,887,t,f,f,,Ognjen Vranjes,<b>Ognjen Vranjes</b> - 88' <br>Goal,(88'),Shot by Ognjen Vranjes,1
496658,2017,greek+super+league,28828339,10,,1,1.0,0.0,605,t,f,f,,Marin Leovac,<b>Marin Leovac</b> - 10' <br>Goal,(10'),Shot by Marin Leovac,1
496658,2017,greek+super+league,28828699,24,,1,1.0,0.0,605,t,f,f,,Aleksandar Prijovic,<b>Aleksandar Prijovic</b> - 24' <br>Goal,(24'),Shot by Aleksandar Prijovic,1
496658,2017,greek+super+league,28829629,50,,2,1.0,0.0,605,t,f,f,,Dimitrios Pelkas,<b>Dimitrios Pelkas</b> - 50' <br>Goal,(50'),Shot by Dimitrios Pelkas,1
496658,2017,greek+super+league,28830398,88,,2,1.0,0.0,605,t,f,f,,Aleksandar Prijovic,<b>Aleksandar Prijovic</b> - 88' <br>Goal,(88'),Shot by Aleksandar Prijovic,1
496659,2017,greek+super+league,28819011,3,,1,1.0,0.0,2789,t,f,f,,Srdjan Spiridonovic,<b>Srdjan Spiridonovic</b> - 3' <br>Goal,(3'),Shot by Srdjan Spiridonovic,1
496659,2017,greek+super+league,28819288,19,,1,0.0,1.0,435,t,f,f,,Pape Abou Ciss&#233;,<b>Pape Abou Ciss&#233;</b> - 19' <br>Goal,(19'),Shot by Pape Abou CissÃÂ©,1
496659,2017,greek+super+league,28819645,37,,1,0.0,1.0,435,t,f,f,,Karim Ansarifard,<b>Karim Ansarifard</b> - 37' <br>Goal,(37'),Shot by Karim Ansarifard,1
496659,2017,greek+super+league,28819875,45,,1,0.0,1.0,435,t,f,f,,Karim Ansarifard,<b>Karim Ansarifard</b> - 45' <br>Goal,(45'),Shot by Karim Ansarifard,1
496659,2017,greek+super+league,28820771,83,,2,1.0,0.0,2789,t,f,f,,Masoud Shojaei,<b>Masoud Shojaei</b> - 83' <br>Penalty - Scored,(83' PEN),Shot by Masoud Shojaei,1
496659,2017,greek+super+league,28820805,84,,2,1.0,0.0,2789,t,f,f,,Fiorin Durmishaj,<b>Fiorin Durmishaj</b> - 84' <br>Goal,(84'),Shot by Fiorin Durmishaj,1
496659,2017,greek+super+league,28820844,87,,2,0.0,1.0,435,t,f,f,,Konstantinos Fortounis,<b>Konstantinos Fortounis</b> - 87' <br>Penalty - Scored,(87' PEN),Shot by Konstantinos Fortounis,1
496662,2017,greek+super+league,28729010,47,,2,1.0,0.0,8354,t,f,f,,Juan Munafo,<b>Juan Munafo</b> - 47' <br>Goal,(47'),Shot by Juan Munafo,1
496662,2017,greek+super+league,28729460,81,,2,1.0,0.0,8354,t,f,f,,Michalis Manias,<b>Michalis Manias</b> - 81' <br>Goal,(81'),Shot by Michalis Manias,1
496666,2017,greek+super+league,28712360,44,,1,0.0,1.0,605,t,f,f,,L&#233;o Matos,<b>L&#233;o Matos</b> - 44' <br>Goal,(44'),Shot by LÃÂ©o Matos,1
496666,2017,greek+super+league,28713544,89,,2,1.0,0.0,10418,t,f,f,,Sandi Krizman,<b>Sandi Krizman</b> - 89' <br>Goal,(89'),Shot by Sandi Krizman,1
496667,2017,greek+super+league,28706312,10,,1,1.0,0.0,443,t,f,f,,Oscar Hiljemark,<b>Oscar Hiljemark</b> - 10' <br>Goal,(10'),Shot by Oscar Hiljemark,1
496667,2017,greek+super+league,28712805,10,,1,1.0,0.0,6848,t,t,f,,Alexios Michail,<b>Alexios Michail</b> - 10' <br>Own Goal,(10' OG),Shot by Alexios Michail,1
496667,2017,greek+super+league,28706426,13,,1,1.0,0.0,443,t,f,f,,Guillermo Molins,<b>Guillermo Molins</b> - 13' <br>Goal,(13'),Shot by Guillermo Molins,1
496670,2017,greek+super+league,29374039,58,,2,0.0,1.0,2789,t,f,f,,Georgios Masouras,<b>Georgios Masouras</b> - 58' <br>Goal,(58'),Shot by Georgios Masouras,1
496670,2017,greek+super+league,29374041,60,,2,1.0,0.0,5276,t,f,f,,Leonardo,<b>Leonardo</b> - 60' <br>Goal,(60'),Shot by Leonardo,1
496670,2017,greek+super+league,29374051,77,,2,1.0,0.0,5276,t,f,f,,Petros Giakoumakis,<b>Petros Giakoumakis</b> - 77' <br>Goal,(77'),Shot by Petros Giakoumakis,1
496671,2017,greek+super+league,29371882,18,,1,0.0,1.0,443,t,f,f,,Omri Altman,<b>Omri Altman</b> - 18' <br>Goal,(18'),Shot by Omri Altman,1
496671,2017,greek+super+league,29372560,78,,2,1.0,0.0,2578,t,f,f,,Erik Jendrisek,<b>Erik Jendrisek</b> - 78' <br>Goal,(78'),Shot by Erik Jendrisek,1
496675,2017,greek+super+league,29363397,56,,2,0.0,1.0,605,t,f,f,,Stelios Malezas,<b>Stelios Malezas</b> - 56' <br>Goal,(56'),Shot by Stelios Malezas,1
496678,2017,greek+super+league,29326631,13,,1,1.0,0.0,3874,t,t,f,,Nikos Giannakopoulos,<b>Nikos Giannakopoulos</b> - 13' <br>Own Goal,(13' OG),Shot by Nikos Giannakopoulos,1
496678,2017,greek+super+league,29326671,38,,1,1.0,0.0,887,t,f,f,,Panagiotis Kone,<b>Panagiotis Kone</b> - 38' <br>Goal,(38'),Shot by Panagiotis Kone,1
496678,2017,greek+super+league,29326694,56,,2,1.0,0.0,887,t,f,f,,Sergio Araujo,<b>Sergio Araujo</b> - 56' <br>Goal,(56'),Shot by Sergio Araujo,1
496678,2017,greek+super+league,29326729,88,,2,0.0,1.0,3874,t,f,f,,F&#225;bio,<b>F&#225;bio</b> - 88' <br>Penalty - Scored,(88' PEN),Shot by FÃÂ¡bio,1
496679,2017,greek+super+league,29322366,8,,1,1.0,0.0,605,t,f,f,,Dimitrios Pelkas,<b>Dimitrios Pelkas</b> - 8' <br>Goal,(8'),Shot by Dimitrios Pelkas,1
496679,2017,greek+super+league,29323087,51,,2,1.0,0.0,605,t,f,f,,Dimitrios Pelkas,<b>Dimitrios Pelkas</b> - 51' <br>Goal,(51'),Shot by Dimitrios Pelkas,1
496679,2017,greek+super+league,29323213,67,,2,1.0,0.0,605,t,f,f,,Efthimios Koulouris,<b>Efthimios Koulouris</b> - 67' <br>Penalty - Scored,(67' PEN),Shot by Efthimios Koulouris,1
496679,2017,greek+super+league,29323250,77,,2,1.0,0.0,605,t,f,f,,Aleksandar Prijovic,<b>Aleksandar Prijovic</b> - 77' <br>Goal,(77'),Shot by Aleksandar Prijovic,1
496684,2017,greek+super+league,29302252,29,,1,1.0,0.0,2789,t,f,f,,Srdjan Spiridonovic,<b>Srdjan Spiridonovic</b> - 29' <br>Goal,(29'),Shot by Srdjan Spiridonovic,1
496684,2017,greek+super+league,29307352,61,,2,0.0,1.0,12769,t,f,f,,Clarck Nsikulu,<b>Clarck Nsikulu</b> - 61' <br>Goal,(61'),Shot by Clarck Nsikulu,1
496684,2017,greek+super+league,29310277,82,,2,1.0,0.0,2789,t,f,f,,Jerome Guihoata,<b>Jerome Guihoata</b> - 82' <br>Goal,(82'),Shot by Jerome Guihoata,1
496687,2017,greek+super+league,29266062,52,,2,0.0,1.0,887,t,f,f,,Marko Livaja,<b>Marko Livaja</b> - 52' <br>Goal,(52'),Shot by Marko Livaja,1
496687,2017,greek+super+league,29266146,66,,2,0.0,1.0,887,t,f,f,,Sergio Araujo,<b>Sergio Araujo</b> - 66' <br>Goal,(66'),Shot by Sergio Araujo,1
496690,2017,greek+super+league,29261161,73,,2,0.0,1.0,2789,t,f,f,,Fiorin Durmishaj,<b>Fiorin Durmishaj</b> - 73' <br>Goal,(73'),Shot by Fiorin Durmishaj,1
496692,2017,greek+super+league,29244495,25,,1,0.0,1.0,2578,t,t,f,,Pablo De Lucas Torres,<b>Pablo De Lucas Torres</b> - 25' <br>Own Goal,(25' OG),Shot by Pablo De Lucas Torres,1
496692,2017,greek+super+league,29245376,33,,1,0.0,1.0,605,t,f,f,,Robert Mak,<b>Robert Mak</b> - 33' <br>Goal,(33'),Shot by Robert Mak,1
496692,2017,greek+super+league,29249594,62,,2,0.0,1.0,605,t,f,f,,Jos&#233; &#193;ngel Crespo,<b>Jos&#233; &#193;ngel Crespo</b> - 62' <br>Goal,(62'),Shot by JosÃÂ© ÃÂngel Crespo,1
496694,2017,greek+super+league,29214872,39,,1,1.0,0.0,887,t,f,f,,Marko Livaja,<b>Marko Livaja</b> - 39' <br>Goal,(39'),Shot by Marko Livaja,1
496694,2017,greek+super+league,29214897,49,,2,1.0,0.0,887,t,f,f,,Marko Livaja,<b>Marko Livaja</b> - 49' <br>Goal,(49'),Shot by Marko Livaja,1
496694,2017,greek+super+league,29214905,63,,2,1.0,0.0,887,t,f,f,,Anastasios Bakasetas,<b>Anastasios Bakasetas</b> - 63' <br>Goal,(63'),Shot by Anastasios Bakasetas,1
496698,2017,greek+super+league,29204401,41,,1,0.0,1.0,605,t,f,f,,Efthimios Koulouris,<b>Efthimios Koulouris</b> - 41' <br>Penalty - Scored,(41' PEN),Shot by Efthimios Koulouris,1
496698,2017,greek+super+league,29204931,48,,2,1.0,0.0,2789,t,f,f,,Srdjan Spiridonovic,<b>Srdjan Spiridonovic</b> - 48' <br>Goal,(48'),Shot by Srdjan Spiridonovic,1
496698,2017,greek+super+league,29205904,86,,2,1.0,0.0,2789,t,f,f,,Samed Yesil,<b>Samed Yesil</b> - 86' <br>Goal,(86'),Shot by Samed Yesil,1
496698,2017,greek+super+league,29206025,90, +3',2,0.0,1.0,605,t,f,f,,L&#233;o Matos,<b>L&#233;o Matos</b> - 90'  +3'<br>Goal,(90' +3'),Shot by LÃÂ©o Matos,1
496699,2017,greek+super+league,29194581,3,,1,1.0,0.0,6790,t,f,f,,Abiola Dauda,<b>Abiola Dauda</b> - 3' <br>Goal,(3'),Shot by Abiola Dauda,1
496699,2017,greek+super+league,29195087,30,,1,0.0,1.0,443,t,f,f,,Guillermo Molins,<b>Guillermo Molins</b> - 30' <br>Penalty - Scored,(30' PEN),Shot by Guillermo Molins,1
496702,2017,greek+super+league,29143270,22,,1,0.0,1.0,6790,t,f,f,,Stefanos Strougis,<b>Stefanos Strougis</b> - 22' <br>Goal,(22'),Shot by Stefanos Strougis,1
496702,2017,greek+super+league,29143300,45,,1,1.0,0.0,605,t,f,f,,Vieirinha,<b>Vieirinha</b> - 45' <br>Penalty - Scored,(45' PEN),Shot by Vieirinha,1
496702,2017,greek+super+league,29143362,71,,2,1.0,0.0,605,t,f,f,,Djalma Campos,<b>Djalma Campos</b> - 71' <br>Goal,(71'),Shot by Djalma Campos,1
496703,2017,greek+super+league,29138305,10,,1,1.0,0.0,443,t,f,f,,Rodrigo Moledo,<b>Rodrigo Moledo</b> - 10' <br>Goal,(10'),Shot by Rodrigo Moledo,1
496703,2017,greek+super+league,29139408,90, +5',2,0.0,1.0,887,t,f,f,,Marko Livaja,<b>Marko Livaja</b> - 90'  +5'<br>Goal,(90' +5'),Shot by Marko Livaja,1
496706,2017,greek+super+league,29134135,23,,1,1.0,0.0,2578,t,f,f,,Erik Jendrisek,<b>Erik Jendrisek</b> - 23' <br>Goal,(23'),Shot by Erik Jendrisek,1
496706,2017,greek+super+league,29135018,65,,2,1.0,0.0,2578,t,f,f,,Erik Jendrisek,<b>Erik Jendrisek</b> - 65' <br>Goal,(65'),Shot by Erik Jendrisek,1
496711,2017,greek+super+league,29055737,25,,1,1.0,0.0,887,t,f,f,,Marko Livaja,<b>Marko Livaja</b> - 25' <br>Goal,(25'),Shot by Marko Livaja,1
496715,2017,greek+super+league,29039476,86,,2,1.0,0.0,8354,t,f,f,,Juan Munafo,<b>Juan Munafo</b> - 86' <br>Goal,(86'),Shot by Juan Munafo,1
496718,2017,greek+super+league,28987958,34,,1,1.0,0.0,605,t,f,f,,Mauricio,<b>Mauricio</b> - 34' <br>Goal,(34'),Shot by Mauricio,1
496718,2017,greek+super+league,28987960,37,,1,1.0,0.0,605,t,f,f,,Mauricio,<b>Mauricio</b> - 37' <br>Goal,(37'),Shot by Mauricio,1
496719,2017,greek+super+league,28982920,81,,2,0.0,1.0,887,t,f,f,,Sergio Araujo,<b>Sergio Araujo</b> - 81' <br>Goal,(81'),Shot by Sergio Araujo,1
496723,2017,greek+super+league,28965121,56,,2,1.0,0.0,443,t,f,f,,Lucas Villafa&#241;ez,<b>Lucas Villafa&#241;ez</b> - 56' <br>Goal,(56'),Shot by Lucas VillafaÃÂ±ez,1
496726,2017,greek+super+league,28917244,55,,2,0.0,1.0,6790,t,f,f,,Abiola Dauda,<b>Abiola Dauda</b> - 55' <br>Goal,(55'),Shot by Abiola Dauda,1
496727,2017,greek+super+league,28910220,51,,2,1.0,0.0,435,t,f,f,,Bj&#246;rn Engels,<b>Bj&#246;rn Engels</b> - 51' <br>Goal,(51'),Shot by BjÃÂ¶rn Engels,1
496730,2017,greek+super+league,28905708,47,,2,0.0,1.0,2789,t,f,f,,Masoud Shojaei,<b>Masoud Shojaei</b> - 47' <br>Goal,(47'),Shot by Masoud Shojaei,1
496731,2017,greek+super+league,28894268,37,,1,1.0,0.0,443,t,t,f,,Niklas Hult,<b>Niklas Hult</b> - 37' <br>Own Goal,(37' OG),Shot by Niklas Hult,1
496731,2017,greek+super+league,28895681,85,,2,0.0,1.0,443,t,f,f,,Guillermo Molins,<b>Guillermo Molins</b> - 85' <br>Goal,(85'),Shot by Guillermo Molins,1
496734,2017,greek+super+league,28734336,78,,2,1.0,0.0,18814,t,f,f,,Marko Blazic,<b>Marko Blazic</b> - 78' <br>Goal,(78'),Shot by Marko Blazic,1
498780,2017,greek+super+league,29488449,72,,2,1.0,0.0,443,t,f,f,,Lucas Villafa&#241;ez,<b>Lucas Villafa&#241;ez</b> - 72' <br>Penalty - Scored,(72' PEN),Shot by Lucas VillafaÃÂ±ez,1
498780,2017,greek+super+league,29488765,90, +2',2,1.0,0.0,443,t,f,f,,Lucas Villafa&#241;ez,<b>Lucas Villafa&#241;ez</b> - 90'  +2'<br>Penalty - Scored,(90' +2' PEN),Shot by Lucas VillafaÃÂ±ez,1
498781,2017,greek+super+league,29483132,6,,1,0.0,1.0,887,t,f,f,,Anastasios Bakasetas,<b>Anastasios Bakasetas</b> - 6' <br>Goal,(6'),Shot by Anastasios Bakasetas,1
498781,2017,greek+super+league,29483325,36,,1,0.0,1.0,887,t,f,f,,Lazaros Christodoulopoulos,<b>Lazaros Christodoulopoulos</b> - 36' <br>Goal,(36'),Shot by Lazaros Christodoulopoulos,1
498781,2017,greek+super+league,29483332,36,,1,0.0,1.0,887,t,f,f,,Lazaros Christodoulopoulos,<b>Lazaros Christodoulopoulos</b> - 36' <br>Penalty - Scored,(36' PEN),Shot by Lazaros Christodoulopoulos,1
498781,2017,greek+super+league,29483417,45, +1',1,0.0,1.0,887,t,f,f,,Sergio Araujo,<b>Sergio Araujo</b> - 45'  +1'<br>Goal,(45' +1'),Shot by Sergio Araujo,1
498781,2017,greek+super+league,29483629,60,,2,0.0,1.0,887,t,f,f,,H&#233;lder Lopes,<b>H&#233;lder Lopes</b> - 60' <br>Goal,(60'),Shot by HÃÂ©lder Lopes,1
498781,2017,greek+super+league,29483744,68,,2,1.0,0.0,11431,t,f,f,,Vlad Morar,<b>Vlad Morar</b> - 68' <br>Penalty - Scored,(68' PEN),Shot by Vlad Morar,1
498782,2017,greek+super+league,29478146,18,,1,1.0,0.0,605,t,f,f,,L&#233;o Matos,<b>L&#233;o Matos</b> - 18' <br>Goal,(18'),Shot by LÃÂ©o Matos,1
498782,2017,greek+super+league,29480805,48,,2,1.0,0.0,605,t,f,f,,Djalma Campos,<b>Djalma Campos</b> - 48' <br>Goal,(48'),Shot by Djalma Campos,1
498782,2017,greek+super+league,29481276,57,,2,1.0,0.0,605,t,f,f,,Aleksandar Prijovic,<b>Aleksandar Prijovic</b> - 57' <br>Goal,(57'),Shot by Aleksandar Prijovic,1
498782,2017,greek+super+league,29481421,59,,2,1.0,0.0,605,t,f,f,,Djalma Campos,<b>Djalma Campos</b> - 59' <br>Goal,(59'),Shot by Djalma Campos,1
498782,2017,greek+super+league,29482994,89,,2,1.0,0.0,605,t,f,f,,Aleksandar Prijovic,<b>Aleksandar Prijovic</b> - 89' <br>Penalty - Scored,(89' PEN),Shot by Aleksandar Prijovic,1
498783,2017,greek+super+league,29474204,43,,1,0.0,1.0,3874,t,f,f,,Denis Epstein,<b>Denis Epstein</b> - 43' <br>Goal,(43'),Shot by Denis Epstein,1
498783,2017,greek+super+league,29474352,46,,2,1.0,0.0,2789,t,f,f,,Georgios Masouras,<b>Georgios Masouras</b> - 46' <br>Goal,(46'),Shot by Georgios Masouras,1
498783,2017,greek+super+league,29474498,53,,2,1.0,0.0,2789,t,f,f,,Lazaros Lamprou,<b>Lazaros Lamprou</b> - 53' <br>Goal,(53'),Shot by Lazaros Lamprou,1
498783,2017,greek+super+league,29475065,78,,2,1.0,0.0,2789,t,f,f,,Athanasios Papageorgiou,<b>Athanasios Papageorgiou</b> - 78' <br>Goal,(78'),Shot by Athanasios Papageorgiou,1
499543,2017,greek+super+league,29804175,6,,1,0.115,0.41000000000000003,887,f,f,f,,Sergio Araujo,<b>Sergio Araujo</b> - 6' <br>Shot On Target,"",Shot by Sergio Araujo,1
499543,2017,greek+super+league,29804211,8,,1,0.265,0.5660000000000001,887,f,f,f,,Anastasios Bakasetas,<b>Anastasios Bakasetas</b> - 8' <br>Shot On Target,"",Shot by Anastasios Bakasetas,1
499543,2017,greek+super+league,29804322,11,,1,0.308,0.279,887,f,f,f,,Lazaros Christodoulopoulos,<b>Lazaros Christodoulopoulos</b> - 11' <br>Shot On Target,"",Shot by Lazaros Christodoulopoulos,1
499543,2017,greek+super+league,29804370,14,,1,0.9,0.501,440,f,f,f,,Moraes,<b>Moraes</b> - 14' <br>Shot Off Target,"",Shot by Moraes,1
499543,2017,greek+super+league,29804856,27,,1,0.9,0.425,440,f,f,f,,Denys Garmash,<b>Denys Garmash</b> - 27' <br>Shot Blocked,"",Shot by Denys Garmash,1
499543,2017,greek+super+league,29805133,38,,1,0.247,0.694,887,f,f,f,,Anastasios Bakasetas,<b>Anastasios Bakasetas</b> - 38' <br>Shot Off Target,"",Shot by Anastasios Bakasetas,1
499543,2017,greek+super+league,29805588,46,,2,0.142,0.518,887,f,f,f,,Anastasios Bakasetas,<b>Anastasios Bakasetas</b> - 46' <br>Shot Blocked,"",Shot by Anastasios Bakasetas,1
499543,2017,greek+super+league,29805527,46,,2,0.24,0.579,887,f,f,f,,Konstantinos Galanopoulos,<b>Konstantinos Galanopoulos</b> - 46' <br>Shot On Target,"",Shot by Konstantinos Galanopoulos,1
499543,2017,greek+super+league,29805753,50,,2,0.255,0.612,887,f,f,f,,Michalis Bakakis,<b>Michalis Bakakis</b> - 50' <br>Shot On Target,"",Shot by Michalis Bakakis,1
499543,2017,greek+super+league,29805635,51,,2,0.043,0.542,887,f,f,f,,Masoud Shojaei,<b>Masoud Shojaei</b> - 51' <br>Shot Off Target,"",Shot by Masoud Shojaei,1
499543,2017,greek+super+league,29805735,53,,2,0.915,0.417,440,f,f,f,,Moraes,<b>Moraes</b> - 53' <br>Shot Blocked,"",Shot by Moraes,1
499543,2017,greek+super+league,29805772,55,,2,0.855,0.406,440,f,f,f,,Tamas Kadar,<b>Tamas Kadar</b> - 55' <br>Shot Off Target,"",Shot by Tamas Kadar,1
499543,2017,greek+super+league,29805868,60,,2,0.746,0.337,440,f,f,f,,Mykola Morozuk,<b>Mykola Morozuk</b> - 60' <br>Shot Blocked,"",Shot by Mykola Morozuk,1
499543,2017,greek+super+league,29805889,60,,2,0.751,0.653,440,f,f,f,,Vodolmyr Shepelev,<b>Vodolmyr Shepelev</b> - 60' <br>Shot On Target,"",Shot by Vodolmyr Shepelev,1
499543,2017,greek+super+league,29805931,61,,2,0.901,0.469,440,f,f,f,,Moraes,<b>Moraes</b> - 61' <br>Shot Blocked,"",Shot by Moraes,1
499543,2017,greek+super+league,29806016,62,,2,0.117,0.43300000000000005,887,f,f,f,,Masoud Shojaei,<b>Masoud Shojaei</b> - 62' <br>Shot Blocked,"",Shot by Masoud Shojaei,1
499543,2017,greek+super+league,29806031,62,,2,0.133,0.5549999999999999,887,f,f,f,,Sergio Araujo,<b>Sergio Araujo</b> - 62' <br>Shot Off Target,"",Shot by Sergio Araujo,1
499543,2017,greek+super+league,29806017,63,,2,0.321,0.53,887,f,f,f,,Lazaros Christodoulopoulos,<b>Lazaros Christodoulopoulos</b> - 63' <br>Free Kick,"",Shot by Lazaros Christodoulopoulos,1
499543,2017,greek+super+league,29806224,67,,2,0.322,0.507,887,f,f,f,,Lazaros Christodoulopoulos,<b>Lazaros Christodoulopoulos</b> - 67' <br>Shot Blocked,"",Shot by Lazaros Christodoulopoulos,1
499543,2017,greek+super+league,29806410,67,,2,0.185,0.371,887,f,f,f,,Andr&#233; Sim&#245;es,<b>Andr&#233; Sim&#245;es</b> - 67' <br>Shot Off Target,"",Shot by AndrÃÂ© SimÃÂµes,1
499543,2017,greek+super+league,29806263,71,,2,0.235,0.544,887,f,f,f,,Viktor Klonaridis,<b>Viktor Klonaridis</b> - 71' <br>Shot Blocked,"",Shot by Viktor Klonaridis,1
499543,2017,greek+super+league,29806330,74,,2,0.12,0.384,887,f,f,f,,Andr&#233; Sim&#245;es,<b>Andr&#233; Sim&#245;es</b> - 74' <br>Shot Blocked,"",Shot by AndrÃÂ© SimÃÂµes,1
499543,2017,greek+super+league,29806392,78,,2,0.776,0.262,440,f,f,f,,Moraes,<b>Moraes</b> - 78' <br>Shot Off Target,"",Shot by Moraes,1
499543,2017,greek+super+league,29806426,79,,2,0.7969999999999999,0.458,440,f,f,f,,Viktor Tsygankov,<b>Viktor Tsygankov</b> - 79' <br>Shot On Target,"",Shot by Viktor Tsygankov,1
499543,2017,greek+super+league,29806598,84,,2,0.87,0.623,440,f,f,f,,Derlis Gonz&#225;lez,<b>Derlis Gonz&#225;lez</b> - 84' <br>Shot On Target,"",Shot by Derlis GonzÃÂ¡lez,1
499543,2017,greek+super+league,29806601,85,,2,0.901,0.419,440,f,f,f,,Yevhen Khacheridi,<b>Yevhen Khacheridi</b> - 85' <br>Shot Off Target,"",Shot by Yevhen Khacheridi,1
499543,2017,greek+super+league,29806858,90, +1',2,0.896,0.39,440,f,f,f,,Artem Besedin,<b>Artem Besedin</b> - 90'  +1'<br>Shot Off Target,"",Shot by Artem Besedin,1
499543,2017,greek+super+league,29806860,90, +1',2,0.878,0.676,440,f,f,f,,Derlis Gonz&#225;lez,<b>Derlis Gonz&#225;lez</b> - 90'  +1'<br>Shot Blocked,"",Shot by Derlis GonzÃÂ¡lez,1
499543,2017,greek+super+league,29806876,90, +1',2,0.91,0.608,440,f,f,f,,Moraes,<b>Moraes</b> - 90'  +1'<br>Shot Blocked,"",Shot by Moraes,1
499565,2017,greek+super+league,29740603,8,,1,0.849,0.806,887,f,f,f,,Rodrigo Galo,<b>Rodrigo Galo</b> - 8' <br>Shot On Target,"",Shot by Rodrigo Galo,1
499565,2017,greek+super+league,29740674,10,,1,0.897,0.435,887,f,f,f,,Anastasios Bakasetas,<b>Anastasios Bakasetas</b> - 10' <br>Shot Blocked,"",Shot by Anastasios Bakasetas,1
499565,2017,greek+super+league,29740677,14,,1,0.279,0.723,440,f,f,f,,Vitaliy Buyalskiy,<b>Vitaliy Buyalskiy</b> - 14' <br>Shot Off Target,"",Shot by Vitaliy Buyalskiy,1
499565,2017,greek+super+league,29740776,18,,1,0.957,0.493,887,f,f,f,,Marko Livaja,<b>Marko Livaja</b> - 18' <br>Shot On Target,"",Shot by Marko Livaja,1
499565,2017,greek+super+league,29740838,19,,1,0.093,0.575,440,t,f,f,,Viktor Tsygankov,<b>Viktor Tsygankov</b> - 19' <br>Goal,(19'),Shot by Viktor Tsygankov,1
499565,2017,greek+super+league,29741197,33,,1,0.893,0.45,887,f,f,f,,Ognjen Vranjes,<b>Ognjen Vranjes</b> - 33' <br>Shot Off Target,"",Shot by Ognjen Vranjes,1
499565,2017,greek+super+league,29741267,36,,1,0.142,0.6799999999999999,440,f,f,f,,Vitaliy Buyalskiy,<b>Vitaliy Buyalskiy</b> - 36' <br>Shot Blocked,"",Shot by Vitaliy Buyalskiy,1
499565,2017,greek+super+league,29741553,45, +1',1,0.856,0.478,887,f,f,f,,Giorgos Giakoumakis,<b>Giorgos Giakoumakis</b> - 45'  +1'<br>Shot Blocked,"",Shot by Giorgos Giakoumakis,1
499565,2017,greek+super+league,29741994,57,,2,0.877,0.33,887,f,f,f,,Lazaros Christodoulopoulos,<b>Lazaros Christodoulopoulos</b> - 57' <br>Shot Off Target,"",Shot by Lazaros Christodoulopoulos,1
499565,2017,greek+super+league,29742146,62,,2,0.878,0.194,887,f,f,f,,Lazaros Christodoulopoulos,<b>Lazaros Christodoulopoulos</b> - 62' <br>Shot Blocked,"",Shot by Lazaros Christodoulopoulos,1
499565,2017,greek+super+league,29742493,72,,2,0.753,0.594,887,f,f,f,,Rodrigo Galo,<b>Rodrigo Galo</b> - 72' <br>Free Kick,"",Shot by Rodrigo Galo,1
499565,2017,greek+super+league,29742589,75,,2,0.907,0.3,887,f,f,f,,Marko Livaja,<b>Marko Livaja</b> - 75' <br>Shot On Target,"",Shot by Marko Livaja,1
499565,2017,greek+super+league,29742611,76,,2,0.708,0.3,887,f,f,f,,Lazaros Christodoulopoulos,<b>Lazaros Christodoulopoulos</b> - 76' <br>Free Kick,"",Shot by Lazaros Christodoulopoulos,1
499565,2017,greek+super+league,29742732,80,,2,0.881,0.152,887,f,f,f,,Lazaros Christodoulopoulos,<b>Lazaros Christodoulopoulos</b> - 80' <br>Shot Blocked,"",Shot by Lazaros Christodoulopoulos,1
499565,2017,greek+super+league,29742734,80,,2,0.984,0.544,887,t,f,f,,Astrit Ajdarevic,<b>Astrit Ajdarevic</b> - 80' <br>Goal - Header,(80'),Shot by Astrit Ajdarevic,1
499565,2017,greek+super+league,29742948,87,,2,0.913,0.418,887,f,f,f,,Lazaros Christodoulopoulos,<b>Lazaros Christodoulopoulos</b> - 87' <br>Shot Off Target,"",Shot by Lazaros Christodoulopoulos,1
499565,2017,greek+super+league,29743048,90,,2,0.6619999999999999,0.598,887,f,f,f,,Ognjen Vranjes,<b>Ognjen Vranjes</b> - 90' <br>Shot Off Target,"",Shot by Ognjen Vranjes,1
499565,2017,greek+super+league,29743126,90, +3',2,0.904,0.434,887,f,f,f,,Vasilios Lampropoulos,<b>Vasilios Lampropoulos</b> - 90'  +3'<br>Shot Off Target,"",Shot by Vasilios Lampropoulos,1
500354,2017,greek+super+league,29852181,68,,2,0.0,1.0,887,t,f,f,,Sergio Araujo,<b>Sergio Araujo</b> - 68' <br>Goal,(68'),Shot by Sergio Araujo,1
500354,2017,greek+super+league,29852233,80,,2,1.0,0.0,6790,t,f,f,,Amr Warda,<b>Amr Warda</b> - 80' <br>Goal,(80'),Shot by Amr Warda,1
500358,2017,greek+super+league,29833579,48,,2,1.0,0.0,443,t,f,f,,Anthony Mounier,<b>Anthony Mounier</b> - 48' <br>Goal,(48'),Shot by Anthony Mounier,1
500358,2017,greek+super+league,29833874,64,,2,1.0,0.0,443,t,f,f,,Emanuel Insua,<b>Emanuel Insua</b> - 64' <br>Goal,(64'),Shot by Emanuel Insua,1
500362,2017,greek+super+league,29782763,19,,1,0.0,1.0,443,t,f,f,,Robin Lod,<b>Robin Lod</b> - 19' <br>Goal,(19'),Shot by Robin Lod,1
500363,2017,greek+super+league,29776710,49,,2,1.0,0.0,435,t,f,f,,Vadis Odjidja,<b>Vadis Odjidja</b> - 49' <br>Goal,(49'),Shot by Vadis Odjidja,1
500365,2017,greek+super+league,29772827,5,,1,1.0,0.0,887,t,f,f,,Ognjen Vranjes,<b>Ognjen Vranjes</b> - 5' <br>Goal,(5'),Shot by Ognjen Vranjes,1
500365,2017,greek+super+league,29773060,19,,1,1.0,0.0,887,t,f,f,,Ognjen Vranjes,<b>Ognjen Vranjes</b> - 19' <br>Goal,(19'),Shot by Ognjen Vranjes,1
500365,2017,greek+super+league,29773376,33,,1,1.0,0.0,887,t,f,f,,Ognjen Vranjes,<b>Ognjen Vranjes</b> - 33' <br>Goal,(33'),Shot by Ognjen Vranjes,1
500365,2017,greek+super+league,29773587,44,,1,1.0,0.0,887,t,f,f,,Anastasios Bakasetas,<b>Anastasios Bakasetas</b> - 44' <br>Goal,(44'),Shot by Anastasios Bakasetas,1
500367,2017,greek+super+league,29763556,56,,2,0.0,1.0,605,t,f,f,,Dimitrios Pelkas,<b>Dimitrios Pelkas</b> - 56' <br>Goal,(56'),Shot by Dimitrios Pelkas,1
500367,2017,greek+super+league,29763675,62,,2,0.0,1.0,605,t,f,f,,Mauricio,<b>Mauricio</b> - 62' <br>Goal,(62'),Shot by Mauricio,1
500370,2017,greek+super+league,29719924,12,,1,1.0,0.0,605,t,f,f,,Vieirinha,<b>Vieirinha</b> - 12' <br>Goal,(12'),Shot by Vieirinha,1
500370,2017,greek+super+league,29719935,40,,1,1.0,0.0,605,t,f,f,,Fernando Varela,<b>Fernando Varela</b> - 40' <br>Goal,(40'),Shot by Fernando Varela,1
500370,2017,greek+super+league,29719940,48,,2,1.0,0.0,605,t,f,f,,Aleksandar Prijovic,<b>Aleksandar Prijovic</b> - 48' <br>Goal,(48'),Shot by Aleksandar Prijovic,1
500372,2017,greek+super+league,29713598,61,,2,1.0,0.0,887,t,f,f,,Lazaros Christodoulopoulos,<b>Lazaros Christodoulopoulos</b> - 61' <br>Penalty - Scored,(61' PEN),Shot by Lazaros Christodoulopoulos,1
500375,2017,greek+super+league,29700773,30,,1,1.0,0.0,6848,t,f,f,,Pedro Perez Conde,<b>Pedro Perez Conde</b> - 30' <br>Goal,(30'),Shot by Pedro Perez Conde,1
500375,2017,greek+super+league,29700938,45, +1',1,1.0,0.0,6848,t,f,f,,Pedro Perez Conde,<b>Pedro Perez Conde</b> - 45'  +1'<br>Goal,(45' +1'),Shot by Pedro Perez Conde,1
500375,2017,greek+super+league,29701581,69,,2,0.0,1.0,6848,t,t,f,,Iraklis Garoufalias,<b>Iraklis Garoufalias</b> - 69' <br>Own Goal,(69' OG),Shot by Iraklis Garoufalias,1
500376,2017,greek+super+league,29699871,80,,2,1.0,0.0,2789,t,f,f,,Lazaros Lamprou,<b>Lazaros Lamprou</b> - 80' <br>Penalty - Scored,(80' PEN),Shot by Lazaros Lamprou,1
500379,2017,greek+super+league,29664487,82,,2,1.0,0.0,435,t,f,f,,Karim Ansarifard,<b>Karim Ansarifard</b> - 82' <br>Goal,(82'),Shot by Karim Ansarifard,1
500379,2017,greek+super+league,29664543,88,,2,0.0,1.0,887,t,f,f,,Dmytro Chigrynskiy,<b>Dmytro Chigrynskiy</b> - 88' <br>Goal,(88'),Shot by Dmytro Chigrynskiy,1
500379,2017,greek+super+league,29664597,90, +4',2,0.0,1.0,887,t,f,f,,Giorgos Giakoumakis,<b>Giorgos Giakoumakis</b> - 90'  +4'<br>Goal,(90' +4'),Shot by Giorgos Giakoumakis,1
500382,2017,greek+super+league,29659471,9,,1,0.0,1.0,605,t,f,f,,Dimitrios Pelkas,<b>Dimitrios Pelkas</b> - 9' <br>Goal,(9'),Shot by Dimitrios Pelkas,1
500382,2017,greek+super+league,29659594,39,,1,0.0,1.0,605,t,f,f,,Aleksandar Prijovic,<b>Aleksandar Prijovic</b> - 39' <br>Goal,(39'),Shot by Aleksandar Prijovic,1
500382,2017,greek+super+league,29659656,45, +1',1,0.0,1.0,605,t,f,f,,Aleksandar Prijovic,<b>Aleksandar Prijovic</b> - 45'  +1'<br>Goal,(45' +1'),Shot by Aleksandar Prijovic,1
500382,2017,greek+super+league,29660369,71,,2,1.0,0.0,6848,t,f,f,,Pedro Perez Conde,<b>Pedro Perez Conde</b> - 71' <br>Goal,(71'),Shot by Pedro Perez Conde,1
500389,2017,greek+super+league,29610724,90, +1',2,0.0,1.0,6848,t,f,f,,Themistoklis Tzimopoulos,<b>Themistoklis Tzimopoulos</b> - 90'  +1'<br>Goal,(90' +1'),Shot by Themistoklis Tzimopoulos,1
500390,2017,greek+super+league,29608809,87,,2,0.0,1.0,605,t,f,f,,Aleksandar Prijovic,<b>Aleksandar Prijovic</b> - 87' <br>Penalty - Scored,(87' PEN),Shot by Aleksandar Prijovic,1
500391,2017,greek+super+league,29600541,40,,1,1.0,0.0,887,t,f,f,,Lazaros Christodoulopoulos,<b>Lazaros Christodoulopoulos</b> - 40' <br>Goal,(40'),Shot by Lazaros Christodoulopoulos,1
500391,2017,greek+super+league,29600853,63,,2,1.0,0.0,887,t,f,f,,Marko Livaja,<b>Marko Livaja</b> - 63' <br>Goal,(63'),Shot by Marko Livaja,1
500397,2017,greek+super+league,29566554,25,,1,1.0,0.0,11431,t,f,f,,Vlad Morar,<b>Vlad Morar</b> - 25' <br>Goal,(25'),Shot by Vlad Morar,1
500397,2017,greek+super+league,29567550,81,,2,0.0,1.0,2789,t,f,f,,Lazaros Lamprou,<b>Lazaros Lamprou</b> - 81' <br>Goal,(81'),Shot by Lazaros Lamprou,1
500398,2017,greek+super+league,29564724,27,,1,1.0,0.0,605,t,f,f,,Robert Mak,<b>Robert Mak</b> - 27' <br>Goal,(27'),Shot by Robert Mak,1
500398,2017,greek+super+league,29564823,45, +1',1,1.0,0.0,15722,t,t,f,,Emmanuel Kone,<b>Emmanuel Kone</b> - 45'  +1'<br>Own Goal,(45' +1' OG),Shot by Emmanuel Kone,1
500398,2017,greek+super+league,29565612,90, +1',2,1.0,0.0,605,t,f,f,,Aleksandar Prijovic,<b>Aleksandar Prijovic</b> - 90'  +1'<br>Goal,(90' +1'),Shot by Aleksandar Prijovic,1
500400,2017,greek+super+league,29547571,16,,1,1.0,0.0,443,t,f,f,,Christos Donis,<b>Christos Donis</b> - 16' <br>Goal,(16'),Shot by Christos Donis,1
500400,2017,greek+super+league,29549595,33,,1,1.0,0.0,443,t,f,f,,Mattias Johansson,<b>Mattias Johansson</b> - 33' <br>Goal,(33'),Shot by Mattias Johansson,1
500400,2017,greek+super+league,29555396,70,,2,1.0,0.0,443,t,f,f,,Robin Lod,<b>Robin Lod</b> - 70' <br>Goal,(70'),Shot by Robin Lod,1
500400,2017,greek+super+league,29557077,90,,2,1.0,0.0,443,t,f,f,,Omri Altman,<b>Omri Altman</b> - 90' <br>Goal,(90'),Shot by Omri Altman,1
500403,2017,greek+super+league,29527132,12,,1,1.0,0.0,887,t,f,f,,Marko Livaja,<b>Marko Livaja</b> - 12' <br>Goal,(12'),Shot by Marko Livaja,1
500403,2017,greek+super+league,29527601,47,,2,0.0,1.0,6848,t,f,f,,Iraklis Garoufalias,<b>Iraklis Garoufalias</b> - 47' <br>Goal,(47'),Shot by Iraklis Garoufalias,1
500403,2017,greek+super+league,29527644,53,,2,1.0,0.0,887,t,f,f,,Sergio Araujo,<b>Sergio Araujo</b> - 53' <br>Goal,(53'),Shot by Sergio Araujo,1
500403,2017,greek+super+league,29527864,88,,2,1.0,0.0,887,t,f,f,,Sergio Araujo,<b>Sergio Araujo</b> - 88' <br>Goal,(88'),Shot by Sergio Araujo,1
500406,2017,greek+super+league,29524506,23,,1,0.0,1.0,605,t,f,f,,L&#233;o Matos,<b>L&#233;o Matos</b> - 23' <br>Goal,(23'),Shot by LÃÂ©o Matos,1
500406,2017,greek+super+league,29524939,57,,2,0.0,1.0,605,t,f,f,,Djalma Campos,<b>Djalma Campos</b> - 57' <br>Goal,(57'),Shot by Djalma Campos,1
500406,2017,greek+super+league,29525032,78,,2,0.0,1.0,605,t,f,f,,Dimitrios Pelkas,<b>Dimitrios Pelkas</b> - 78' <br>Goal,(78'),Shot by Dimitrios Pelkas,1
500407,2017,greek+super+league,29527086,22,,1,1.0,0.0,5276,t,f,f,,Jo&#227;o Francisco,<b>Jo&#227;o Francisco</b> - 22' <br>Goal,(22'),Shot by JoÃÂ£o Francisco,1
500407,2017,greek+super+league,29527279,36,,1,1.0,0.0,5276,t,f,f,,Mohamed Youssouf,<b>Mohamed Youssouf</b> - 36' <br>Goal,(36'),Shot by Mohamed Youssouf,1
500407,2017,greek+super+league,29527502,50,,2,1.0,0.0,5276,t,f,f,,Pavlos Mirtopoulos,<b>Pavlos Mirtopoulos</b> - 50' <br>Goal,(50'),Shot by Pavlos Mirtopoulos,1
500407,2017,greek+super+league,29527723,76,,2,0.0,1.0,443,t,f,f,,Robin Lod,<b>Robin Lod</b> - 76' <br>Goal,(76'),Shot by Robin Lod,1
500407,2017,greek+super+league,29527817,90, +4',2,0.0,1.0,443,t,f,f,,Lucas Villafa&#241;ez,<b>Lucas Villafa&#241;ez</b> - 90'  +4'<br>Penalty - Scored,(90' +4' PEN),Shot by Lucas VillafaÃÂ±ez,1
500408,2017,greek+super+league,29511576,38,,1,1.0,0.0,15722,t,f,f,,Sebasti&#225;n Bartolini,<b>Sebasti&#225;n Bartolini</b> - 38' <br>Goal,(38'),Shot by SebastiÃÂ¡n Bartolini,1
500408,2017,greek+super+league,29518153,78,,2,0.0,1.0,15722,t,t,f,,Ivan Covic,<b>Ivan Covic</b> - 78' <br>Own Goal,(78' OG),Shot by Ivan Covic,1
500421,2017,greek+super+league,30311869,12,,1,1.0,0.0,887,t,f,f,,Anastasios Bakasetas,<b>Anastasios Bakasetas</b> - 12' <br>Penalty - Scored,(12' PEN),Shot by Anastasios Bakasetas,1
500421,2017,greek+super+league,30312241,33,,1,1.0,0.0,887,t,f,f,,Anastasios Bakasetas,<b>Anastasios Bakasetas</b> - 33' <br>Goal,(33'),Shot by Anastasios Bakasetas,1
500422,2017,greek+super+league,30312262,35,,1,0.0,1.0,443,t,f,f,,Luciano,<b>Luciano</b> - 35' <br>Goal,(35'),Shot by Luciano,1
500422,2017,greek+super+league,30312317,38,,1,0.0,1.0,443,t,f,f,,Robin Lod,<b>Robin Lod</b> - 38' <br>Goal,(38'),Shot by Robin Lod,1
500422,2017,greek+super+league,30313449,87,,2,0.0,1.0,443,t,f,f,,Guillermo Molins,<b>Guillermo Molins</b> - 87' <br>Goal,(87'),Shot by Guillermo Molins,1
500424,2017,greek+super+league,30311944,16,,1,0.0,1.0,2578,t,f,f,,Erik Jendrisek,<b>Erik Jendrisek</b> - 16' <br>Goal,(16'),Shot by Erik Jendrisek,1
500424,2017,greek+super+league,30313124,68,,2,1.0,0.0,605,t,f,f,,Diego Biseswar,<b>Diego Biseswar</b> - 68' <br>Goal,(68'),Shot by Diego Biseswar,1
500424,2017,greek+super+league,30313387,85,,2,1.0,0.0,605,t,f,f,,Efthimios Koulouris,<b>Efthimios Koulouris</b> - 85' <br>Goal,(85'),Shot by Efthimios Koulouris,1
500426,2017,greek+super+league,30248080,39,,1,0.0,1.0,887,t,f,f,,Lazaros Christodoulopoulos,<b>Lazaros Christodoulopoulos</b> - 39' <br>Goal,(39'),Shot by Lazaros Christodoulopoulos,1
500427,2017,greek+super+league,30246711,58,,2,1.0,0.0,443,t,f,f,,Anthony Mounier,<b>Anthony Mounier</b> - 58' <br>Penalty - Scored,(58' PEN),Shot by Anthony Mounier,1
500430,2017,greek+super+league,30229947,2,,1,1.0,0.0,605,t,f,f,,Evgeniy Shakhov,<b>Evgeniy Shakhov</b> - 2' <br>Goal,(2'),Shot by Evgeniy Shakhov,1
500430,2017,greek+super+league,30230401,15,,1,1.0,0.0,605,t,f,f,,Omar El Kaddouri,<b>Omar El Kaddouri</b> - 15' <br>Goal,(15'),Shot by Omar El Kaddouri,1
500430,2017,greek+super+league,30232011,66,,2,1.0,0.0,605,t,f,f,,Aleksandar Prijovic,<b>Aleksandar Prijovic</b> - 66' <br>Goal,(66'),Shot by Aleksandar Prijovic,1
500430,2017,greek+super+league,30232324,77,,2,0.0,1.0,2789,t,f,f,,Fiorin Durmishaj,<b>Fiorin Durmishaj</b> - 77' <br>Goal,(77'),Shot by Fiorin Durmishaj,1
500434,2017,greek+super+league,30107797,30,,1,1.0,0.0,887,t,f,f,,Sergio Araujo,<b>Sergio Araujo</b> - 30' <br>Goal,(30'),Shot by Sergio Araujo,1
500434,2017,greek+super+league,30108266,52,,2,1.0,0.0,887,t,f,f,,Rodrigo Galo,<b>Rodrigo Galo</b> - 52' <br>Goal,(52'),Shot by Rodrigo Galo,1
500434,2017,greek+super+league,30108435,68,,2,1.0,0.0,887,t,f,f,,Sergio Araujo,<b>Sergio Araujo</b> - 68' <br>Goal,(68'),Shot by Sergio Araujo,1
500438,2017,greek+super+league,30089408,36,,1,0.0,1.0,605,t,f,f,,Djalma Campos,<b>Djalma Campos</b> - 36' <br>Goal,(36'),Shot by Djalma Campos,1
500438,2017,greek+super+league,30091177,56,,2,0.0,1.0,605,t,f,f,,Jos&#233; &#193;ngel Crespo,<b>Jos&#233; &#193;ngel Crespo</b> - 56' <br>Goal,(56'),Shot by JosÃÂ© ÃÂngel Crespo,1
500444,2017,greek+super+league,29954229,69,,2,0.0,1.0,8354,t,f,f,,Michalis Manias,<b>Michalis Manias</b> - 69' <br>Goal,(69'),Shot by Michalis Manias,1
500444,2017,greek+super+league,29954701,87,,2,1.0,0.0,443,t,f,f,,Robin Lod,<b>Robin Lod</b> - 87' <br>Goal,(87'),Shot by Robin Lod,1
500445,2017,greek+super+league,29947364,48,,2,1.0,0.0,2789,t,f,f,,Srdjan Spiridonovic,<b>Srdjan Spiridonovic</b> - 48' <br>Goal,(48'),Shot by Srdjan Spiridonovic,1
500445,2017,greek+super+league,29948734,59,,2,1.0,0.0,2789,t,f,f,,Srdjan Spiridonovic,<b>Srdjan Spiridonovic</b> - 59' <br>Goal,(59'),Shot by Srdjan Spiridonovic,1
500445,2017,greek+super+league,29949848,65,,2,0.0,1.0,6790,t,f,f,,Kostas Kotsopoulos,<b>Kostas Kotsopoulos</b> - 65' <br>Goal,(65'),Shot by Kostas Kotsopoulos,1
500445,2017,greek+super+league,29952202,90, +3',2,0.0,1.0,6790,t,f,f,,Amr Warda,<b>Amr Warda</b> - 90'  +3'<br>Goal,(90' +3'),Shot by Amr Warda,1
500447,2017,greek+super+league,29898272,61,,2,1.0,0.0,435,t,f,f,,Konstantinos Fortounis,<b>Konstantinos Fortounis</b> - 61' <br>Penalty - Scored,(61' PEN),Shot by Konstantinos Fortounis,1
500447,2017,greek+super+league,29898446,87,,2,0.0,1.0,443,t,f,f,,Anthony Mounier,<b>Anthony Mounier</b> - 87' <br>Penalty - Scored,(87' PEN),Shot by Anthony Mounier,1
500449,2017,greek+super+league,29896265,21,,1,1.0,0.0,887,t,f,f,,Marko Livaja,<b>Marko Livaja</b> - 21' <br>Goal,(21'),Shot by Marko Livaja,1
500450,2017,greek+super+league,29894342,18,,1,1.0,0.0,8354,t,f,f,,Georgios Kyriakopoulos,<b>Georgios Kyriakopoulos</b> - 18' <br>Goal,(18'),Shot by Georgios Kyriakopoulos,1
500450,2017,greek+super+league,29894555,37,,1,0.0,1.0,605,t,f,f,,Djalma Campos,<b>Djalma Campos</b> - 37' <br>Goal,(37'),Shot by Djalma Campos,1
500450,2017,greek+super+league,29895235,53,,2,1.0,0.0,8354,t,f,f,,Mart&#237;n Tonso,<b>Mart&#237;n Tonso</b> - 53' <br>Goal,(53'),Shot by MartÃÂ­n Tonso,1
500450,2017,greek+super+league,29895835,90, +7',2,0.0,1.0,605,t,f,f,,Aleksandar Prijovic,<b>Aleksandar Prijovic</b> - 90'  +7'<br>Penalty - Scored,(90' +7' PEN),Shot by Aleksandar Prijovic,1
500450,2017,greek+super+league,29895853,90, +8',2,1.0,0.0,8354,t,f,f,,Walter Matias Iglesias,<b>Walter Matias Iglesias</b> - 90'  +8'<br>Goal,(90' +8'),Shot by Walter Matias Iglesias,1
