398944,2014,dutch+eerste+divisie,271,151110,FC Den Bosch,5291,000099,Almere City
398945,2014,dutch+eerste+divisie,151,de292e,Sparta Rotterdam,144,3B5DBF,De Graafschap
398946,2014,dutch+eerste+divisie,149,FCEE33,Roda JC Kerkrade,3707,000099,FC Emmen VV
398947,2014,dutch+eerste+divisie,10597,000000,Jong Ajax,3728,000099,FC Oss
398948,2014,dutch+eerste+divisie,9983,000000,Jong PSV,2727,000099,FC Volendam
398949,2014,dutch+eerste+divisie,3735,C8142F,SC Stormvogels Telstar,3775,000099,Helmond Sport
398950,2014,dutch+eerste+divisie,12686,000000,Achilles '29,9993,C60000,Jong FC Twente
398951,2014,dutch+eerste+divisie,3732,C8142F,FC Eindhoven,3730,000099,MVV Maastricht
398952,2014,dutch+eerste+divisie,3731,FFE64B,VVV Venlo,147,357567,NEC Nijmegen
398953,2014,dutch+eerste+divisie,143,C8142F,Fortuna Sittard,155,FCFC79,RKC Waalwijk
398954,2014,dutch+eerste+divisie,3775,C8142F,Helmond Sport,12686,000000,Achilles '29
398955,2014,dutch+eerste+divisie,9993,000000,Jong FC Twente,3732,000099,FC Eindhoven
398956,2014,dutch+eerste+divisie,3730,C8142F,MVV Maastricht,271,151110,FC Den Bosch
398957,2014,dutch+eerste+divisie,144,3B5DBF,De Graafschap,143,000099,Fortuna Sittard
398958,2014,dutch+eerste+divisie,147,357567,NEC Nijmegen,10597,000000,Jong Ajax
398959,2014,dutch+eerste+divisie,155,FCFC79,RKC Waalwijk,9983,000000,Jong PSV
398960,2014,dutch+eerste+divisie,5291,C8142F,Almere City,149,FCEE33,Roda JC Kerkrade
398961,2014,dutch+eerste+divisie,3728,C8142F,FC Oss,151,000000,Sparta Rotterdam
398962,2014,dutch+eerste+divisie,3707,C8142F,FC Emmen VV,3735,000099,SC Stormvogels Telstar
398963,2014,dutch+eerste+divisie,2727,C8142F,FC Volendam,3731,FFE64B,VVV Venlo
398964,2014,dutch+eerste+divisie,12686,000000,Achilles '29,144,3B5DBF,De Graafschap
398965,2014,dutch+eerste+divisie,3730,C8142F,MVV Maastricht,3707,000099,FC Emmen VV
398966,2014,dutch+eerste+divisie,3732,C8142F,FC Eindhoven,3728,000099,FC Oss
398967,2014,dutch+eerste+divisie,5291,C8142F,Almere City,2727,000099,FC Volendam
398968,2014,dutch+eerste+divisie,10597,000000,Jong Ajax,3775,000099,Helmond Sport
398969,2014,dutch+eerste+divisie,149,FCEE33,Roda JC Kerkrade,9993,000000,Jong FC Twente
398970,2014,dutch+eerste+divisie,143,C8142F,Fortuna Sittard,9983,000000,Jong PSV
398971,2014,dutch+eerste+divisie,271,151110,FC Den Bosch,147,357567,NEC Nijmegen
398972,2014,dutch+eerste+divisie,3735,C8142F,SC Stormvogels Telstar,155,FCFC79,RKC Waalwijk
398973,2014,dutch+eerste+divisie,3731,FFE64B,VVV Venlo,151,de292e,Sparta Rotterdam
398974,2014,dutch+eerste+divisie,9993,000000,Jong FC Twente,10597,C60000,Jong Ajax
398975,2014,dutch+eerste+divisie,9983,000000,Jong PSV,149,FCEE33,Roda JC Kerkrade
398976,2014,dutch+eerste+divisie,147,357567,NEC Nijmegen,5291,000099,Almere City
398977,2014,dutch+eerste+divisie,151,de292e,Sparta Rotterdam,3735,000099,SC Stormvogels Telstar
398978,2014,dutch+eerste+divisie,3707,C8142F,FC Emmen VV,12686,000000,Achilles '29
398979,2014,dutch+eerste+divisie,144,3B5DBF,De Graafschap,271,151110,FC Den Bosch
398980,2014,dutch+eerste+divisie,155,FCFC79,RKC Waalwijk,3732,000099,FC Eindhoven
398981,2014,dutch+eerste+divisie,2727,C8142F,FC Volendam,143,000099,Fortuna Sittard
398982,2014,dutch+eerste+divisie,3728,C8142F,FC Oss,3730,000099,MVV Maastricht
398983,2014,dutch+eerste+divisie,3775,C8142F,Helmond Sport,3731,FFE64B,VVV Venlo
398984,2014,dutch+eerste+divisie,10597,000000,Jong Ajax,3707,000099,FC Emmen VV
398985,2014,dutch+eerste+divisie,147,357567,NEC Nijmegen,144,3B5DBF,De Graafschap
398986,2014,dutch+eerste+divisie,149,FCEE33,Roda JC Kerkrade,3775,000099,Helmond Sport
398987,2014,dutch+eerste+divisie,143,C8142F,Fortuna Sittard,9993,000000,Jong FC Twente
398988,2014,dutch+eerste+divisie,5291,C8142F,Almere City,151,000000,Sparta Rotterdam
398989,2014,dutch+eerste+divisie,3731,FFE64B,VVV Venlo,3732,000099,FC Eindhoven
398990,2014,dutch+eerste+divisie,3735,C8142F,SC Stormvogels Telstar,3728,000099,FC Oss
398991,2014,dutch+eerste+divisie,3730,C8142F,MVV Maastricht,2727,000099,FC Volendam
398992,2014,dutch+eerste+divisie,271,151110,FC Den Bosch,9983,C60000,Jong PSV
398993,2014,dutch+eerste+divisie,12686,000000,Achilles '29,155,FCFC79,RKC Waalwijk
398994,2014,dutch+eerste+divisie,9983,000000,Jong PSV,10597,C60000,Jong Ajax
398995,2014,dutch+eerste+divisie,3775,C8142F,Helmond Sport,5291,000099,Almere City
398996,2014,dutch+eerste+divisie,9993,000000,Jong FC Twente,3707,000099,FC Emmen VV
398997,2014,dutch+eerste+divisie,143,C8142F,Fortuna Sittard,271,151110,FC Den Bosch
398998,2014,dutch+eerste+divisie,144,3B5DBF,De Graafschap,2727,000099,FC Volendam
398999,2014,dutch+eerste+divisie,12686,000000,Achilles '29,3730,000099,MVV Maastricht
399000,2014,dutch+eerste+divisie,3728,C8142F,FC Oss,147,357567,NEC Nijmegen
399001,2014,dutch+eerste+divisie,151,de292e,Sparta Rotterdam,149,FCEE33,Roda JC Kerkrade
399002,2014,dutch+eerste+divisie,3732,C8142F,FC Eindhoven,3735,000099,SC Stormvogels Telstar
399003,2014,dutch+eerste+divisie,155,FCFC79,RKC Waalwijk,3731,000099,VVV Venlo
399004,2014,dutch+eerste+divisie,149,FCEE33,Roda JC Kerkrade,12686,000000,Achilles '29
399005,2014,dutch+eerste+divisie,3775,C8142F,Helmond Sport,144,3B5DBF,De Graafschap
399006,2014,dutch+eerste+divisie,10597,000000,Jong Ajax,3732,000099,FC Eindhoven
399007,2014,dutch+eerste+divisie,3728,C8142F,FC Oss,271,151110,FC Den Bosch
399008,2014,dutch+eerste+divisie,3707,C8142F,FC Emmen VV,143,000099,Fortuna Sittard
399009,2014,dutch+eerste+divisie,2727,C8142F,FC Volendam,9993,000000,Jong FC Twente
399010,2014,dutch+eerste+divisie,3731,FFE64B,VVV Venlo,9983,000000,Jong PSV
399011,2014,dutch+eerste+divisie,5291,C8142F,Almere City,155,FCFC79,RKC Waalwijk
399012,2014,dutch+eerste+divisie,147,357567,NEC Nijmegen,151,de292e,Sparta Rotterdam
399013,2014,dutch+eerste+divisie,3730,C8142F,MVV Maastricht,3735,000099,SC Stormvogels Telstar
399014,2014,dutch+eerste+divisie,144,3B5DBF,De Graafschap,10597,000000,Jong Ajax
399015,2014,dutch+eerste+divisie,143,C8142F,Fortuna Sittard,3731,FFE64B,VVV Venlo
399016,2014,dutch+eerste+divisie,271,151110,FC Den Bosch,149,FCEE33,Roda JC Kerkrade
399017,2014,dutch+eerste+divisie,12686,000000,Achilles '29,5291,000099,Almere City
399018,2014,dutch+eerste+divisie,155,FCFC79,RKC Waalwijk,3707,000099,FC Emmen VV
399019,2014,dutch+eerste+divisie,9993,000000,Jong FC Twente,3728,000099,FC Oss
399020,2014,dutch+eerste+divisie,2727,C8142F,FC Volendam,3775,000099,Helmond Sport
399021,2014,dutch+eerste+divisie,3735,C8142F,SC Stormvogels Telstar,9983,000000,Jong PSV
399022,2014,dutch+eerste+divisie,3730,C8142F,MVV Maastricht,147,357567,NEC Nijmegen
399023,2014,dutch+eerste+divisie,3732,C8142F,FC Eindhoven,151,000000,Sparta Rotterdam
399024,2014,dutch+eerste+divisie,151,de292e,Sparta Rotterdam,12686,000000,Achilles '29
399025,2014,dutch+eerste+divisie,5291,C8142F,Almere City,144,3B5DBF,De Graafschap
399026,2014,dutch+eerste+divisie,3707,C8142F,FC Emmen VV,3732,000099,FC Eindhoven
399027,2014,dutch+eerste+divisie,3731,FFE64B,VVV Venlo,271,151110,FC Den Bosch
399028,2014,dutch+eerste+divisie,147,357567,NEC Nijmegen,2727,000099,FC Volendam
399029,2014,dutch+eerste+divisie,10597,000000,Jong Ajax,143,000099,Fortuna Sittard
399030,2014,dutch+eerste+divisie,3775,C8142F,Helmond Sport,9993,000000,Jong FC Twente
399031,2014,dutch+eerste+divisie,9983,000000,Jong PSV,3730,000099,MVV Maastricht
399032,2014,dutch+eerste+divisie,3728,C8142F,FC Oss,155,FCFC79,RKC Waalwijk
399033,2014,dutch+eerste+divisie,149,FCEE33,Roda JC Kerkrade,3735,000099,SC Stormvogels Telstar
399034,2014,dutch+eerste+divisie,2727,C8142F,FC Volendam,12686,000000,Achilles '29
399035,2014,dutch+eerste+divisie,3775,C8142F,Helmond Sport,3732,000099,FC Eindhoven
399036,2014,dutch+eerste+divisie,5291,C8142F,Almere City,3707,000099,FC Emmen VV
399037,2014,dutch+eerste+divisie,151,de292e,Sparta Rotterdam,143,000099,Fortuna Sittard
399038,2014,dutch+eerste+divisie,3731,FFE64B,VVV Venlo,10597,000000,Jong Ajax
399039,2014,dutch+eerste+divisie,271,151110,FC Den Bosch,9993,C60000,Jong FC Twente
399040,2014,dutch+eerste+divisie,144,3B5DBF,De Graafschap,9983,000000,Jong PSV
399041,2014,dutch+eerste+divisie,3730,C8142F,MVV Maastricht,155,FCFC79,RKC Waalwijk
399042,2014,dutch+eerste+divisie,3728,C8142F,FC Oss,149,FCEE33,Roda JC Kerkrade
399043,2014,dutch+eerste+divisie,147,357567,NEC Nijmegen,3735,000099,SC Stormvogels Telstar
399044,2014,dutch+eerste+divisie,10597,000000,Jong Ajax,5291,000099,Almere City
399045,2014,dutch+eerste+divisie,9983,000000,Jong PSV,3775,000099,Helmond Sport
399046,2014,dutch+eerste+divisie,9993,000000,Jong FC Twente,147,357567,NEC Nijmegen
399047,2014,dutch+eerste+divisie,149,FCEE33,Roda JC Kerkrade,144,3B5DBF,De Graafschap
399048,2014,dutch+eerste+divisie,12686,000000,Achilles '29,271,C60000,FC Den Bosch
399049,2014,dutch+eerste+divisie,3732,C8142F,FC Eindhoven,2727,000099,FC Volendam
399050,2014,dutch+eerste+divisie,3707,C8142F,FC Emmen VV,3728,000099,FC Oss
399051,2014,dutch+eerste+divisie,143,C8142F,Fortuna Sittard,3730,000099,MVV Maastricht
399052,2014,dutch+eerste+divisie,155,FCFC79,RKC Waalwijk,151,de292e,Sparta Rotterdam
399053,2014,dutch+eerste+divisie,3735,C8142F,SC Stormvogels Telstar,3731,FFE64B,VVV Venlo
399054,2014,dutch+eerste+divisie,3731,FFE64B,VVV Venlo,12686,000000,Achilles '29
399055,2014,dutch+eerste+divisie,144,3B5DBF,De Graafschap,3732,000099,FC Eindhoven
399056,2014,dutch+eerste+divisie,2727,C8142F,FC Volendam,3707,000099,FC Emmen VV
399057,2014,dutch+eerste+divisie,3728,C8142F,FC Oss,143,000099,Fortuna Sittard
399058,2014,dutch+eerste+divisie,151,de292e,Sparta Rotterdam,9993,000000,Jong FC Twente
399059,2014,dutch+eerste+divisie,5291,C8142F,Almere City,9983,000000,Jong PSV
399060,2014,dutch+eerste+divisie,10597,000000,Jong Ajax,3730,000099,MVV Maastricht
399061,2014,dutch+eerste+divisie,3775,C8142F,Helmond Sport,155,FCFC79,RKC Waalwijk
399062,2014,dutch+eerste+divisie,147,357567,NEC Nijmegen,149,FCEE33,Roda JC Kerkrade
399063,2014,dutch+eerste+divisie,271,151110,FC Den Bosch,3735,000099,SC Stormvogels Telstar
399064,2014,dutch+eerste+divisie,9993,000000,Jong FC Twente,144,3B5DBF,De Graafschap
399065,2014,dutch+eerste+divisie,9983,000000,Jong PSV,3728,000099,FC Oss
399066,2014,dutch+eerste+divisie,12686,000000,Achilles '29,147,357567,NEC Nijmegen
399067,2014,dutch+eerste+divisie,143,C8142F,Fortuna Sittard,5291,000099,Almere City
399068,2014,dutch+eerste+divisie,3730,C8142F,MVV Maastricht,3775,000099,Helmond Sport
399069,2014,dutch+eerste+divisie,3732,C8142F,FC Eindhoven,271,151110,FC Den Bosch
399070,2014,dutch+eerste+divisie,3735,C8142F,SC Stormvogels Telstar,2727,000099,FC Volendam
399071,2014,dutch+eerste+divisie,155,FCFC79,RKC Waalwijk,10597,000000,Jong Ajax
399072,2014,dutch+eerste+divisie,3707,C8142F,FC Emmen VV,151,000000,Sparta Rotterdam
399073,2014,dutch+eerste+divisie,149,FCEE33,Roda JC Kerkrade,3731,000099,VVV Venlo
399074,2014,dutch+eerste+divisie,10597,000000,Jong Ajax,149,FCEE33,Roda JC Kerkrade
399075,2014,dutch+eerste+divisie,151,de292e,Sparta Rotterdam,9983,000000,Jong PSV
399076,2014,dutch+eerste+divisie,9993,000000,Jong FC Twente,3735,000099,SC Stormvogels Telstar
399077,2014,dutch+eerste+divisie,3728,C8142F,FC Oss,12686,000000,Achilles '29
399078,2014,dutch+eerste+divisie,3775,C8142F,Helmond Sport,271,151110,FC Den Bosch
399079,2014,dutch+eerste+divisie,3732,C8142F,FC Eindhoven,143,000099,Fortuna Sittard
399080,2014,dutch+eerste+divisie,144,3B5DBF,De Graafschap,3730,000099,MVV Maastricht
399081,2014,dutch+eerste+divisie,3707,C8142F,FC Emmen VV,147,357567,NEC Nijmegen
399082,2014,dutch+eerste+divisie,2727,C8142F,FC Volendam,155,FCFC79,RKC Waalwijk
399083,2014,dutch+eerste+divisie,5291,C8142F,Almere City,3731,FFE64B,VVV Venlo
399085,2014,dutch+eerste+divisie,155,FCFC79,RKC Waalwijk,144,3B5DBF,De Graafschap
399086,2014,dutch+eerste+divisie,5291,C8142F,Almere City,3732,000099,FC Eindhoven
399087,2014,dutch+eerste+divisie,271,151110,FC Den Bosch,3707,000099,FC Emmen VV
399088,2014,dutch+eerste+divisie,3731,FFE64B,VVV Venlo,3728,000099,FC Oss
399089,2014,dutch+eerste+divisie,149,FCEE33,Roda JC Kerkrade,2727,000099,FC Volendam
399090,2014,dutch+eerste+divisie,3735,C8142F,SC Stormvogels Telstar,143,000099,Fortuna Sittard
399091,2014,dutch+eerste+divisie,3730,C8142F,MVV Maastricht,9993,000000,Jong FC Twente
399092,2014,dutch+eerste+divisie,147,357567,NEC Nijmegen,9983,000000,Jong PSV
399093,2014,dutch+eerste+divisie,3775,C8142F,Helmond Sport,151,000000,Sparta Rotterdam
399094,2014,dutch+eerste+divisie,9993,000000,Jong FC Twente,5291,000099,Almere City
399095,2014,dutch+eerste+divisie,9983,000000,Jong PSV,3707,000099,FC Emmen VV
399096,2014,dutch+eerste+divisie,155,FCFC79,RKC Waalwijk,271,151110,FC Den Bosch
399097,2014,dutch+eerste+divisie,3728,C8142F,FC Oss,3775,000099,Helmond Sport
399098,2014,dutch+eerste+divisie,2727,C8142F,FC Volendam,10597,000000,Jong Ajax
399099,2014,dutch+eerste+divisie,151,de292e,Sparta Rotterdam,3730,000099,MVV Maastricht
399100,2014,dutch+eerste+divisie,143,C8142F,Fortuna Sittard,147,357567,NEC Nijmegen
399101,2014,dutch+eerste+divisie,3732,C8142F,FC Eindhoven,149,FCEE33,Roda JC Kerkrade
399102,2014,dutch+eerste+divisie,12686,000000,Achilles '29,3735,000099,SC Stormvogels Telstar
399103,2014,dutch+eerste+divisie,144,3B5DBF,De Graafschap,3731,FFE64B,VVV Venlo
399104,2014,dutch+eerste+divisie,9993,000000,Jong FC Twente,155,FCFC79,RKC Waalwijk
399105,2014,dutch+eerste+divisie,147,357567,NEC Nijmegen,3775,000099,Helmond Sport
399106,2014,dutch+eerste+divisie,144,3B5DBF,De Graafschap,3728,000099,FC Oss
399107,2014,dutch+eerste+divisie,10597,000000,Jong Ajax,271,C60000,FC Den Bosch
399108,2014,dutch+eerste+divisie,143,C8142F,Fortuna Sittard,12686,000000,Achilles '29
399109,2014,dutch+eerste+divisie,3732,C8142F,FC Eindhoven,9983,000000,Jong PSV
399110,2014,dutch+eerste+divisie,3730,C8142F,MVV Maastricht,149,FCEE33,Roda JC Kerkrade
399111,2014,dutch+eerste+divisie,2727,C8142F,FC Volendam,151,000000,Sparta Rotterdam
399112,2014,dutch+eerste+divisie,5291,C8142F,Almere City,3735,000099,SC Stormvogels Telstar
399113,2014,dutch+eerste+divisie,3707,C8142F,FC Emmen VV,3731,FFE64B,VVV Venlo
399114,2014,dutch+eerste+divisie,9983,000000,Jong PSV,9993,C60000,Jong FC Twente
399115,2014,dutch+eerste+divisie,3735,C8142F,SC Stormvogels Telstar,144,3B5DBF,De Graafschap
399116,2014,dutch+eerste+divisie,149,FCEE33,Roda JC Kerkrade,143,000099,Fortuna Sittard
399117,2014,dutch+eerste+divisie,3731,FFE64B,VVV Venlo,3730,000099,MVV Maastricht
399118,2014,dutch+eerste+divisie,151,de292e,Sparta Rotterdam,10597,000000,Jong Ajax
399119,2014,dutch+eerste+divisie,3728,C8142F,FC Oss,5291,000099,Almere City
399120,2014,dutch+eerste+divisie,12686,000000,Achilles '29,3732,000099,FC Eindhoven
399121,2014,dutch+eerste+divisie,3775,C8142F,Helmond Sport,3707,000099,FC Emmen VV
399122,2014,dutch+eerste+divisie,271,151110,FC Den Bosch,2727,000099,FC Volendam
399123,2014,dutch+eerste+divisie,155,FCFC79,RKC Waalwijk,147,357567,NEC Nijmegen
399124,2014,dutch+eerste+divisie,9993,000000,Jong FC Twente,3731,FFE64B,VVV Venlo
399125,2014,dutch+eerste+divisie,144,3B5DBF,De Graafschap,3707,000099,FC Emmen VV
399126,2014,dutch+eerste+divisie,2727,C8142F,FC Volendam,3728,000099,FC Oss
399127,2014,dutch+eerste+divisie,3730,C8142F,MVV Maastricht,5291,000099,Almere City
399128,2014,dutch+eerste+divisie,143,C8142F,Fortuna Sittard,3775,000099,Helmond Sport
399129,2014,dutch+eerste+divisie,3735,C8142F,SC Stormvogels Telstar,10597,000000,Jong Ajax
399130,2014,dutch+eerste+divisie,12686,000000,Achilles '29,9983,C60000,Jong PSV
399131,2014,dutch+eerste+divisie,3732,C8142F,FC Eindhoven,147,357567,NEC Nijmegen
399132,2014,dutch+eerste+divisie,155,FCFC79,RKC Waalwijk,149,C60000,Roda JC Kerkrade
399133,2014,dutch+eerste+divisie,271,151110,FC Den Bosch,151,de292e,Sparta Rotterdam
399134,2014,dutch+eerste+divisie,149,FCEE33,Roda JC Kerkrade,271,151110,FC Den Bosch
399135,2014,dutch+eerste+divisie,3731,FFE64B,VVV Venlo,143,000099,Fortuna Sittard
399136,2014,dutch+eerste+divisie,147,357567,NEC Nijmegen,3730,000099,MVV Maastricht
399137,2014,dutch+eerste+divisie,5291,C8142F,Almere City,12686,000000,Achilles '29
399138,2014,dutch+eerste+divisie,151,de292e,Sparta Rotterdam,3732,000099,FC Eindhoven
399139,2014,dutch+eerste+divisie,10597,000000,Jong Ajax,144,3B5DBF,De Graafschap
399140,2014,dutch+eerste+divisie,3775,C8142F,Helmond Sport,2727,000099,FC Volendam
399141,2014,dutch+eerste+divisie,3728,C8142F,FC Oss,9993,000000,Jong FC Twente
399142,2014,dutch+eerste+divisie,3707,C8142F,FC Emmen VV,155,FCFC79,RKC Waalwijk
399143,2014,dutch+eerste+divisie,9983,000000,Jong PSV,3735,000099,SC Stormvogels Telstar
399144,2014,dutch+eerste+divisie,9983,000000,Jong PSV,5291,000099,Almere City
399145,2014,dutch+eerste+divisie,3732,C8142F,FC Eindhoven,144,3B5DBF,De Graafschap
399146,2014,dutch+eerste+divisie,3735,C8142F,SC Stormvogels Telstar,271,151110,FC Den Bosch
399147,2014,dutch+eerste+divisie,143,C8142F,Fortuna Sittard,3728,000099,FC Oss
399148,2014,dutch+eerste+divisie,3707,C8142F,FC Emmen VV,2727,000099,FC Volendam
399149,2014,dutch+eerste+divisie,155,FCFC79,RKC Waalwijk,3775,000099,Helmond Sport
399150,2014,dutch+eerste+divisie,3730,C8142F,MVV Maastricht,10597,000000,Jong Ajax
399151,2014,dutch+eerste+divisie,149,FCEE33,Roda JC Kerkrade,147,357567,NEC Nijmegen
399152,2014,dutch+eerste+divisie,9993,000000,Jong FC Twente,151,de292e,Sparta Rotterdam
399153,2014,dutch+eerste+divisie,12686,000000,Achilles '29,3731,FFE64B,VVV Venlo
399154,2014,dutch+eerste+divisie,10597,000000,Jong Ajax,155,FCFC79,RKC Waalwijk
399155,2014,dutch+eerste+divisie,147,357567,NEC Nijmegen,12686,000000,Achilles '29
399156,2014,dutch+eerste+divisie,151,de292e,Sparta Rotterdam,3707,000099,FC Emmen VV
399157,2014,dutch+eerste+divisie,3731,FFE64B,VVV Venlo,149,C60000,Roda JC Kerkrade
399158,2014,dutch+eerste+divisie,2727,C8142F,FC Volendam,3735,000099,SC Stormvogels Telstar
399159,2014,dutch+eerste+divisie,271,151110,FC Den Bosch,3732,000099,FC Eindhoven
399160,2014,dutch+eerste+divisie,144,3B5DBF,De Graafschap,9993,000000,Jong FC Twente
399161,2014,dutch+eerste+divisie,3728,C8142F,FC Oss,9983,000000,Jong PSV
399162,2014,dutch+eerste+divisie,3775,C8142F,Helmond Sport,3730,000099,MVV Maastricht
399163,2014,dutch+eerste+divisie,5291,C8142F,Almere City,143,000099,Fortuna Sittard
399164,2014,dutch+eerste+divisie,3707,C8142F,FC Emmen VV,5291,000099,Almere City
399165,2014,dutch+eerste+divisie,9983,000000,Jong PSV,144,3B5DBF,De Graafschap
399166,2014,dutch+eerste+divisie,9993,000000,Jong FC Twente,271,C60000,FC Den Bosch
399167,2014,dutch+eerste+divisie,149,FCEE33,Roda JC Kerkrade,3728,000099,FC Oss
399168,2014,dutch+eerste+divisie,12686,000000,Achilles '29,2727,000099,FC Volendam
399169,2014,dutch+eerste+divisie,3732,C8142F,FC Eindhoven,3775,000099,Helmond Sport
399170,2014,dutch+eerste+divisie,155,FCFC79,RKC Waalwijk,3730,000099,MVV Maastricht
399171,2014,dutch+eerste+divisie,3735,C8142F,SC Stormvogels Telstar,147,357567,NEC Nijmegen
399172,2014,dutch+eerste+divisie,143,C8142F,Fortuna Sittard,151,000000,Sparta Rotterdam
399173,2014,dutch+eerste+divisie,10597,000000,Jong Ajax,3731,FFE64B,VVV Venlo
399174,2014,dutch+eerste+divisie,271,151110,FC Den Bosch,12686,C60000,Achilles '29
399175,2014,dutch+eerste+divisie,2727,C8142F,FC Volendam,3732,000099,FC Eindhoven
399176,2014,dutch+eerste+divisie,3728,C8142F,FC Oss,3707,000099,FC Emmen VV
399177,2014,dutch+eerste+divisie,3730,C8142F,MVV Maastricht,143,000099,Fortuna Sittard
399178,2014,dutch+eerste+divisie,5291,C8142F,Almere City,10597,000000,Jong Ajax
399179,2014,dutch+eerste+divisie,147,357567,NEC Nijmegen,9993,000000,Jong FC Twente
399180,2014,dutch+eerste+divisie,3775,C8142F,Helmond Sport,9983,000000,Jong PSV
399181,2014,dutch+eerste+divisie,151,de292e,Sparta Rotterdam,155,FCFC79,RKC Waalwijk
399182,2014,dutch+eerste+divisie,144,3B5DBF,De Graafschap,149,FCEE33,Roda JC Kerkrade
399183,2014,dutch+eerste+divisie,3731,FFE64B,VVV Venlo,3735,000099,SC Stormvogels Telstar
399184,2014,dutch+eerste+divisie,10597,000000,Jong Ajax,147,357567,NEC Nijmegen
399185,2014,dutch+eerste+divisie,9983,000000,Jong PSV,155,FCFC79,RKC Waalwijk
399186,2014,dutch+eerste+divisie,151,de292e,Sparta Rotterdam,3728,000099,FC Oss
399187,2014,dutch+eerste+divisie,12686,000000,Achilles '29,3775,000099,Helmond Sport
399188,2014,dutch+eerste+divisie,149,FCEE33,Roda JC Kerkrade,5291,000099,Almere City
399189,2014,dutch+eerste+divisie,143,C8142F,Fortuna Sittard,144,3B5DBF,De Graafschap
399190,2014,dutch+eerste+divisie,3735,C8142F,SC Stormvogels Telstar,3707,000099,FC Emmen VV
399191,2014,dutch+eerste+divisie,3731,FFE64B,VVV Venlo,2727,000099,FC Volendam
399192,2014,dutch+eerste+divisie,3732,C8142F,FC Eindhoven,9993,000000,Jong FC Twente
399193,2014,dutch+eerste+divisie,271,151110,FC Den Bosch,3730,000099,MVV Maastricht
399194,2014,dutch+eerste+divisie,147,357567,NEC Nijmegen,3731,FFE64B,VVV Venlo
399195,2014,dutch+eerste+divisie,9993,000000,Jong FC Twente,12686,C60000,Achilles '29
399196,2014,dutch+eerste+divisie,144,3B5DBF,De Graafschap,151,de292e,Sparta Rotterdam
399197,2014,dutch+eerste+divisie,155,FCFC79,RKC Waalwijk,143,000099,Fortuna Sittard
399198,2014,dutch+eerste+divisie,3730,C8142F,MVV Maastricht,3732,000099,FC Eindhoven
399199,2014,dutch+eerste+divisie,5291,C8142F,Almere City,271,151110,FC Den Bosch
399200,2014,dutch+eerste+divisie,3728,C8142F,FC Oss,10597,000000,Jong Ajax
399201,2014,dutch+eerste+divisie,2727,C8142F,FC Volendam,9983,000000,Jong PSV
399202,2014,dutch+eerste+divisie,3707,C8142F,FC Emmen VV,149,FCEE33,Roda JC Kerkrade
399203,2014,dutch+eerste+divisie,3775,C8142F,Helmond Sport,3735,000099,SC Stormvogels Telstar
399204,2014,dutch+eerste+divisie,9993,000000,Jong FC Twente,2727,000099,FC Volendam
399205,2014,dutch+eerste+divisie,9983,000000,Jong PSV,3731,FFE64B,VVV Venlo
399206,2014,dutch+eerste+divisie,151,de292e,Sparta Rotterdam,147,357567,NEC Nijmegen
399207,2014,dutch+eerste+divisie,12686,000000,Achilles '29,149,FCEE33,Roda JC Kerkrade
399208,2014,dutch+eerste+divisie,144,3B5DBF,De Graafschap,3775,000099,Helmond Sport
399209,2014,dutch+eerste+divisie,271,151110,FC Den Bosch,3728,000099,FC Oss
399210,2014,dutch+eerste+divisie,155,FCFC79,RKC Waalwijk,5291,000099,Almere City
399211,2014,dutch+eerste+divisie,143,C8142F,Fortuna Sittard,3707,000099,FC Emmen VV
399212,2014,dutch+eerste+divisie,3732,C8142F,FC Eindhoven,10597,000000,Jong Ajax
399213,2014,dutch+eerste+divisie,3735,C8142F,SC Stormvogels Telstar,3730,000099,MVV Maastricht
399214,2014,dutch+eerste+divisie,147,357567,NEC Nijmegen,3728,000099,FC Oss
399215,2014,dutch+eerste+divisie,149,FCEE33,Roda JC Kerkrade,151,de292e,Sparta Rotterdam
399216,2014,dutch+eerste+divisie,3730,C8142F,MVV Maastricht,12686,000000,Achilles '29
399217,2014,dutch+eerste+divisie,3731,FFE64B,VVV Venlo,155,C60000,RKC Waalwijk
399218,2014,dutch+eerste+divisie,2727,C8142F,FC Volendam,144,3B5DBF,De Graafschap
399219,2014,dutch+eerste+divisie,3735,C8142F,SC Stormvogels Telstar,3732,000099,FC Eindhoven
399220,2014,dutch+eerste+divisie,271,151110,FC Den Bosch,143,000099,Fortuna Sittard
399221,2014,dutch+eerste+divisie,5291,C8142F,Almere City,3775,000099,Helmond Sport
399222,2014,dutch+eerste+divisie,3707,C8142F,FC Emmen VV,9993,000000,Jong FC Twente
399223,2014,dutch+eerste+divisie,10597,000000,Jong Ajax,9983,C60000,Jong PSV
399224,2014,dutch+eerste+divisie,9983,000000,Jong PSV,143,000099,Fortuna Sittard
399225,2014,dutch+eerste+divisie,9993,000000,Jong FC Twente,149,FCEE33,Roda JC Kerkrade
399226,2014,dutch+eerste+divisie,147,357567,NEC Nijmegen,271,151110,FC Den Bosch
399227,2014,dutch+eerste+divisie,151,de292e,Sparta Rotterdam,3731,FFE64B,VVV Venlo
399228,2014,dutch+eerste+divisie,144,3B5DBF,De Graafschap,12686,000000,Achilles '29
399229,2014,dutch+eerste+divisie,3707,C8142F,FC Emmen VV,3730,000099,MVV Maastricht
399230,2014,dutch+eerste+divisie,2727,C8142F,FC Volendam,5291,000099,Almere City
399231,2014,dutch+eerste+divisie,3728,C8142F,FC Oss,3732,000099,FC Eindhoven
399232,2014,dutch+eerste+divisie,3775,C8142F,Helmond Sport,10597,000000,Jong Ajax
399233,2014,dutch+eerste+divisie,155,FCFC79,RKC Waalwijk,3735,000099,SC Stormvogels Telstar
399234,2014,dutch+eerste+divisie,271,151110,FC Den Bosch,144,3B5DBF,De Graafschap
399235,2014,dutch+eerste+divisie,12686,000000,Achilles '29,3707,000099,FC Emmen VV
399236,2014,dutch+eerste+divisie,3730,C8142F,MVV Maastricht,3728,000099,FC Oss
399237,2014,dutch+eerste+divisie,143,C8142F,Fortuna Sittard,2727,000099,FC Volendam
399238,2014,dutch+eerste+divisie,3731,FFE64B,VVV Venlo,3775,000099,Helmond Sport
399239,2014,dutch+eerste+divisie,10597,000000,Jong Ajax,9993,C60000,Jong FC Twente
399240,2014,dutch+eerste+divisie,149,FCEE33,Roda JC Kerkrade,9983,000000,Jong PSV
399241,2014,dutch+eerste+divisie,5291,C8142F,Almere City,147,357567,NEC Nijmegen
399242,2014,dutch+eerste+divisie,3732,C8142F,FC Eindhoven,155,FCFC79,RKC Waalwijk
399243,2014,dutch+eerste+divisie,3735,C8142F,SC Stormvogels Telstar,151,000000,Sparta Rotterdam
399244,2014,dutch+eerste+divisie,9983,000000,Jong PSV,271,C60000,FC Den Bosch
399245,2014,dutch+eerste+divisie,9993,000000,Jong FC Twente,143,000099,Fortuna Sittard
399246,2014,dutch+eerste+divisie,2727,C8142F,FC Volendam,3730,000099,MVV Maastricht
399247,2014,dutch+eerste+divisie,144,3B5DBF,De Graafschap,147,357567,NEC Nijmegen
399248,2014,dutch+eerste+divisie,155,FCFC79,RKC Waalwijk,12686,000000,Achilles '29
399249,2014,dutch+eerste+divisie,3775,C8142F,Helmond Sport,149,FCEE33,Roda JC Kerkrade
399250,2014,dutch+eerste+divisie,151,de292e,Sparta Rotterdam,5291,000099,Almere City
399251,2014,dutch+eerste+divisie,3707,C8142F,FC Emmen VV,10597,000000,Jong Ajax
399252,2014,dutch+eerste+divisie,3728,C8142F,FC Oss,3735,000099,SC Stormvogels Telstar
399253,2014,dutch+eerste+divisie,3732,C8142F,FC Eindhoven,3731,FFE64B,VVV Venlo
399254,2014,dutch+eerste+divisie,147,357567,NEC Nijmegen,3707,000099,FC Emmen VV
399255,2014,dutch+eerste+divisie,155,FCFC79,RKC Waalwijk,2727,000099,FC Volendam
399256,2014,dutch+eerste+divisie,149,FCEE33,Roda JC Kerkrade,10597,000000,Jong Ajax
399257,2014,dutch+eerste+divisie,3731,FFE64B,VVV Venlo,5291,000099,Almere City
399258,2014,dutch+eerste+divisie,3730,C8142F,MVV Maastricht,144,3B5DBF,De Graafschap
399259,2014,dutch+eerste+divisie,143,C8142F,Fortuna Sittard,3732,000099,FC Eindhoven
399260,2014,dutch+eerste+divisie,12686,000000,Achilles '29,3728,000099,FC Oss
399261,2014,dutch+eerste+divisie,271,151110,FC Den Bosch,3775,000099,Helmond Sport
399262,2014,dutch+eerste+divisie,3735,C8142F,SC Stormvogels Telstar,9993,000000,Jong FC Twente
399263,2014,dutch+eerste+divisie,9983,000000,Jong PSV,151,de292e,Sparta Rotterdam
399264,2014,dutch+eerste+divisie,9993,000000,Jong FC Twente,9983,C60000,Jong PSV
399265,2014,dutch+eerste+divisie,10597,000000,Jong Ajax,151,de292e,Sparta Rotterdam
399266,2014,dutch+eerste+divisie,2727,C8142F,FC Volendam,271,151110,FC Den Bosch
399267,2014,dutch+eerste+divisie,3732,C8142F,FC Eindhoven,12686,000000,Achilles '29
399268,2014,dutch+eerste+divisie,143,C8142F,Fortuna Sittard,149,FCEE33,Roda JC Kerkrade
399269,2014,dutch+eerste+divisie,144,3B5DBF,De Graafschap,3735,000099,SC Stormvogels Telstar
399270,2014,dutch+eerste+divisie,147,357567,NEC Nijmegen,155,FCFC79,RKC Waalwijk
399271,2014,dutch+eerste+divisie,5291,C8142F,Almere City,3728,000099,FC Oss
399272,2014,dutch+eerste+divisie,3707,C8142F,FC Emmen VV,3775,000099,Helmond Sport
399273,2014,dutch+eerste+divisie,3730,C8142F,MVV Maastricht,3731,FFE64B,VVV Venlo
399274,2014,dutch+eerste+divisie,149,FCEE33,Roda JC Kerkrade,3730,000099,MVV Maastricht
399275,2014,dutch+eerste+divisie,3728,C8142F,FC Oss,144,3B5DBF,De Graafschap
399276,2014,dutch+eerste+divisie,3735,C8142F,SC Stormvogels Telstar,5291,000099,Almere City
399277,2014,dutch+eerste+divisie,9983,000000,Jong PSV,3732,000099,FC Eindhoven
399278,2014,dutch+eerste+divisie,3731,FFE64B,VVV Venlo,3707,000099,FC Emmen VV
399279,2014,dutch+eerste+divisie,151,de292e,Sparta Rotterdam,2727,000099,FC Volendam
399280,2014,dutch+eerste+divisie,12686,000000,Achilles '29,143,000099,Fortuna Sittard
399281,2014,dutch+eerste+divisie,271,151110,FC Den Bosch,10597,C60000,Jong Ajax
399282,2014,dutch+eerste+divisie,155,FCFC79,RKC Waalwijk,9993,000000,Jong FC Twente
399283,2014,dutch+eerste+divisie,3775,C8142F,Helmond Sport,147,357567,NEC Nijmegen
399284,2014,dutch+eerste+divisie,3732,C8142F,FC Eindhoven,5291,000099,Almere City
399285,2014,dutch+eerste+divisie,3707,C8142F,FC Emmen VV,271,151110,FC Den Bosch
399286,2014,dutch+eerste+divisie,151,de292e,Sparta Rotterdam,3775,000099,Helmond Sport
399288,2014,dutch+eerste+divisie,9993,000000,Jong FC Twente,3730,000099,MVV Maastricht
399289,2014,dutch+eerste+divisie,9983,000000,Jong PSV,147,357567,NEC Nijmegen
399290,2014,dutch+eerste+divisie,144,3B5DBF,De Graafschap,155,FCFC79,RKC Waalwijk
399291,2014,dutch+eerste+divisie,2727,C8142F,FC Volendam,149,FCEE33,Roda JC Kerkrade
399292,2014,dutch+eerste+divisie,143,C8142F,Fortuna Sittard,3735,000099,SC Stormvogels Telstar
399293,2014,dutch+eerste+divisie,3728,C8142F,FC Oss,3731,FFE64B,VVV Venlo
399294,2014,dutch+eerste+divisie,3735,C8142F,SC Stormvogels Telstar,12686,000000,Achilles '29
399295,2014,dutch+eerste+divisie,3731,FFE64B,VVV Venlo,144,3B5DBF,De Graafschap
399296,2014,dutch+eerste+divisie,149,FCEE33,Roda JC Kerkrade,3732,000099,FC Eindhoven
399297,2014,dutch+eerste+divisie,3775,C8142F,Helmond Sport,3728,000099,FC Oss
399298,2014,dutch+eerste+divisie,10597,000000,Jong Ajax,2727,000099,FC Volendam
399299,2014,dutch+eerste+divisie,147,357567,NEC Nijmegen,143,000099,Fortuna Sittard
399300,2014,dutch+eerste+divisie,5291,C8142F,Almere City,9993,000000,Jong FC Twente
399301,2014,dutch+eerste+divisie,3707,C8142F,FC Emmen VV,9983,000000,Jong PSV
399302,2014,dutch+eerste+divisie,271,151110,FC Den Bosch,155,FCFC79,RKC Waalwijk
399303,2014,dutch+eerste+divisie,3730,C8142F,MVV Maastricht,151,000000,Sparta Rotterdam
399304,2014,dutch+eerste+divisie,9993,000000,Jong FC Twente,3775,000099,Helmond Sport
399305,2014,dutch+eerste+divisie,144,3B5DBF,De Graafschap,5291,000099,Almere City
399306,2014,dutch+eerste+divisie,143,C8142F,Fortuna Sittard,10597,000000,Jong Ajax
399307,2014,dutch+eerste+divisie,3732,C8142F,FC Eindhoven,3707,000099,FC Emmen VV
399308,2014,dutch+eerste+divisie,155,FCFC79,RKC Waalwijk,3728,000099,FC Oss
399309,2014,dutch+eerste+divisie,3730,C8142F,MVV Maastricht,9983,000000,Jong PSV
399310,2014,dutch+eerste+divisie,2727,C8142F,FC Volendam,147,357567,NEC Nijmegen
399311,2014,dutch+eerste+divisie,3735,C8142F,SC Stormvogels Telstar,149,FCEE33,Roda JC Kerkrade
399312,2014,dutch+eerste+divisie,12686,000000,Achilles '29,151,de292e,Sparta Rotterdam
399313,2014,dutch+eerste+divisie,271,151110,FC Den Bosch,3731,FFE64B,VVV Venlo
399314,2014,dutch+eerste+divisie,10597,000000,Jong Ajax,3735,000099,SC Stormvogels Telstar
399315,2014,dutch+eerste+divisie,147,357567,NEC Nijmegen,3732,000099,FC Eindhoven
399316,2014,dutch+eerste+divisie,151,de292e,Sparta Rotterdam,271,151110,FC Den Bosch
399317,2014,dutch+eerste+divisie,9983,000000,Jong PSV,12686,C60000,Achilles '29
399318,2014,dutch+eerste+divisie,3707,C8142F,FC Emmen VV,144,3B5DBF,De Graafschap
399319,2014,dutch+eerste+divisie,3728,C8142F,FC Oss,2727,000099,FC Volendam
399320,2014,dutch+eerste+divisie,3775,C8142F,Helmond Sport,143,000099,Fortuna Sittard
399321,2014,dutch+eerste+divisie,3731,FFE64B,VVV Venlo,9993,000000,Jong FC Twente
399322,2014,dutch+eerste+divisie,5291,C8142F,Almere City,3730,000099,MVV Maastricht
399323,2014,dutch+eerste+divisie,149,FCEE33,Roda JC Kerkrade,155,C60000,RKC Waalwijk
405939,2014,dutch+eerste+divisie,9994,000000,Ajax Amateurs,147,357567,NEC Nijmegen
405940,2014,dutch+eerste+divisie,5291,C8142F,Almere City,2726,307B64,ADO Den Haag
405941,2014,dutch+eerste+divisie,17584,000000,ASV De Dijk,143,000099,Fortuna Sittard
405944,2014,dutch+eerste+divisie,7057,C8142F,De Treffers,3735,000099,SC Stormvogels Telstar
405948,2014,dutch+eerste+divisie,271,151110,FC Den Bosch,3736,FCEE33,Cambuur Leeuwarden
405952,2014,dutch+eerste+divisie,7051,C8142F,HHC Hardenberg,155,FCFC79,RKC Waalwijk
405956,2014,dutch+eerste+divisie,3730,C8142F,MVV Maastricht,3775,000099,Helmond Sport
405958,2014,dutch+eerste+divisie,2565,C8142F,PEC Zwolle,3728,000099,FC Oss
405960,2014,dutch+eerste+divisie,7043,C8142F,Rijnsburgse Boys,151,000000,Sparta Rotterdam
405961,2014,dutch+eerste+divisie,149,FCEE33,Roda JC Kerkrade,146,535A96,Heerenveen
405963,2014,dutch+eerste+divisie,17588,000000,sv DOSKO,144,3B5DBF,De Graafschap
405966,2014,dutch+eerste+divisie,9984,000000,Capelle,2727,000099,FC Volendam
405968,2014,dutch+eerste+divisie,3731,FFE64B,VVV Venlo,3732,000099,FC Eindhoven
407294,2014,dutch+eerste+divisie,144,3B5DBF,De Graafschap,17585,000000,Deltasport
407295,2014,dutch+eerste+divisie,143,C8142F,Fortuna Sittard,141,FFEC80,NAC Breda
407296,2014,dutch+eerste+divisie,3708,000000,SC Heracles Almelo,3707,000099,FC Emmen VV
407297,2014,dutch+eerste+divisie,3731,FFE64B,VVV Venlo,3730,000099,MVV Maastricht
407299,2014,dutch+eerste+divisie,5291,C8142F,Almere City,148,000099,PSV Eindhoven
407300,2014,dutch+eerste+divisie,2727,C8142F,FC Volendam,17587,000000,Sportlust '46
407306,2014,dutch+eerste+divisie,7057,C8142F,De Treffers,147,357567,NEC Nijmegen
407308,2014,dutch+eerste+divisie,149,FCEE33,Roda JC Kerkrade,151,de292e,Sparta Rotterdam
408990,2014,dutch+eerste+divisie,140,C60C21,AZ Alkmaar,147,357567,NEC Nijmegen
408991,2014,dutch+eerste+divisie,144,3B5DBF,De Graafschap,152,F31522,Twente Enschede
408993,2014,dutch+eerste+divisie,145,4F9F64,FC Groningen,2727,000099,FC Volendam
408995,2014,dutch+eerste+divisie,149,FCEE33,Roda JC Kerkrade,148,D3233A,PSV Eindhoven
408996,2014,dutch+eerste+divisie,3731,FFE64B,VVV Venlo,2565,000099,PEC Zwolle
410029,2014,dutch+eerste+divisie,149,FCEE33,Roda JC Kerkrade,148,D3233A,PSV Eindhoven
413637,2014,dutch+eerste+divisie,149,FCEE33,Roda JC Kerkrade,2566,000000,Excelsior
420181,2014,dutch+eerste+divisie,144,3B5DBF,De Graafschap,5291,000099,Almere City
420182,2014,dutch+eerste+divisie,3731,FFE64B,VVV Venlo,3728,000099,FC Oss
420183,2014,dutch+eerste+divisie,3728,C8142F,FC Oss,3731,FFE64B,VVV Venlo
420184,2014,dutch+eerste+divisie,5291,C8142F,Almere City,144,3B5DBF,De Graafschap
420247,2014,dutch+eerste+divisie,149,FCEE33,Roda JC Kerkrade,3707,000099,FC Emmen VV
420248,2014,dutch+eerste+divisie,3732,C8142F,FC Eindhoven,2727,000099,FC Volendam
420249,2014,dutch+eerste+divisie,2727,C8142F,FC Volendam,3732,000099,FC Eindhoven
420250,2014,dutch+eerste+divisie,3707,C8142F,FC Emmen VV,149,FCEE33,Roda JC Kerkrade
420289,2014,dutch+eerste+divisie,141,FFEC80,NAC Breda,3731,000099,VVV Venlo
420290,2014,dutch+eerste+divisie,3706,FCEE33,Go Ahead Eagles,144,3B5DBF,De Graafschap
420291,2014,dutch+eerste+divisie,3731,FFE64B,VVV Venlo,141,C60000,NAC Breda
420292,2014,dutch+eerste+divisie,144,3B5DBF,De Graafschap,3706,FCEE33,Go Ahead Eagles
420431,2014,dutch+eerste+divisie,141,FFEC80,NAC Breda,149,FCEE33,Roda JC Kerkrade
420432,2014,dutch+eerste+divisie,2727,C8142F,FC Volendam,144,3B5DBF,De Graafschap
420433,2014,dutch+eerste+divisie,149,FCEE33,Roda JC Kerkrade,141,FFEC80,NAC Breda
420434,2014,dutch+eerste+divisie,144,3B5DBF,De Graafschap,2727,000099,FC Volendam
