440989,2016,primera+division+de+el+salvador,23972895,0,232476,,0.0,1.0,,,,David Eduardo Molinar Lopez,<b>David Eduardo Molinar Lopez</b><br>Goal,Goal
440989,2016,primera+division+de+el+salvador,23972903,0,192159,,1.0,0.0,,,,Nelson Barrios,<b>Nelson Barrios</b><br>Goal,Goal
440990,2016,primera+division+de+el+salvador,23973275,0,232480,,1.0,0.0,,,,Bryan Paz,<b>Bryan Paz</b><br>Goal,Goal
441111,2016,primera+division+de+el+salvador,25022929,0,202252,,1.0,0.0,,,,Irvin Valdez,<b>Irvin Valdez</b><br>Goal,Goal
441111,2016,primera+division+de+el+salvador,25022932,0,105459,,1.0,0.0,,,,Nicolas Munoz,<b>Nicolas Munoz</b><br>Goal,Goal
441111,2016,primera+division+de+el+salvador,25022933,0,105459,,1.0,0.0,,,,Nicolas Munoz,<b>Nicolas Munoz</b><br>Goal,Goal
442162,2016,primera+division+de+el+salvador,24015369,0,184492,,1.0,0.0,,,,Oscar Ceren,<b>Oscar Ceren</b><br>Goal,Goal
442162,2016,primera+division+de+el+salvador,24015373,0,199709,,0.0,1.0,,,,Isaac Portillo,<b>Isaac Portillo</b><br>Goal,Goal
442163,2016,primera+division+de+el+salvador,24015352,0,92329,,1.0,0.0,,,,Williams Enrique Rodriguez Reyes,<b>Williams Enrique Rodriguez Reyes</b><br>Goal,Goal
442163,2016,primera+division+de+el+salvador,24015358,0,92329,,1.0,0.0,,,,Williams Enrique Rodriguez Reyes,<b>Williams Enrique Rodriguez Reyes</b><br>Goal,Goal
442163,2016,primera+division+de+el+salvador,24015359,0,92329,,1.0,0.0,,,,Williams Enrique Rodriguez Reyes,<b>Williams Enrique Rodriguez Reyes</b><br>Goal,Goal
442164,2016,primera+division+de+el+salvador,24015712,0,105459,,0.0,1.0,,,,Nicolas Munoz,<b>Nicolas Munoz</b><br>Goal,Goal
442164,2016,primera+division+de+el+salvador,24015723,0,93132,,1.0,0.0,,,,Fernando Gallo,<b>Fernando Gallo</b><br>Penalty - Scored,Penalty - Scored
442164,2016,primera+division+de+el+salvador,24015729,0,126977,,0.0,1.0,,,,Alvaro Lopez,<b>Alvaro Lopez</b><br>Goal,Goal
442648,2016,primera+division+de+el+salvador,24033738,0,233287,,1.0,0.0,,,,Romel Mejia,<b>Romel Mejia</b><br>Goal,Goal
442650,2016,primera+division+de+el+salvador,24033742,0,227560,,0.0,1.0,,,,Antonio Jackson,<b>Antonio Jackson</b><br>Goal,Goal
442672,2016,primera+division+de+el+salvador,24033746,0,202328,,1.0,0.0,,,,Miguel Solis,<b>Miguel Solis</b><br>Goal,Goal
442672,2016,primera+division+de+el+salvador,24033747,0,225853,,1.0,0.0,,,,Bladimir Diaz,<b>Bladimir Diaz</b><br>Goal,Goal
442672,2016,primera+division+de+el+salvador,24033750,0,151259,,0.0,1.0,,,,Herbert Sosa,<b>Herbert Sosa</b><br>Goal,Goal
442673,2016,primera+division+de+el+salvador,24033649,0,6768,,1.0,0.0,,,,Oscar Rubio,<b>Oscar Rubio</b><br>Goal,Goal
442977,2016,primera+division+de+el+salvador,24074670,0,165574,,1.0,0.0,,,,Marvin Monterrosa,<b>Marvin Monterrosa</b><br>Goal,Goal
442977,2016,primera+division+de+el+salvador,24074677,0,223524,,1.0,0.0,,,,Jose Angel Carballo  Pena,<b>Jose Angel Carballo  Pena</b><br>Goal,Goal
442977,2016,primera+division+de+el+salvador,24074680,0,105459,,0.0,1.0,,,,Nicolas Munoz,<b>Nicolas Munoz</b><br>Goal,Goal
442977,2016,primera+division+de+el+salvador,24074681,0,176706,,0.0,1.0,,,,Henry Romero,<b>Henry Romero</b><br>Goal,Goal
442978,2016,primera+division+de+el+salvador,24074687,0,216768,,0.0,1.0,,,,Lucas Vico,<b>Lucas Vico</b><br>Goal,Goal
442980,2016,primera+division+de+el+salvador,24085568,0,151259,,1.0,0.0,,,,Herbert Sosa,<b>Herbert Sosa</b><br>Goal,Goal
442980,2016,primera+division+de+el+salvador,24085575,0,223461,,0.0,1.0,,,,Neymer Miranda,<b>Neymer Miranda</b><br>Goal,Goal
443841,2016,primera+division+de+el+salvador,24318113,0,234145,,1.0,0.0,,,,Gustavo Guerreno,<b>Gustavo Guerreno</b><br>Goal,Goal
443843,2016,primera+division+de+el+salvador,24319879,0,92329,,0.0,1.0,,,,Williams Enrique Rodriguez Reyes,<b>Williams Enrique Rodriguez Reyes</b><br>Goal,Goal
443843,2016,primera+division+de+el+salvador,24319881,0,149591,,1.0,0.0,,,,Ricardo Ulloa,<b>Ricardo Ulloa</b><br>Goal,Goal
443844,2016,primera+division+de+el+salvador,24320103,0,218183,,0.0,1.0,,,,Ivan Mancia,<b>Ivan Mancia</b><br>Goal,Goal
443844,2016,primera+division+de+el+salvador,24320106,0,105459,,1.0,0.0,,,,Nicolas Munoz,<b>Nicolas Munoz</b><br>Penalty - Scored,Penalty - Scored
444693,2016,primera+division+de+el+salvador,24655838,0,150525,,0.0,1.0,,,,Edwin Sanchez,<b>Edwin Sanchez</b><br>Goal,Goal
444693,2016,primera+division+de+el+salvador,24655839,0,122186,,1.0,0.0,,,,Rodolfo Zelaya,<b>Rodolfo Zelaya</b><br>Goal,Goal
444693,2016,primera+division+de+el+salvador,24655840,0,223661,,1.0,0.0,,,,Oscer Dario Guerrero Alvarado,<b>Oscer Dario Guerrero Alvarado</b><br>Goal,Goal
444693,2016,primera+division+de+el+salvador,24655841,0,184658,,1.0,0.0,,,,Juan Carlos Portillo,<b>Juan Carlos Portillo</b><br>Goal,Goal
444693,2016,primera+division+de+el+salvador,24655842,0,139537,,1.0,0.0,,,,Willis Plaza,<b>Willis Plaza</b><br>Goal,Goal
444693,2016,primera+division+de+el+salvador,24655843,0,151259,,1.0,0.0,,,,Herbert Sosa,<b>Herbert Sosa</b><br>Goal,Goal
444693,2016,primera+division+de+el+salvador,24655844,0,223661,,1.0,0.0,,,,Oscer Dario Guerrero Alvarado,<b>Oscer Dario Guerrero Alvarado</b><br>Goal,Goal
444729,2016,primera+division+de+el+salvador,24369829,0,233407,,1.0,0.0,,,,Marvin Hernandez,<b>Marvin Hernandez</b><br>Goal,Goal
444729,2016,primera+division+de+el+salvador,24369835,0,92329,,1.0,0.0,,,,Williams Enrique Rodriguez Reyes,<b>Williams Enrique Rodriguez Reyes</b><br>Goal,Goal
444729,2016,primera+division+de+el+salvador,24369836,0,139537,,0.0,1.0,,,,Willis Plaza,<b>Willis Plaza</b><br>Goal,Goal
444731,2016,primera+division+de+el+salvador,24368038,0,223524,,0.0,1.0,,,,Jose Angel Carballo  Pena,<b>Jose Angel Carballo  Pena</b><br>Goal,Goal
444731,2016,primera+division+de+el+salvador,24368040,0,194251,,1.0,0.0,,,,Gerson Serpas,<b>Gerson Serpas</b><br>Goal,Goal
444733,2016,primera+division+de+el+salvador,24369949,0,168909,,1.0,0.0,,,,Alexander Larin,<b>Alexander Larin</b><br>Penalty - Scored,Penalty - Scored
444733,2016,primera+division+de+el+salvador,24369954,0,202245,,0.0,1.0,,,,Hector Ramos,<b>Hector Ramos</b><br>Goal,Goal
444932,2016,primera+division+de+el+salvador,24428835,0,234373,,1.0,0.0,,,,Carlos Monterrosa,<b>Carlos Monterrosa</b><br>Goal,Goal
444933,2016,primera+division+de+el+salvador,24428838,0,105459,,1.0,0.0,,,,Nicolas Munoz,<b>Nicolas Munoz</b><br>Goal,Goal
444933,2016,primera+division+de+el+salvador,24428842,0,202245,,1.0,0.0,,,,Hector Ramos,<b>Hector Ramos</b><br>Goal,Goal
444933,2016,primera+division+de+el+salvador,24428843,0,185867,,0.0,1.0,,,,Fredy Espinoza,<b>Fredy Espinoza</b><br>Own Goal,Own Goal
444933,2016,primera+division+de+el+salvador,24428852,0,233287,,1.0,0.0,,,,Romel Mejia,<b>Romel Mejia</b><br>Goal,Goal
444935,2016,primera+division+de+el+salvador,24444268,0,107414,,1.0,0.0,,,,Jose Iglesias,<b>Jose Iglesias</b><br>Goal,Goal
444987,2016,primera+division+de+el+salvador,24481632,0,234168,,1.0,0.0,,,,McKauly Jimmy Tulloch,<b>McKauly Jimmy Tulloch</b><br>Penalty - Scored,Penalty - Scored
444987,2016,primera+division+de+el+salvador,24481634,0,184492,,0.0,1.0,,,,Oscar Ceren,<b>Oscar Ceren</b><br>Goal,Goal
444987,2016,primera+division+de+el+salvador,24481633,0,110983,,1.0,0.0,,,,Edwin Martinez,<b>Edwin Martinez</b><br>Goal,Goal
444988,2016,primera+division+de+el+salvador,24523873,0,232439,,1.0,0.0,,,,Oscar Movil Castillo,<b>Oscar Movil Castillo</b><br>Penalty - Scored,Penalty - Scored
444988,2016,primera+division+de+el+salvador,24523878,0,122186,,0.0,1.0,,,,Rodolfo Zelaya,<b>Rodolfo Zelaya</b><br>Penalty - Scored,Penalty - Scored
445293,2016,primera+division+de+el+salvador,24535451,0,104750,,0.0,1.0,,,,Jose Figueroa,<b>Jose Figueroa</b><br>Goal,Goal
445293,2016,primera+division+de+el+salvador,24535464,0,234148,,0.0,1.0,,,,Miguel Ochoa,<b>Miguel Ochoa</b><br>Goal,Goal
445293,2016,primera+division+de+el+salvador,24535469,0,168909,,1.0,0.0,,,,Alexander Larin,<b>Alexander Larin</b><br>Goal,Goal
445293,2016,primera+division+de+el+salvador,24535471,0,225853,,0.0,1.0,,,,Bladimir Diaz,<b>Bladimir Diaz</b><br>Penalty - Scored,Penalty - Scored
445939,2016,primera+division+de+el+salvador,24714125,0,230494,,0.0,1.0,,,,Edgardo Mira,<b>Edgardo Mira</b><br>Goal,Goal
445939,2016,primera+division+de+el+salvador,24714126,0,105459,,1.0,0.0,,,,Nicolas Munoz,<b>Nicolas Munoz</b><br>Penalty - Scored,Penalty - Scored
445939,2016,primera+division+de+el+salvador,24714128,0,105459,,1.0,0.0,,,,Nicolas Munoz,<b>Nicolas Munoz</b><br>Goal,Goal
445939,2016,primera+division+de+el+salvador,24714129,0,105459,,1.0,0.0,,,,Nicolas Munoz,<b>Nicolas Munoz</b><br>Penalty - Scored,Penalty - Scored
446380,2016,primera+division+de+el+salvador,24726137,0,122194,,0.0,1.0,,,,Maikon Palacios,<b>Maikon Palacios</b><br>Goal,Goal
446380,2016,primera+division+de+el+salvador,24726138,0,235150,,1.0,0.0,,,,Danilo Wilfredo Escobar Guevara,<b>Danilo Wilfredo Escobar Guevara</b><br>Goal,Goal
446380,2016,primera+division+de+el+salvador,24726139,0,92329,,0.0,1.0,,,,Williams Enrique Rodriguez Reyes,<b>Williams Enrique Rodriguez Reyes</b><br>Goal,Goal
446431,2016,primera+division+de+el+salvador,24733900,0,235189,,0.0,1.0,,,,Manuel Lucero,<b>Manuel Lucero</b><br>Goal,Goal
446431,2016,primera+division+de+el+salvador,24733901,0,235190,,1.0,0.0,,,,Nelson Gonzales,<b>Nelson Gonzales</b><br>Goal,Goal
446431,2016,primera+division+de+el+salvador,24733902,0,184492,,1.0,0.0,,,,Oscar Ceren,<b>Oscar Ceren</b><br>Goal,Goal
446432,2016,primera+division+de+el+salvador,24780182,0,105459,,0.0,1.0,,,,Nicolas Munoz,<b>Nicolas Munoz</b><br>Goal,Goal
446432,2016,primera+division+de+el+salvador,24780183,0,235090,,1.0,0.0,,,,Weslie John,<b>Weslie John</b><br>Goal,Goal
446432,2016,primera+division+de+el+salvador,24780184,0,92379,,0.0,1.0,,,,Deris Ariel Umanzor,<b>Deris Ariel Umanzor</b><br>Goal,Goal
446432,2016,primera+division+de+el+salvador,24780185,0,202252,,0.0,1.0,,,,Irvin Valdez,<b>Irvin Valdez</b><br>Goal,Goal
446434,2016,primera+division+de+el+salvador,24875526,0,235638,,1.0,0.0,,,,Braian Lanzeni,<b>Braian Lanzeni</b><br>Goal,Goal
446434,2016,primera+division+de+el+salvador,24875533,0,234768,,1.0,0.0,,,,Alan Murialdo,<b>Alan Murialdo</b><br>Goal,Goal
446435,2016,primera+division+de+el+salvador,24781154,0,223661,,1.0,0.0,,,,Oscer Dario Guerrero Alvarado,<b>Oscer Dario Guerrero Alvarado</b><br>Goal,Goal
446435,2016,primera+division+de+el+salvador,24781155,0,231157,,1.0,0.0,,,,Jose Contreras,<b>Jose Contreras</b><br>Goal,Goal
446435,2016,primera+division+de+el+salvador,24781156,0,225853,,0.0,1.0,,,,Bladimir Diaz,<b>Bladimir Diaz</b><br>Goal,Goal
446435,2016,primera+division+de+el+salvador,24781157,0,225853,,0.0,1.0,,,,Bladimir Diaz,<b>Bladimir Diaz</b><br>Penalty - Scored,Penalty - Scored
446758,2016,primera+division+de+el+salvador,24827516,0,168909,,1.0,0.0,,,,Alexander Larin,<b>Alexander Larin</b><br>Goal,Goal
446758,2016,primera+division+de+el+salvador,24827522,0,206800,,1.0,0.0,,,,Ricardo Guevara,<b>Ricardo Guevara</b><br>Goal,Goal
446758,2016,primera+division+de+el+salvador,24827524,0,206800,,1.0,0.0,,,,Ricardo Guevara,<b>Ricardo Guevara</b><br>Goal,Goal
446758,2016,primera+division+de+el+salvador,24827525,0,168909,,1.0,0.0,,,,Alexander Larin,<b>Alexander Larin</b><br>Goal,Goal
446761,2016,primera+division+de+el+salvador,24843783,0,233139,,1.0,0.0,,,,Javier Hernandez,<b>Javier Hernandez</b><br>Penalty - Scored,Penalty - Scored
446761,2016,primera+division+de+el+salvador,24843800,0,184658,,0.0,1.0,,,,Juan Carlos Portillo,<b>Juan Carlos Portillo</b><br>Goal,Goal
446761,2016,primera+division+de+el+salvador,24843802,0,233139,,1.0,0.0,,,,Javier Hernandez,<b>Javier Hernandez</b><br>Goal,Goal
446761,2016,primera+division+de+el+salvador,24843805,0,194220,,0.0,1.0,,,,David Diaz Bicho,<b>David Diaz Bicho</b><br>Goal,Goal
446913,2016,primera+division+de+el+salvador,24933310,0,232476,,1.0,0.0,,,,David Eduardo Molinar Lopez,<b>David Eduardo Molinar Lopez</b><br>Goal,Goal
446913,2016,primera+division+de+el+salvador,24933312,0,165574,,1.0,0.0,,,,Marvin Monterrosa,<b>Marvin Monterrosa</b><br>Goal,Goal
446913,2016,primera+division+de+el+salvador,24933313,0,225887,,0.0,1.0,,,,Juan  Barahona,<b>Juan  Barahona</b><br>Goal,Goal
446913,2016,primera+division+de+el+salvador,24933315,0,133946,,0.0,1.0,,,,Ferreira Ricardinho,<b>Ferreira Ricardinho</b><br>Goal,Goal
446914,2016,primera+division+de+el+salvador,24948157,0,184658,,1.0,0.0,,,,Juan Carlos Portillo,<b>Juan Carlos Portillo</b><br>Goal,Goal
446914,2016,primera+division+de+el+salvador,24948164,0,184658,,1.0,0.0,,,,Juan Carlos Portillo,<b>Juan Carlos Portillo</b><br>Goal,Goal
447039,2016,primera+division+de+el+salvador,24967211,0,118233,,1.0,0.0,,,,Gerson Mayen,<b>Gerson Mayen</b><br>Goal,Goal
447040,2016,primera+division+de+el+salvador,24967274,0,176320,,1.0,0.0,,,,Nestor Raul Renderos,<b>Nestor Raul Renderos</b><br>Goal,Goal
447040,2016,primera+division+de+el+salvador,24967309,0,223524,,0.0,1.0,,,,Jose Angel Carballo  Pena,<b>Jose Angel Carballo  Pena</b><br>Goal,Goal
447040,2016,primera+division+de+el+salvador,24967275,0,168909,,1.0,0.0,,,,Alexander Larin,<b>Alexander Larin</b><br>Goal,Goal
447040,2016,primera+division+de+el+salvador,24967279,0,206800,,1.0,0.0,,,,Ricardo Guevara,<b>Ricardo Guevara</b><br>Goal,Goal
447040,2016,primera+division+de+el+salvador,24967454,0,223524,,0.0,1.0,,,,Jose Angel Carballo  Pena,<b>Jose Angel Carballo  Pena</b><br>Goal,Goal
447040,2016,primera+division+de+el+salvador,24967461,0,225163,,0.0,1.0,,,,David Antonio Rugamas Leiva,<b>David Antonio Rugamas Leiva</b><br>Goal,Goal
447041,2016,primera+division+de+el+salvador,24967642,0,95671,,1.0,0.0,,,,Miguel &#193;ngel Curiel Arteaga,<b>Miguel &#193;ngel Curiel Arteaga</b><br>Penalty - Scored,Penalty - Scored
447164,2016,primera+division+de+el+salvador,25033129,0,151259,,1.0,0.0,,,,Herbert Sosa,<b>Herbert Sosa</b><br>Penalty - Scored,Penalty - Scored
447418,2016,primera+division+de+el+salvador,25116742,0,206757,,1.0,0.0,,,,Marlon Cornejo,<b>Marlon Cornejo</b><br>Goal,Goal
447418,2016,primera+division+de+el+salvador,25116757,0,118233,,1.0,0.0,,,,Gerson Mayen,<b>Gerson Mayen</b><br>Goal,Goal
447420,2016,primera+division+de+el+salvador,25118470,0,223524,,0.0,1.0,,,,Jose Angel Carballo  Pena,<b>Jose Angel Carballo  Pena</b><br>Goal,Goal
447420,2016,primera+division+de+el+salvador,25118471,0,223524,,0.0,1.0,,,,Jose Angel Carballo  Pena,<b>Jose Angel Carballo  Pena</b><br>Goal,Goal
447420,2016,primera+division+de+el+salvador,25118473,0,199717,,1.0,0.0,,,,Daniel Melgar,<b>Daniel Melgar</b><br>Goal,Goal
447420,2016,primera+division+de+el+salvador,25118474,0,152286,,1.0,0.0,,,,Harold Alas,<b>Harold Alas</b><br>Goal,Goal
447420,2016,primera+division+de+el+salvador,25118477,0,233407,,1.0,0.0,,,,Marvin Hernandez,<b>Marvin Hernandez</b><br>Goal,Goal
447422,2016,primera+division+de+el+salvador,25128515,0,206800,,1.0,0.0,,,,Ricardo Guevara,<b>Ricardo Guevara</b><br>Goal,Goal
447422,2016,primera+division+de+el+salvador,25128516,0,235189,,0.0,1.0,,,,Manuel Lucero,<b>Manuel Lucero</b><br>Goal,Goal
447422,2016,primera+division+de+el+salvador,25128517,0,166261,,0.0,1.0,,,,Rafael Flores,<b>Rafael Flores</b><br>Goal,Goal
447423,2016,primera+division+de+el+salvador,25128508,0,223661,,0.0,1.0,,,,Oscer Dario Guerrero Alvarado,<b>Oscer Dario Guerrero Alvarado</b><br>Goal,Goal
447423,2016,primera+division+de+el+salvador,25128509,0,151259,,0.0,1.0,,,,Herbert Sosa,<b>Herbert Sosa</b><br>Goal,Goal
447423,2016,primera+division+de+el+salvador,25128510,0,223661,,0.0,1.0,,,,Oscer Dario Guerrero Alvarado,<b>Oscer Dario Guerrero Alvarado</b><br>Goal,Goal
447423,2016,primera+division+de+el+salvador,25128511,0,151259,,0.0,1.0,,,,Herbert Sosa,<b>Herbert Sosa</b><br>Goal,Goal
447980,2016,primera+division+de+el+salvador,25139523,0,234373,,1.0,0.0,,,,Carlos Monterrosa,<b>Carlos Monterrosa</b><br>Goal,Goal
447981,2016,primera+division+de+el+salvador,25139527,0,105459,,1.0,0.0,,,,Nicolas Munoz,<b>Nicolas Munoz</b><br>Goal,Goal
448074,2016,primera+division+de+el+salvador,25193725,0,140838,,1.0,0.0,,,,Jorge  Moran,<b>Jorge  Moran</b><br>Goal,Goal
448074,2016,primera+division+de+el+salvador,25193726,0,236052,,1.0,0.0,,,,Carlos Jose Garcia,<b>Carlos Jose Garcia</b><br>Goal,Goal
448074,2016,primera+division+de+el+salvador,25193727,0,128720,,0.0,1.0,,,,Mark Blanco,<b>Mark Blanco</b><br>Goal,Goal
448074,2016,primera+division+de+el+salvador,25193728,0,133946,,0.0,1.0,,,,Ferreira Ricardinho,<b>Ferreira Ricardinho</b><br>Goal,Goal
448074,2016,primera+division+de+el+salvador,25193730,0,128720,,0.0,1.0,,,,Mark Blanco,<b>Mark Blanco</b><br>Goal,Goal
448086,2016,primera+division+de+el+salvador,25193733,0,225163,,0.0,1.0,,,,David Antonio Rugamas Leiva,<b>David Antonio Rugamas Leiva</b><br>Goal,Goal
448086,2016,primera+division+de+el+salvador,25193738,0,226613,,1.0,0.0,,,,Luis Alberto Guerrero,<b>Luis Alberto Guerrero</b><br>Goal,Goal
448104,2016,primera+division+de+el+salvador,25193755,0,227560,,1.0,0.0,,,,Antonio Jackson,<b>Antonio Jackson</b><br>Goal,Goal
448104,2016,primera+division+de+el+salvador,25193766,0,231157,,0.0,1.0,,,,Jose Contreras,<b>Jose Contreras</b><br>Goal,Goal
448105,2016,primera+division+de+el+salvador,25193774,0,105459,,0.0,1.0,,,,Nicolas Munoz,<b>Nicolas Munoz</b><br>Goal,Goal
448465,2016,primera+division+de+el+salvador,25251584,0,202245,,1.0,0.0,,,,Hector Ramos,<b>Hector Ramos</b><br>Goal,Goal
448465,2016,primera+division+de+el+salvador,25251585,0,105459,,1.0,0.0,,,,Nicolas Munoz,<b>Nicolas Munoz</b><br>Goal,Goal
448466,2016,primera+division+de+el+salvador,25251342,0,122186,,1.0,0.0,,,,Rodolfo Zelaya,<b>Rodolfo Zelaya</b><br>Goal,Goal
448466,2016,primera+division+de+el+salvador,25251346,0,134525,,0.0,1.0,,,,Ronald Pimentel,<b>Ronald Pimentel</b><br>Goal,Goal
448466,2016,primera+division+de+el+salvador,25251347,0,223661,,1.0,0.0,,,,Oscer Dario Guerrero Alvarado,<b>Oscer Dario Guerrero Alvarado</b><br>Goal,Goal
448466,2016,primera+division+de+el+salvador,25251350,0,31479,,0.0,1.0,,,,Rodriguez Marcos,<b>Rodriguez Marcos</b><br>Goal,Goal
448466,2016,primera+division+de+el+salvador,25251351,0,151259,,1.0,0.0,,,,Herbert Sosa,<b>Herbert Sosa</b><br>Penalty - Scored,Penalty - Scored
448467,2016,primera+division+de+el+salvador,25251589,0,225853,,1.0,0.0,,,,Bladimir Diaz,<b>Bladimir Diaz</b><br>Goal,Goal
448467,2016,primera+division+de+el+salvador,25251590,0,172582,,0.0,1.0,,,,Alexander Mendoza,<b>Alexander Mendoza</b><br>Goal,Goal
448468,2016,primera+division+de+el+salvador,25251328,0,225163,,1.0,0.0,,,,David Antonio Rugamas Leiva,<b>David Antonio Rugamas Leiva</b><br>Goal,Goal
448468,2016,primera+division+de+el+salvador,25251329,0,184492,,1.0,0.0,,,,Oscar Ceren,<b>Oscar Ceren</b><br>Goal,Goal
448669,2016,primera+division+de+el+salvador,25298689,0,225853,,0.0,1.0,,,,Bladimir Diaz,<b>Bladimir Diaz</b><br>Goal,Goal
448671,2016,primera+division+de+el+salvador,25310280,0,236367,,1.0,0.0,,,,Ekmer Abarca,<b>Ekmer Abarca</b><br>Goal,Goal
448754,2016,primera+division+de+el+salvador,25324435,0,202245,,0.0,1.0,,,,Hector Ramos,<b>Hector Ramos</b><br>Goal,Goal
448803,2016,primera+division+de+el+salvador,25339294,0,151259,,0.0,1.0,,,,Herbert Sosa,<b>Herbert Sosa</b><br>Penalty - Scored,Penalty - Scored
448803,2016,primera+division+de+el+salvador,25339296,0,105459,,1.0,0.0,,,,Nicolas Munoz,<b>Nicolas Munoz</b><br>Goal,Goal
448803,2016,primera+division+de+el+salvador,25339297,0,105459,,1.0,0.0,,,,Nicolas Munoz,<b>Nicolas Munoz</b><br>Goal,Goal
448832,2016,primera+division+de+el+salvador,25391992,0,206787,,0.0,1.0,,,,Wilma Enrique Torres Pe&#241;a,<b>Wilma Enrique Torres Pe&#241;a</b><br>Goal,Goal
457207,2016,primera+division+de+el+salvador,26251905,0,141786,9,0.735,0.561,,,,Enrique Miranda,<b>Enrique Miranda</b><br>Shot Off Target,Shot Off Target
457207,2016,primera+division+de+el+salvador,26251920,0,184658,11,0.087,0.687,,,,Juan Carlos Portillo,<b>Juan Carlos Portillo</b><br>Shot Hit Woodwork,Shot Hit Woodwork
457207,2016,primera+division+de+el+salvador,26251937,0,179798,13,0.663,0.388,,,,Alejandro Galindo,<b>Alejandro Galindo</b><br>Shot Off Target,Shot Off Target
457207,2016,primera+division+de+el+salvador,26251966,0,126570,10,0.773,0.41,,,,Manfred Russell,<b>Manfred Russell</b><br>Shot Off Target,Shot Off Target
457207,2016,primera+division+de+el+salvador,26251972,0,126570,10,0.879,0.623,,,,Manfred Russell,<b>Manfred Russell</b><br>Shot Off Target,Shot Off Target
457207,2016,primera+division+de+el+salvador,26251992,0,217544,9,0.272,0.249,,,,&#211;scar Cer&#233;n,<b>&#211;scar Cer&#233;n</b><br>Shot Off Target,Shot Off Target
457207,2016,primera+division+de+el+salvador,26252015,0,221880,10,0.102,0.494,,,,&#211;scar Guerrero,<b>&#211;scar Guerrero</b><br>Shot Blocked,Shot Blocked
457207,2016,primera+division+de+el+salvador,26252021,0,151259,14,0.112,0.563,,,,Herbert Sosa,<b>Herbert Sosa</b><br>Shot Blocked,Shot Blocked
457207,2016,primera+division+de+el+salvador,26252037,0,221880,10,0.207,0.29200000000000004,,,,&#211;scar Guerrero,<b>&#211;scar Guerrero</b><br>Shot Off Target,Shot Off Target
457207,2016,primera+division+de+el+salvador,26252053,0,221880,10,0.057,0.524,,,,&#211;scar Guerrero,<b>&#211;scar Guerrero</b><br>Goal - Header,Goal - Header
457207,2016,primera+division+de+el+salvador,26252102,0,221880,10,0.153,0.496,,,,&#211;scar Guerrero,<b>&#211;scar Guerrero</b><br>Goal,Goal
457207,2016,primera+division+de+el+salvador,26252112,0,121768,11,0.714,0.304,,,,Agust&#237;n Herrera,<b>Agust&#237;n Herrera</b><br>Shot Blocked,Shot Blocked
457207,2016,primera+division+de+el+salvador,26252114,0,184658,11,0.199,0.354,,,,Juan Carlos Portillo,<b>Juan Carlos Portillo</b><br>Shot On Target,Shot On Target
457207,2016,primera+division+de+el+salvador,26252128,0,141786,9,0.732,0.343,,,,Enrique Miranda,<b>Enrique Miranda</b><br>Free Kick,Free Kick
457207,2016,primera+division+de+el+salvador,26252138,0,221880,10,0.1,0.653,,,,&#211;scar Guerrero,<b>&#211;scar Guerrero</b><br>Goal,Goal
457207,2016,primera+division+de+el+salvador,26252145,0,121768,11,0.86,0.331,,,,Agust&#237;n Herrera,<b>Agust&#237;n Herrera</b><br>Shot Off Target,Shot Off Target
457207,2016,primera+division+de+el+salvador,26252166,0,141786,9,0.788,0.776,,,,Enrique Miranda,<b>Enrique Miranda</b><br>Shot Blocked,Shot Blocked
457207,2016,primera+division+de+el+salvador,26252183,0,219190,14,0.925,0.397,,,,Mauro Portillo,<b>Mauro Portillo</b><br>Shot Off Target,Shot Off Target
457207,2016,primera+division+de+el+salvador,26252191,0,110633,20,0.789,0.336,,,,Luis P&#233;rez,<b>Luis P&#233;rez</b><br>Shot Off Target,Shot Off Target
457207,2016,primera+division+de+el+salvador,26252208,0,179798,13,0.888,0.482,,,,Alejandro Galindo,<b>Alejandro Galindo</b><br>Shot Blocked,Shot Blocked
457207,2016,primera+division+de+el+salvador,26252209,0,141786,9,0.817,0.76,,,,Enrique Miranda,<b>Enrique Miranda</b><br>Shot On Target,Shot On Target
457207,2016,primera+division+de+el+salvador,26252252,0,110633,20,0.912,0.531,,,,Luis P&#233;rez,<b>Luis P&#233;rez</b><br>Shot Blocked,Shot Blocked
457207,2016,primera+division+de+el+salvador,26252234,0,241862,27,0.342,0.5329999999999999,,,,Issac Portillo,<b>Issac Portillo</b><br>Shot Off Target,Shot Off Target
457207,2016,primera+division+de+el+salvador,26252245,0,126570,10,0.885,0.5,,,,Manfred Russell,<b>Manfred Russell</b><br>Penalty - Scored,Penalty - Scored
457207,2016,primera+division+de+el+salvador,26252247,0,219190,14,0.802,0.661,,,,Mauro Portillo,<b>Mauro Portillo</b><br>Shot Off Target,Shot Off Target
457207,2016,primera+division+de+el+salvador,26252260,0,110633,20,0.854,0.369,,,,Luis P&#233;rez,<b>Luis P&#233;rez</b><br>Shot Off Target,Shot Off Target
457207,2016,primera+division+de+el+salvador,26252266,0,219190,14,0.891,0.543,,,,Mauro Portillo,<b>Mauro Portillo</b><br>Shot Off Target,Shot Off Target
457220,2016,primera+division+de+el+salvador,25953127,0,195680,30,0.92,0.525,,,,Gonzalo Ver&#243;n,<b>Gonzalo Ver&#243;n</b><br>Shot On Target,Shot On Target
457220,2016,primera+division+de+el+salvador,25953192,0,201103,33,0.84,0.487,,,,Aaron Long,<b>Aaron Long</b><br>Shot Blocked,Shot Blocked
457220,2016,primera+division+de+el+salvador,25953206,0,126619,8,0.838,0.427,,,,Felipe Martins,<b>Felipe Martins</b><br>Shot Blocked,Shot Blocked
457220,2016,primera+division+de+el+salvador,25953237,0,195680,30,0.922,0.367,,,,Gonzalo Ver&#243;n,<b>Gonzalo Ver&#243;n</b><br>Shot On Target,Shot On Target
457220,2016,primera+division+de+el+salvador,25953238,0,157636,78,0.958,0.512,,,,Aur&#233;lien Collin,<b>Aur&#233;lien Collin</b><br>Shot On Target,Shot On Target
457220,2016,primera+division+de+el+salvador,25953308,0,234683,20,0.886,0.361,,,,Justin Bilyeu,<b>Justin Bilyeu</b><br>Shot Off Target,Shot Off Target
457220,2016,primera+division+de+el+salvador,25953326,0,151259,14,0.221,0.32399999999999995,,,,Herbert Sosa,<b>Herbert Sosa</b><br>Shot Off Target,Shot Off Target
457220,2016,primera+division+de+el+salvador,25953521,0,131446,13,0.872,0.696,,,,Mike Grella,<b>Mike Grella</b><br>Shot On Target,Shot On Target
457220,2016,primera+division+de+el+salvador,25953590,0,234683,20,0.926,0.578,,,,Justin Bilyeu,<b>Justin Bilyeu</b><br>Shot Off Target,Shot Off Target
457220,2016,primera+division+de+el+salvador,25953826,0,122186,22,0.118,0.357,,,,Rodolfo Zelaya,<b>Rodolfo Zelaya</b><br>Shot Blocked,Shot Blocked
457220,2016,primera+division+de+el+salvador,25953952,0,122186,22,0.222,0.581,,,,Rodolfo Zelaya,<b>Rodolfo Zelaya</b><br>Shot Blocked,Shot Blocked
457220,2016,primera+division+de+el+salvador,25953953,0,122186,22,0.116,0.694,,,,Rodolfo Zelaya,<b>Rodolfo Zelaya</b><br>Shot Blocked,Shot Blocked
457220,2016,primera+division+de+el+salvador,25953990,0,122186,22,0.129,0.364,,,,Rodolfo Zelaya,<b>Rodolfo Zelaya</b><br>Shot On Target,Shot On Target
457220,2016,primera+division+de+el+salvador,25954093,0,75571,16,0.796,0.654,,,,Sacha Kljestan,<b>Sacha Kljestan</b><br>Shot Blocked,Shot Blocked
457220,2016,primera+division+de+el+salvador,25954121,0,234683,20,0.925,0.44,,,,Justin Bilyeu,<b>Justin Bilyeu</b><br>Shot On Target,Shot On Target
457220,2016,primera+division+de+el+salvador,25954152,0,122186,22,0.078,0.567,,,,Rodolfo Zelaya,<b>Rodolfo Zelaya</b><br>Shot On Target,Shot On Target
457220,2016,primera+division+de+el+salvador,25954209,0,151259,14,0.217,0.264,,,,Herbert Sosa,<b>Herbert Sosa</b><br>Shot Blocked,Shot Blocked
457220,2016,primera+division+de+el+salvador,25954213,0,241862,27,0.077,0.41300000000000003,,,,Issac Portillo,<b>Issac Portillo</b><br>Shot On Target,Shot On Target
457220,2016,primera+division+de+el+salvador,25954220,0,195680,30,0.953,0.439,,,,Gonzalo Ver&#243;n,<b>Gonzalo Ver&#243;n</b><br>Shot On Target,Shot On Target
457220,2016,primera+division+de+el+salvador,25954273,0,75571,16,0.728,0.47,,,,Sacha Kljestan,<b>Sacha Kljestan</b><br>Shot On Target,Shot On Target
457220,2016,primera+division+de+el+salvador,25954347,0,75571,16,0.913,0.525,,,,Sacha Kljestan,<b>Sacha Kljestan</b><br>Goal,Goal
457233,2016,primera+division+de+el+salvador,25798562,0,121768,11,0.151,0.507,,,,Agust&#237;n Herrera,<b>Agust&#237;n Herrera</b><br>Shot Hit Woodwork,Shot Hit Woodwork
457233,2016,primera+division+de+el+salvador,25798567,0,151259,14,0.875,0.336,,,,Herbert Sosa,<b>Herbert Sosa</b><br>Shot Off Target,Shot Off Target
457233,2016,primera+division+de+el+salvador,25798601,0,122186,22,0.847,0.509,,,,Rodolfo Zelaya,<b>Rodolfo Zelaya</b><br>Shot On Target,Shot On Target
457233,2016,primera+division+de+el+salvador,25798603,0,241863,19,0.909,0.398,,,,Excequiel Vazquez,<b>Excequiel Vazquez</b><br>Shot Blocked,Shot Blocked
457233,2016,primera+division+de+el+salvador,25798610,0,122186,22,0.901,0.416,,,,Rodolfo Zelaya,<b>Rodolfo Zelaya</b><br>Shot Blocked,Shot Blocked
457233,2016,primera+division+de+el+salvador,25798660,0,122186,22,0.798,0.282,,,,Rodolfo Zelaya,<b>Rodolfo Zelaya</b><br>Shot Blocked,Shot Blocked
457233,2016,primera+division+de+el+salvador,25798712,0,121768,11,0.303,0.5760000000000001,,,,Agust&#237;n Herrera,<b>Agust&#237;n Herrera</b><br>Shot Blocked,Shot Blocked
457233,2016,primera+division+de+el+salvador,25798735,0,168909,17,0.761,0.67,,,,Alexander Larin,<b>Alexander Larin</b><br>Free Kick,Free Kick
457233,2016,primera+division+de+el+salvador,25798743,0,131633,27,0.091,0.62,,,,Fabi&#225;n Castillo,<b>Fabi&#225;n Castillo</b><br>Shot Off Target,Shot Off Target
457233,2016,primera+division+de+el+salvador,25798770,0,221880,10,0.949,0.435,,,,&#211;scar Guerrero,<b>&#211;scar Guerrero</b><br>Goal,Goal
457233,2016,primera+division+de+el+salvador,25798780,0,221880,10,0.91,0.359,,,,&#211;scar Guerrero,<b>&#211;scar Guerrero</b><br>Shot On Target,Shot On Target
457233,2016,primera+division+de+el+salvador,25798815,0,104851,42,0.267,0.6599999999999999,,,,Hugo Acosta,<b>Hugo Acosta</b><br>Shot Blocked,Shot Blocked
457233,2016,primera+division+de+el+salvador,25798838,0,219190,14,0.075,0.507,,,,Mauro Portillo,<b>Mauro Portillo</b><br>Goal,Goal
457233,2016,primera+division+de+el+salvador,25798855,0,184658,11,0.943,0.448,,,,Juan Carlos Portillo,<b>Juan Carlos Portillo</b><br>Shot Blocked,Shot Blocked
457233,2016,primera+division+de+el+salvador,25798866,0,141786,9,0.277,0.661,,,,Enrique Miranda,<b>Enrique Miranda</b><br>Shot Blocked,Shot Blocked
457233,2016,primera+division+de+el+salvador,25798892,0,151259,14,0.716,0.361,,,,Herbert Sosa,<b>Herbert Sosa</b><br>Shot On Target,Shot On Target
457233,2016,primera+division+de+el+salvador,25798906,0,221880,10,0.8089999999999999,0.62,,,,&#211;scar Guerrero,<b>&#211;scar Guerrero</b><br>Shot Off Target,Shot Off Target
457233,2016,primera+division+de+el+salvador,25798921,0,221880,10,0.893,0.566,,,,&#211;scar Guerrero,<b>&#211;scar Guerrero</b><br>Shot Blocked,Shot Blocked
457233,2016,primera+division+de+el+salvador,25798938,0,121768,11,0.19,0.525,,,,Agust&#237;n Herrera,<b>Agust&#237;n Herrera</b><br>Shot Blocked,Shot Blocked
457239,2016,primera+division+de+el+salvador,25750296,0,151259,14,0.77,0.331,,,,Herbert Sosa,<b>Herbert Sosa</b><br>Shot On Target,Shot On Target
457239,2016,primera+division+de+el+salvador,25750303,0,151259,14,0.7989999999999999,0.37,,,,Herbert Sosa,<b>Herbert Sosa</b><br>Shot Off Target,Shot Off Target
457239,2016,primera+division+de+el+salvador,25750305,0,122186,22,0.844,0.467,,,,Rodolfo Zelaya,<b>Rodolfo Zelaya</b><br>Shot On Target,Shot On Target
457239,2016,primera+division+de+el+salvador,25750444,0,157636,78,0.067,0.41900000000000004,,,,Aur&#233;lien Collin,<b>Aur&#233;lien Collin</b><br>Shot Off Target,Shot Off Target
457239,2016,primera+division+de+el+salvador,25750463,0,195680,30,0.033,0.5880000000000001,,,,Gonzalo Ver&#243;n,<b>Gonzalo Ver&#243;n</b><br>Shot Blocked,Shot Blocked
457239,2016,primera+division+de+el+salvador,25750447,0,122186,22,0.8029999999999999,0.761,,,,Rodolfo Zelaya,<b>Rodolfo Zelaya</b><br>Shot On Target,Shot On Target
457239,2016,primera+division+de+el+salvador,25750497,0,168909,17,0.7050000000000001,0.253,,,,Alexander Larin,<b>Alexander Larin</b><br>Shot Off Target,Shot Off Target
457239,2016,primera+division+de+el+salvador,25750587,0,5030,98,0.119,0.602,,,,Shaun Wright-Phillips,<b>Shaun Wright-Phillips</b><br>Shot On Target,Shot On Target
457239,2016,primera+division+de+el+salvador,25750597,0,157636,78,0.122,0.53,,,,Aur&#233;lien Collin,<b>Aur&#233;lien Collin</b><br>Shot On Target,Shot On Target
457239,2016,primera+division+de+el+salvador,25750598,0,168909,17,0.787,0.636,,,,Alexander Larin,<b>Alexander Larin</b><br>Goal - Free-kick,Goal - Free-kick
457239,2016,primera+division+de+el+salvador,25750618,0,234683,20,0.214,0.481,,,,Justin Bilyeu,<b>Justin Bilyeu</b><br>Free Kick,Free Kick
457239,2016,primera+division+de+el+salvador,25750628,0,157636,78,0.033,0.623,,,,Aur&#233;lien Collin,<b>Aur&#233;lien Collin</b><br>Shot Off Target,Shot Off Target
457239,2016,primera+division+de+el+salvador,25750642,0,5030,98,0.196,0.605,,,,Shaun Wright-Phillips,<b>Shaun Wright-Phillips</b><br>Shot On Target,Shot On Target
457239,2016,primera+division+de+el+salvador,25750650,0,157636,78,0.087,0.536,,,,Aur&#233;lien Collin,<b>Aur&#233;lien Collin</b><br>Shot Off Target,Shot Off Target
457239,2016,primera+division+de+el+salvador,25750674,0,75571,16,0.261,0.44799999999999995,,,,Sacha Kljestan,<b>Sacha Kljestan</b><br>Free Kick,Free Kick
457239,2016,primera+division+de+el+salvador,25750701,0,153420,26,0.038,0.528,,,,Omer Damari,<b>Omer Damari</b><br>Goal,Goal
457239,2016,primera+division+de+el+salvador,25750734,0,75571,16,0.044,0.28900000000000003,,,,Sacha Kljestan,<b>Sacha Kljestan</b><br>Shot On Target,Shot On Target
457239,2016,primera+division+de+el+salvador,25750746,0,157636,78,0.123,0.491,,,,Aur&#233;lien Collin,<b>Aur&#233;lien Collin</b><br>Shot Off Target,Shot Off Target
457239,2016,primera+division+de+el+salvador,25750760,0,45419,99,0.123,0.485,,,,Bradley Wright-Phillips,<b>Bradley Wright-Phillips</b><br>Shot On Target,Shot On Target
457239,2016,primera+division+de+el+salvador,25750769,0,217544,9,0.8089999999999999,0.382,,,,&#211;scar Cer&#233;n,<b>&#211;scar Cer&#233;n</b><br>Shot Off Target,Shot Off Target
457239,2016,primera+division+de+el+salvador,25750775,0,126619,8,0.229,0.694,,,,Felipe Martins,<b>Felipe Martins</b><br>Shot Off Target,Shot Off Target
457239,2016,primera+division+de+el+salvador,25750821,0,45419,99,0.093,0.499,,,,Bradley Wright-Phillips,<b>Bradley Wright-Phillips</b><br>Shot Blocked,Shot Blocked
457239,2016,primera+division+de+el+salvador,25750824,0,217544,9,0.784,0.512,,,,&#211;scar Cer&#233;n,<b>&#211;scar Cer&#233;n</b><br>Shot Off Target,Shot Off Target
457239,2016,primera+division+de+el+salvador,25750828,0,201103,33,0.052,0.593,,,,Aaron Long,<b>Aaron Long</b><br>Shot Off Target,Shot Off Target
459884,2016,primera+division+de+el+salvador,25672484,0,234145,,1.0,0.0,,,,Gustavo Guerreno,<b>Gustavo Guerreno</b><br>Goal,Goal
459884,2016,primera+division+de+el+salvador,25672486,0,223661,,0.0,1.0,,,,Oscer Dario Guerrero Alvarado,<b>Oscer Dario Guerrero Alvarado</b><br>Goal,Goal
459884,2016,primera+division+de+el+salvador,25672487,0,240575,,1.0,0.0,,,,J Romero,<b>J Romero</b><br>Goal,Goal
459911,2016,primera+division+de+el+salvador,25812825,0,227753,,0.0,1.0,,,,Jose Salinas,<b>Jose Salinas</b><br>Goal,Goal
459911,2016,primera+division+de+el+salvador,25812840,0,93137,,1.0,0.0,,,,Jose Diaz,<b>Jose Diaz</b><br>Goal,Goal
459911,2016,primera+division+de+el+salvador,25812845,0,109236,,0.0,1.0,,,,Josue Flores,<b>Josue Flores</b><br>Goal,Goal
459958,2016,primera+division+de+el+salvador,26191147,0,129627,,0.0,1.0,,,,Jose Valladares,<b>Jose Valladares</b><br>Goal,Goal
459958,2016,primera+division+de+el+salvador,26191146,0,165574,,1.0,0.0,,,,Marvin Monterrosa,<b>Marvin Monterrosa</b><br>Goal,Goal
459962,2016,primera+division+de+el+salvador,26191157,0,92329,,0.0,1.0,,,,Williams Enrique Rodriguez Reyes,<b>Williams Enrique Rodriguez Reyes</b><br>Own Goal,Own Goal
459962,2016,primera+division+de+el+salvador,26191158,0,206787,,1.0,0.0,,,,Wilma Enrique Torres Pe&#241;a,<b>Wilma Enrique Torres Pe&#241;a</b><br>Goal,Goal
459968,2016,primera+division+de+el+salvador,26223814,0,227752,,0.0,1.0,,,,Jose Barahona,<b>Jose Barahona</b><br>Goal,Goal
459968,2016,primera+division+de+el+salvador,26223815,0,206696,,0.0,1.0,,,,Bryan Landaverde,<b>Bryan Landaverde</b><br>Goal,Goal
459968,2016,primera+division+de+el+salvador,26223817,0,118233,,1.0,0.0,,,,Gerson Mayen,<b>Gerson Mayen</b><br>Penalty - Scored,Penalty - Scored
459968,2016,primera+division+de+el+salvador,26223819,0,118233,,1.0,0.0,,,,Gerson Mayen,<b>Gerson Mayen</b><br>Goal,Goal
459979,2016,primera+division+de+el+salvador,26365267,0,249046,,0.0,1.0,,,,Cesar Noe Flores,<b>Cesar Noe Flores</b><br>Goal,Goal
459981,2016,primera+division+de+el+salvador,26376654,0,118233,,1.0,0.0,,,,Gerson Mayen,<b>Gerson Mayen</b><br>Goal,Goal
459981,2016,primera+division+de+el+salvador,26376658,0,206757,,1.0,0.0,,,,Marlon Cornejo,<b>Marlon Cornejo</b><br>Goal,Goal
459981,2016,primera+division+de+el+salvador,26376662,0,12242,,0.0,1.0,,,,Moises Garcia,<b>Moises Garcia</b><br>Penalty - Scored,Penalty - Scored
459987,2016,primera+division+de+el+salvador,26393978,0,247004,,0.0,1.0,,,,Nicolas  Fagundez,<b>Nicolas  Fagundez</b><br>Penalty - Scored,Penalty - Scored
459987,2016,primera+division+de+el+salvador,26393979,0,206757,,1.0,0.0,,,,Marlon Cornejo,<b>Marlon Cornejo</b><br>Goal,Goal
459987,2016,primera+division+de+el+salvador,26393984,0,249464,,0.0,1.0,,,,Jimmy Valoyes,<b>Jimmy Valoyes</b><br>Goal,Goal
459988,2016,primera+division+de+el+salvador,26435261,0,228264,,1.0,0.0,,,,Jose Oritz,<b>Jose Oritz</b><br>Goal,Goal
459988,2016,primera+division+de+el+salvador,26435269,0,92379,,1.0,0.0,,,,Deris Ariel Umanzor,<b>Deris Ariel Umanzor</b><br>Goal,Goal
459988,2016,primera+division+de+el+salvador,26435274,0,249464,,1.0,0.0,,,,Jimmy Valoyes,<b>Jimmy Valoyes</b><br>Goal,Goal
459988,2016,primera+division+de+el+salvador,26435277,0,236053,,0.0,1.0,,,,Bryan Hernandez,<b>Bryan Hernandez</b><br>Goal,Goal
459988,2016,primera+division+de+el+salvador,26435275,0,176707,,1.0,0.0,,,,Irving Flores,<b>Irving Flores</b><br>Goal,Goal
459988,2016,primera+division+de+el+salvador,26435276,0,249664,,1.0,0.0,,,,Victor Vladimir Garcia,<b>Victor Vladimir Garcia</b><br>Goal,Goal
459997,2016,primera+division+de+el+salvador,26482601,0,249468,,0.0,1.0,,,,Clayvin Zuniga,<b>Clayvin Zuniga</b><br>Goal,Goal
459997,2016,primera+division+de+el+salvador,26482602,0,157231,,0.0,1.0,,,,Carlos Del Giorno,<b>Carlos Del Giorno</b><br>Goal,Goal
460006,2016,primera+division+de+el+salvador,26586897,0,184658,,0.0,1.0,,,,Juan Carlos Portillo,<b>Juan Carlos Portillo</b><br>Goal,Goal
460006,2016,primera+division+de+el+salvador,26586898,0,184492,,0.0,1.0,,,,Oscar Ceren,<b>Oscar Ceren</b><br>Goal,Goal
460006,2016,primera+division+de+el+salvador,26586900,0,223661,,0.0,1.0,,,,Oscer Dario Guerrero Alvarado,<b>Oscer Dario Guerrero Alvarado</b><br>Goal,Goal
460006,2016,primera+division+de+el+salvador,26586901,0,223661,,0.0,1.0,,,,Oscer Dario Guerrero Alvarado,<b>Oscer Dario Guerrero Alvarado</b><br>Goal,Goal
460008,2016,primera+division+de+el+salvador,26586905,0,150524,,0.0,1.0,,,,Rafael Burgos,<b>Rafael Burgos</b><br>Goal,Goal
460008,2016,primera+division+de+el+salvador,26586908,0,206807,,0.0,1.0,,,,Moises Mejia,<b>Moises Mejia</b><br>Goal,Goal
460008,2016,primera+division+de+el+salvador,26586909,0,163738,,0.0,1.0,,,,Elman Alberto Rivas Garcia,<b>Elman Alberto Rivas Garcia</b><br>Goal,Goal
460009,2016,primera+division+de+el+salvador,26586879,0,14573,,1.0,0.0,,,,Sebasti&#225;n Abreu,<b>Sebasti&#225;n Abreu</b><br>Goal,Goal
460009,2016,primera+division+de+el+salvador,26586881,0,14573,,1.0,0.0,,,,Sebasti&#225;n Abreu,<b>Sebasti&#225;n Abreu</b><br>Goal,Goal
460009,2016,primera+division+de+el+salvador,26586887,0,184333,,0.0,1.0,,,,Medardo Max Guevara,<b>Medardo Max Guevara</b><br>Goal,Goal
460010,2016,primera+division+de+el+salvador,26586919,0,197640,,0.0,1.0,,,,Jefferson Viveros,<b>Jefferson Viveros</b><br>Goal,Goal
460010,2016,primera+division+de+el+salvador,26586920,0,249468,,0.0,1.0,,,,Clayvin Zuniga,<b>Clayvin Zuniga</b><br>Goal,Goal
460010,2016,primera+division+de+el+salvador,26586921,0,114911,,1.0,0.0,,,,Rodrigo Cubillas,<b>Rodrigo Cubillas</b><br>Goal,Goal
461445,2016,primera+division+de+el+salvador,25672490,0,206787,,0.0,1.0,,,,Wilma Enrique Torres Pe&#241;a,<b>Wilma Enrique Torres Pe&#241;a</b><br>Goal,Goal
461445,2016,primera+division+de+el+salvador,25672492,0,184497,,1.0,0.0,,,,Wilson Rugamas,<b>Wilson Rugamas</b><br>Goal,Goal
461446,2016,primera+division+de+el+salvador,25672495,0,240576,,1.0,0.0,,,,E Arias,<b>E Arias</b><br>Goal,Goal
461446,2016,primera+division+de+el+salvador,25672496,0,165574,,0.0,1.0,,,,Marvin Monterrosa,<b>Marvin Monterrosa</b><br>Goal,Goal
461446,2016,primera+division+de+el+salvador,25672497,0,225163,,0.0,1.0,,,,David Antonio Rugamas Leiva,<b>David Antonio Rugamas Leiva</b><br>Goal,Goal
461447,2016,primera+division+de+el+salvador,25672478,0,212079,,0.0,1.0,,,,Guillermo Stradella,<b>Guillermo Stradella</b><br>Goal,Goal
461447,2016,primera+division+de+el+salvador,25672479,0,110983,,1.0,0.0,,,,Edwin Martinez,<b>Edwin Martinez</b><br>Goal,Goal
461447,2016,primera+division+de+el+salvador,25672480,0,134487,,0.0,1.0,,,,Jonathan Aguila,<b>Jonathan Aguila</b><br>Goal,Goal
464983,2016,primera+division+de+el+salvador,25828637,0,118233,,0.0,1.0,,,,Gerson Mayen,<b>Gerson Mayen</b><br>Goal,Goal
464983,2016,primera+division+de+el+salvador,25828639,0,111635,,0.0,1.0,,,,William Maldonado,<b>William Maldonado</b><br>Goal,Goal
464983,2016,primera+division+de+el+salvador,25828649,0,93171,,1.0,0.0,,,,Fernando Castillo,<b>Fernando Castillo</b><br>Goal,Goal
464984,2016,primera+division+de+el+salvador,25838983,0,202244,,0.0,1.0,,,,Jesus Toscanini,<b>Jesus Toscanini</b><br>Goal,Goal
466637,2016,primera+division+de+el+salvador,25854187,0,245258,,0.0,1.0,,,,Julio Amaya,<b>Julio Amaya</b><br>Goal,Goal
466637,2016,primera+division+de+el+salvador,25854189,0,225853,,1.0,0.0,,,,Bladimir Diaz,<b>Bladimir Diaz</b><br>Penalty - Scored,Penalty - Scored
466657,2016,primera+division+de+el+salvador,25860171,0,223661,,0.0,1.0,,,,Oscer Dario Guerrero Alvarado,<b>Oscer Dario Guerrero Alvarado</b><br>Goal,Goal
466657,2016,primera+division+de+el+salvador,25860172,0,245387,,1.0,0.0,,,,Girvan Brown,<b>Girvan Brown</b><br>Goal,Goal
467206,2016,primera+division+de+el+salvador,26055190,0,184151,,0.0,1.0,,,,Juan Marcelo Aimar,<b>Juan Marcelo Aimar</b><br>Goal,Goal
467206,2016,primera+division+de+el+salvador,26055191,0,246699,,1.0,0.0,,,,Ze Ferreira Paulo,<b>Ze Ferreira Paulo</b><br>Goal,Goal
467206,2016,primera+division+de+el+salvador,26055193,0,172582,,0.0,1.0,,,,Alexander Mendoza,<b>Alexander Mendoza</b><br>Goal,Goal
467207,2016,primera+division+de+el+salvador,26055197,0,165574,,1.0,0.0,,,,Marvin Monterrosa,<b>Marvin Monterrosa</b><br>Goal,Goal
467207,2016,primera+division+de+el+salvador,26055198,0,118233,,0.0,1.0,,,,Gerson Mayen,<b>Gerson Mayen</b><br>Goal,Goal
467207,2016,primera+division+de+el+salvador,26055199,0,109236,,1.0,0.0,,,,Josue Flores,<b>Josue Flores</b><br>Goal,Goal
467207,2016,primera+division+de+el+salvador,26055200,0,165574,,1.0,0.0,,,,Marvin Monterrosa,<b>Marvin Monterrosa</b><br>Goal,Goal
467207,2016,primera+division+de+el+salvador,26055201,0,14573,,0.0,1.0,,,,Sebasti&#225;n Abreu,<b>Sebasti&#225;n Abreu</b><br>Goal,Goal
467208,2016,primera+division+de+el+salvador,26066450,0,157231,,1.0,0.0,,,,Carlos Del Giorno,<b>Carlos Del Giorno</b><br>Goal,Goal
467208,2016,primera+division+de+el+salvador,26066451,0,92355,,1.0,0.0,,,,Eliseo  Salamanca,<b>Eliseo  Salamanca</b><br>Goal,Goal
467210,2016,primera+division+de+el+salvador,26066455,0,122186,,1.0,0.0,,,,Rodolfo Zelaya,<b>Rodolfo Zelaya</b><br>Penalty - Scored,Penalty - Scored
467210,2016,primera+division+de+el+salvador,26066456,0,167257,,1.0,0.0,,,,Christopher Ramirez,<b>Christopher Ramirez</b><br>Goal,Goal
467210,2016,primera+division+de+el+salvador,26066457,0,92342,,0.0,1.0,,,,Juan Carlos  Reyes,<b>Juan Carlos  Reyes</b><br>Penalty - Scored,Penalty - Scored
467210,2016,primera+division+de+el+salvador,26066458,0,130403,,1.0,0.0,,,,Fabricio Silva Dornellas,<b>Fabricio Silva Dornellas</b><br>Goal,Goal
467210,2016,primera+division+de+el+salvador,26066459,0,184658,,1.0,0.0,,,,Juan Carlos Portillo,<b>Juan Carlos Portillo</b><br>Goal,Goal
467313,2016,primera+division+de+el+salvador,26146310,0,224370,,1.0,0.0,,,,Rafael Antonio Abarca Zelaya,<b>Rafael Antonio Abarca Zelaya</b><br>Goal,Goal
467313,2016,primera+division+de+el+salvador,26146311,0,130403,,1.0,0.0,,,,Fabricio Silva Dornellas,<b>Fabricio Silva Dornellas</b><br>Goal,Goal
467313,2016,primera+division+de+el+salvador,26146312,0,149606,,0.0,1.0,,,,Javier Lezcano,<b>Javier Lezcano</b><br>Goal,Goal
467313,2016,primera+division+de+el+salvador,26146313,0,149606,,0.0,1.0,,,,Javier Lezcano,<b>Javier Lezcano</b><br>Goal,Goal
467422,2016,primera+division+de+el+salvador,26149821,0,247004,,1.0,0.0,,,,Nicolas  Fagundez,<b>Nicolas  Fagundez</b><br>Goal,Goal
467422,2016,primera+division+de+el+salvador,26149822,0,176707,,1.0,0.0,,,,Irving Flores,<b>Irving Flores</b><br>Goal,Goal
467422,2016,primera+division+de+el+salvador,26149823,0,122186,,0.0,1.0,,,,Rodolfo Zelaya,<b>Rodolfo Zelaya</b><br>Penalty - Scored,Penalty - Scored
467524,2016,primera+division+de+el+salvador,26179149,0,247004,,1.0,0.0,,,,Nicolas  Fagundez,<b>Nicolas  Fagundez</b><br>Goal,Goal
467526,2016,primera+division+de+el+salvador,26179160,0,12150,,1.0,0.0,,,,Gustavo Lopez,<b>Gustavo Lopez</b><br>Penalty - Scored,Penalty - Scored
467526,2016,primera+division+de+el+salvador,26179161,0,165574,,0.0,1.0,,,,Marvin Monterrosa,<b>Marvin Monterrosa</b><br>Goal,Goal
467526,2016,primera+division+de+el+salvador,26179162,0,207943,,1.0,0.0,,,,Kenroy Howell,<b>Kenroy Howell</b><br>Goal,Goal
467555,2016,primera+division+de+el+salvador,26191171,0,151259,,1.0,0.0,,,,Herbert Sosa,<b>Herbert Sosa</b><br>Goal,Goal
467555,2016,primera+division+de+el+salvador,26191172,0,227731,,1.0,0.0,,,,Rodrigo Osvaldo Godoy Rivera,<b>Rodrigo Osvaldo Godoy Rivera</b><br>Goal,Goal
467555,2016,primera+division+de+el+salvador,26191175,0,14573,,0.0,1.0,,,,Sebasti&#225;n Abreu,<b>Sebasti&#225;n Abreu</b><br>Penalty - Scored,Penalty - Scored
467555,2016,primera+division+de+el+salvador,26191176,0,14573,,0.0,1.0,,,,Sebasti&#225;n Abreu,<b>Sebasti&#225;n Abreu</b><br>Goal,Goal
467555,2016,primera+division+de+el+salvador,26191173,0,184492,,1.0,0.0,,,,Oscar Ceren,<b>Oscar Ceren</b><br>Goal,Goal
467555,2016,primera+division+de+el+salvador,26191174,0,223661,,1.0,0.0,,,,Oscer Dario Guerrero Alvarado,<b>Oscer Dario Guerrero Alvarado</b><br>Goal,Goal
467556,2016,primera+division+de+el+salvador,26191076,0,247004,,0.0,1.0,,,,Nicolas  Fagundez,<b>Nicolas  Fagundez</b><br>Goal,Goal
467556,2016,primera+division+de+el+salvador,26191077,0,248630,,1.0,0.0,,,,Juan Jose Orellana,<b>Juan Jose Orellana</b><br>Goal,Goal
467556,2016,primera+division+de+el+salvador,26191078,0,240575,,1.0,0.0,,,,J Romero,<b>J Romero</b><br>Goal,Goal
467651,2016,primera+division+de+el+salvador,26223825,0,140838,,1.0,0.0,,,,Jorge  Moran,<b>Jorge  Moran</b><br>Penalty - Scored,Penalty - Scored
467651,2016,primera+division+de+el+salvador,26223827,0,134487,,1.0,0.0,,,,Jonathan Aguila,<b>Jonathan Aguila</b><br>Goal,Goal
467651,2016,primera+division+de+el+salvador,26223830,0,149606,,0.0,1.0,,,,Javier Lezcano,<b>Javier Lezcano</b><br>Goal,Goal
467685,2016,primera+division+de+el+salvador,26237300,0,205310,,1.0,0.0,,,,Santos Ortiz,<b>Santos Ortiz</b><br>Goal,Goal
467686,2016,primera+division+de+el+salvador,26237308,0,248748,,1.0,0.0,,,,Juan Salamanca,<b>Juan Salamanca</b><br>Goal,Goal
467686,2016,primera+division+de+el+salvador,26237311,0,46038,,0.0,1.0,,,,Mario Martinez,<b>Mario Martinez</b><br>Goal,Goal
467687,2016,primera+division+de+el+salvador,26237366,0,184658,,0.0,1.0,,,,Juan Carlos Portillo,<b>Juan Carlos Portillo</b><br>Goal,Goal
467687,2016,primera+division+de+el+salvador,26237368,0,208439,,1.0,0.0,,,,Manuel Otero,<b>Manuel Otero</b><br>Goal,Goal
467687,2016,primera+division+de+el+salvador,26237369,0,167257,,0.0,1.0,,,,Christopher Ramirez,<b>Christopher Ramirez</b><br>Goal,Goal
467687,2016,primera+division+de+el+salvador,26237370,0,114911,,1.0,0.0,,,,Rodrigo Cubillas,<b>Rodrigo Cubillas</b><br>Goal,Goal
467687,2016,primera+division+de+el+salvador,26237371,0,185775,,0.0,1.0,,,,Danny Torres,<b>Danny Torres</b><br>Goal,Goal
467688,2016,primera+division+de+el+salvador,26259468,0,12242,,1.0,0.0,,,,Moises Garcia,<b>Moises Garcia</b><br>Goal,Goal
467688,2016,primera+division+de+el+salvador,26259469,0,140838,,1.0,0.0,,,,Jorge  Moran,<b>Jorge  Moran</b><br>Goal,Goal
467688,2016,primera+division+de+el+salvador,26259470,0,187763,,1.0,0.0,,,,Jairo Mauricio Henriquez Ferrufino,<b>Jairo Mauricio Henriquez Ferrufino</b><br>Goal,Goal
467688,2016,primera+division+de+el+salvador,26259471,0,235090,,0.0,1.0,,,,Weslie John,<b>Weslie John</b><br>Goal,Goal
467690,2016,primera+division+de+el+salvador,26299403,0,249046,,1.0,0.0,,,,Cesar Noe Flores,<b>Cesar Noe Flores</b><br>Goal,Goal
467692,2016,primera+division+de+el+salvador,26313799,0,180633,,1.0,0.0,,,,Ivan Barahona,<b>Ivan Barahona</b><br>Goal,Goal
467693,2016,primera+division+de+el+salvador,26313804,0,151259,,1.0,0.0,,,,Herbert Sosa,<b>Herbert Sosa</b><br>Goal,Goal
467693,2016,primera+division+de+el+salvador,26313805,0,151259,,1.0,0.0,,,,Herbert Sosa,<b>Herbert Sosa</b><br>Goal,Goal
467693,2016,primera+division+de+el+salvador,26314228,0,199709,,1.0,0.0,,,,Isaac Portillo,<b>Isaac Portillo</b><br>Goal,Goal
467693,2016,primera+division+de+el+salvador,26314230,0,12150,,0.0,1.0,,,,Gustavo Lopez,<b>Gustavo Lopez</b><br>Goal,Goal
467693,2016,primera+division+de+el+salvador,26314231,0,149889,,0.0,1.0,,,,Jamal Jack,<b>Jamal Jack</b><br>Goal,Goal
467693,2016,primera+division+de+el+salvador,26314229,0,185775,,1.0,0.0,,,,Danny Torres,<b>Danny Torres</b><br>Goal,Goal
467694,2016,primera+division+de+el+salvador,26316764,0,207080,,0.0,1.0,,,,Edder Pastor Melgar Hern&#225;ndez,<b>Edder Pastor Melgar Hern&#225;ndez</b><br>Goal,Goal
467694,2016,primera+division+de+el+salvador,26316769,0,249101,,0.0,1.0,,,,Enner Orellana,<b>Enner Orellana</b><br>Goal,Goal
467694,2016,primera+division+de+el+salvador,26316770,0,93137,,1.0,0.0,,,,Jose Diaz,<b>Jose Diaz</b><br>Penalty - Scored,Penalty - Scored
467694,2016,primera+division+de+el+salvador,26316771,0,235090,,1.0,0.0,,,,Weslie John,<b>Weslie John</b><br>Goal,Goal
467694,2016,primera+division+de+el+salvador,26316772,0,197640,,0.0,1.0,,,,Jefferson Viveros,<b>Jefferson Viveros</b><br>Goal,Goal
467694,2016,primera+division+de+el+salvador,26316773,0,157231,,0.0,1.0,,,,Carlos Del Giorno,<b>Carlos Del Giorno</b><br>Goal,Goal
468009,2016,primera+division+de+el+salvador,26367240,0,200090,,1.0,0.0,,,,Romeo Parkes,<b>Romeo Parkes</b><br>Goal,Goal
468009,2016,primera+division+de+el+salvador,26367266,0,223524,,1.0,0.0,,,,Jose Angel Carballo  Pena,<b>Jose Angel Carballo  Pena</b><br>Goal,Goal
468011,2016,primera+division+de+el+salvador,26378163,0,184658,,0.0,1.0,,,,Juan Carlos Portillo,<b>Juan Carlos Portillo</b><br>Goal,Goal
468011,2016,primera+division+de+el+salvador,26378164,0,223661,,0.0,1.0,,,,Oscer Dario Guerrero Alvarado,<b>Oscer Dario Guerrero Alvarado</b><br>Goal,Goal
468072,2016,primera+division+de+el+salvador,26394327,0,249468,,0.0,1.0,,,,Clayvin Zuniga,<b>Clayvin Zuniga</b><br>Goal,Goal
468072,2016,primera+division+de+el+salvador,26394328,0,197640,,0.0,1.0,,,,Jefferson Viveros,<b>Jefferson Viveros</b><br>Goal,Goal
468072,2016,primera+division+de+el+salvador,26394324,0,184444,,1.0,0.0,,,,William Mancia,<b>William Mancia</b><br>Goal,Goal
468072,2016,primera+division+de+el+salvador,26394326,0,249467,,1.0,0.0,,,,J Perucci,<b>J Perucci</b><br>Goal,Goal
468072,2016,primera+division+de+el+salvador,26394332,0,228698,,0.0,1.0,,,,Cesar Lopez,<b>Cesar Lopez</b><br>Goal,Goal
468076,2016,primera+division+de+el+salvador,26393992,0,223661,,1.0,0.0,,,,Oscer Dario Guerrero Alvarado,<b>Oscer Dario Guerrero Alvarado</b><br>Goal,Goal
468136,2016,primera+division+de+el+salvador,26435531,0,184492,,0.0,1.0,,,,Oscar Ceren,<b>Oscar Ceren</b><br>Goal,Goal
468136,2016,primera+division+de+el+salvador,26435530,0,206807,,1.0,0.0,,,,Moises Mejia,<b>Moises Mejia</b><br>Goal,Goal
468136,2016,primera+division+de+el+salvador,26435533,0,184658,,0.0,1.0,,,,Juan Carlos Portillo,<b>Juan Carlos Portillo</b><br>Goal,Goal
468137,2016,primera+division+de+el+salvador,26435548,0,249467,,0.0,1.0,,,,J Perucci,<b>J Perucci</b><br>Penalty - Scored,Penalty - Scored
468137,2016,primera+division+de+el+salvador,26435549,0,206787,,0.0,1.0,,,,Wilma Enrique Torres Pe&#241;a,<b>Wilma Enrique Torres Pe&#241;a</b><br>Goal,Goal
468137,2016,primera+division+de+el+salvador,26435540,0,165574,,1.0,0.0,,,,Marvin Monterrosa,<b>Marvin Monterrosa</b><br>Goal,Goal
468137,2016,primera+division+de+el+salvador,26435541,0,109236,,1.0,0.0,,,,Josue Flores,<b>Josue Flores</b><br>Penalty - Scored,Penalty - Scored
468138,2016,primera+division+de+el+salvador,26452209,0,197640,,1.0,0.0,,,,Jefferson Viveros,<b>Jefferson Viveros</b><br>Goal,Goal
468138,2016,primera+division+de+el+salvador,26452210,0,197640,,1.0,0.0,,,,Jefferson Viveros,<b>Jefferson Viveros</b><br>Goal,Goal
468274,2016,primera+division+de+el+salvador,26477548,0,250066,,0.0,1.0,,,,Jose Joel Ortega Rodriguez,<b>Jose Joel Ortega Rodriguez</b><br>Own Goal,Own Goal
468274,2016,primera+division+de+el+salvador,26477550,0,176707,,0.0,1.0,,,,Irving Flores,<b>Irving Flores</b><br>Goal,Goal
468276,2016,primera+division+de+el+salvador,26491616,0,122186,,1.0,0.0,,,,Rodolfo Zelaya,<b>Rodolfo Zelaya</b><br>Goal,Goal
468276,2016,primera+division+de+el+salvador,26491618,0,230893,,1.0,0.0,,,,Rodrigo Jose Rivera,<b>Rodrigo Jose Rivera</b><br>Goal,Goal
468358,2016,primera+division+de+el+salvador,26533687,0,223661,,1.0,0.0,,,,Oscer Dario Guerrero Alvarado,<b>Oscer Dario Guerrero Alvarado</b><br>Goal,Goal
468358,2016,primera+division+de+el+salvador,26533693,0,141938,,0.0,1.0,,,,Ronald Torres,<b>Ronald Torres</b><br>Goal,Goal
468358,2016,primera+division+de+el+salvador,26533784,0,130403,,0.0,1.0,,,,Fabricio Silva Dornellas,<b>Fabricio Silva Dornellas</b><br>Own Goal,Own Goal
468359,2016,primera+division+de+el+salvador,26533825,0,100848,,1.0,0.0,,,,Carlos Alberto Menjivar,<b>Carlos Alberto Menjivar</b><br>Goal,Goal
468359,2016,primera+division+de+el+salvador,26533828,0,184444,,0.0,1.0,,,,William Mancia,<b>William Mancia</b><br>Goal,Goal
468359,2016,primera+division+de+el+salvador,26533829,0,206787,,0.0,1.0,,,,Wilma Enrique Torres Pe&#241;a,<b>Wilma Enrique Torres Pe&#241;a</b><br>Goal,Goal
468361,2016,primera+division+de+el+salvador,26533999,0,223524,,1.0,0.0,,,,Jose Angel Carballo  Pena,<b>Jose Angel Carballo  Pena</b><br>Goal,Goal
468361,2016,primera+division+de+el+salvador,26534006,0,200090,,1.0,0.0,,,,Romeo Parkes,<b>Romeo Parkes</b><br>Goal,Goal
468361,2016,primera+division+de+el+salvador,26534013,0,245258,,0.0,1.0,,,,Julio Amaya,<b>Julio Amaya</b><br>Goal,Goal
468362,2016,primera+division+de+el+salvador,26534075,0,128720,,0.0,1.0,,,,Mark Blanco,<b>Mark Blanco</b><br>Goal,Goal
468362,2016,primera+division+de+el+salvador,26534074,0,197640,,1.0,0.0,,,,Jefferson Viveros,<b>Jefferson Viveros</b><br>Goal,Goal
468693,2016,primera+division+de+el+salvador,26613163,0,187763,,1.0,0.0,,,,Jairo Mauricio Henriquez Ferrufino,<b>Jairo Mauricio Henriquez Ferrufino</b><br>Goal,Goal
468693,2016,primera+division+de+el+salvador,26613164,0,250690,,0.0,1.0,,,,Alvaro Lizama,<b>Alvaro Lizama</b><br>Goal,Goal
468694,2016,primera+division+de+el+salvador,26615085,0,216142,,1.0,0.0,,,,Christopher Galeas Trejo,<b>Christopher Galeas Trejo</b><br>Goal,Goal
468694,2016,primera+division+de+el+salvador,26615086,0,151259,,0.0,1.0,,,,Herbert Sosa,<b>Herbert Sosa</b><br>Penalty - Scored,Penalty - Scored
468694,2016,primera+division+de+el+salvador,26615087,0,168909,,0.0,1.0,,,,Alexander Larin,<b>Alexander Larin</b><br>Goal,Goal
468697,2016,primera+division+de+el+salvador,26615390,0,118233,,0.0,1.0,,,,Gerson Mayen,<b>Gerson Mayen</b><br>Goal,Goal
468697,2016,primera+division+de+el+salvador,26615388,0,200090,,1.0,0.0,,,,Romeo Parkes,<b>Romeo Parkes</b><br>Goal,Goal
468697,2016,primera+division+de+el+salvador,26615389,0,109236,,1.0,0.0,,,,Josue Flores,<b>Josue Flores</b><br>Goal,Goal
468697,2016,primera+division+de+el+salvador,26615391,0,206757,,0.0,1.0,,,,Marlon Cornejo,<b>Marlon Cornejo</b><br>Goal,Goal
468699,2016,primera+division+de+el+salvador,26652140,0,157231,,0.0,1.0,,,,Carlos Del Giorno,<b>Carlos Del Giorno</b><br>Goal,Goal
468701,2016,primera+division+de+el+salvador,26652378,0,118233,,1.0,0.0,,,,Gerson Mayen,<b>Gerson Mayen</b><br>Goal,Goal
468712,2016,primera+division+de+el+salvador,26639698,0,176706,,1.0,0.0,,,,Henry Romero,<b>Henry Romero</b><br>Goal,Goal
468712,2016,primera+division+de+el+salvador,26639699,0,247004,,1.0,0.0,,,,Nicolas  Fagundez,<b>Nicolas  Fagundez</b><br>Goal,Goal
468799,2016,primera+division+de+el+salvador,26709584,0,122186,,0.0,1.0,,,,Rodolfo Zelaya,<b>Rodolfo Zelaya</b><br>Goal,Goal
468799,2016,primera+division+de+el+salvador,26709585,0,168909,,0.0,1.0,,,,Alexander Larin,<b>Alexander Larin</b><br>Goal,Goal
468799,2016,primera+division+de+el+salvador,26709586,0,122186,,0.0,1.0,,,,Rodolfo Zelaya,<b>Rodolfo Zelaya</b><br>Goal,Goal
468799,2016,primera+division+de+el+salvador,26709587,0,122186,,0.0,1.0,,,,Rodolfo Zelaya,<b>Rodolfo Zelaya</b><br>Goal,Goal
468876,2016,primera+division+de+el+salvador,26672016,0,14573,,1.0,0.0,,,,Sebasti&#225;n Abreu,<b>Sebasti&#225;n Abreu</b><br>Goal,Goal
468876,2016,primera+division+de+el+salvador,26672020,0,249464,,0.0,1.0,,,,Jimmy Valoyes,<b>Jimmy Valoyes</b><br>Goal,Goal
468876,2016,primera+division+de+el+salvador,26672017,0,14573,,1.0,0.0,,,,Sebasti&#225;n Abreu,<b>Sebasti&#225;n Abreu</b><br>Goal,Goal
468876,2016,primera+division+de+el+salvador,26672018,0,206757,,1.0,0.0,,,,Marlon Cornejo,<b>Marlon Cornejo</b><br>Goal,Goal
468876,2016,primera+division+de+el+salvador,26672019,0,14573,,1.0,0.0,,,,Sebasti&#225;n Abreu,<b>Sebasti&#225;n Abreu</b><br>Goal,Goal
469135,2016,primera+division+de+el+salvador,26761686,0,118233,,0.0,1.0,,,,Gerson Mayen,<b>Gerson Mayen</b><br>Goal,Goal
469135,2016,primera+division+de+el+salvador,26761682,0,168909,,1.0,0.0,,,,Alexander Larin,<b>Alexander Larin</b><br>Goal,Goal
469135,2016,primera+division+de+el+salvador,26761685,0,122186,,1.0,0.0,,,,Rodolfo Zelaya,<b>Rodolfo Zelaya</b><br>Goal,Goal
469135,2016,primera+division+de+el+salvador,26761689,0,14573,,0.0,1.0,,,,Sebasti&#225;n Abreu,<b>Sebasti&#225;n Abreu</b><br>Goal,Goal
469135,2016,primera+division+de+el+salvador,26761690,0,14573,,0.0,1.0,,,,Sebasti&#225;n Abreu,<b>Sebasti&#225;n Abreu</b><br>Goal,Goal
