395418,2014,english+premier+league,362,7A003C,Aston Villa,379,ffff00,Burnley
395419,2014,english+premier+league,336,E03A3E,Stoke City,364,1a1a1a,Liverpool
395420,2014,english+premier+league,306,F5A12D,Hull City,360,DA020E,Manchester United
395421,2014,english+premier+league,382,5CBFEB,Manchester City,376,ED1A3B,Southampton
395422,2014,english+premier+league,363,034694,Chelsea,366,EB172B,Sunderland
395423,2014,english+premier+league,384,C4122E,Crystal Palace,318,000000,Swansea City
395424,2014,english+premier+league,368,274488,Everton,367,000033,Tottenham Hotspur
395425,2014,english+premier+league,359,EF0107,Arsenal,383,091453,West Bromwich Albion
395426,2014,english+premier+league,361,5CBFEB,Newcastle United,371,60223B,West Ham United
395427,2014,english+premier+league,360,DA020E,Manchester United,359,ffff00,Arsenal
395428,2014,english+premier+league,376,ED1A3B,Southampton,362,7A003C,Aston Villa
395429,2014,english+premier+league,383,091453,West Bromwich Albion,363,034694,Chelsea
395430,2014,english+premier+league,364,D00027,Liverpool,384,034694,Crystal Palace
395431,2014,english+premier+league,371,60223B,West Ham United,368,274488,Everton
395432,2014,english+premier+league,367,000033,Tottenham Hotspur,306,F5A12D,Hull City
395433,2014,english+premier+league,318,000000,Swansea City,382,5CBFEB,Manchester City
395434,2014,english+premier+league,334,040294,Queens Park Rangers,361,5CBFEB,Newcastle United
395435,2014,english+premier+league,379,53162F,Burnley,336,E03A3E,Stoke City
395436,2014,english+premier+league,306,F5A12D,Hull City,379,53162F,Burnley
395437,2014,english+premier+league,363,034694,Chelsea,364,D00027,Liverpool
395438,2014,english+premier+league,384,C4122E,Crystal Palace,360,1a1a1a,Manchester United
395439,2014,english+premier+league,382,5CBFEB,Manchester City,334,040294,Queens Park Rangers
395440,2014,english+premier+league,368,274488,Everton,366,EB172B,Sunderland
395441,2014,english+premier+league,359,EF0107,Arsenal,318,000000,Swansea City
395442,2014,english+premier+league,336,E03A3E,Stoke City,367,000033,Tottenham Hotspur
395443,2014,english+premier+league,361,5CBFEB,Newcastle United,383,091453,West Bromwich Albion
395444,2014,english+premier+league,362,7A003C,Aston Villa,371,0093EC,West Ham United
395445,2014,english+premier+league,306,F5A12D,Hull City,359,EF0107,Arsenal
395446,2014,english+premier+league,371,60223B,West Ham United,379,ffff00,Burnley
395447,2014,english+premier+league,363,034694,Chelsea,384,C4122E,Crystal Palace
395448,2014,english+premier+league,362,7A003C,Aston Villa,368,274488,Everton
395449,2014,english+premier+league,367,000033,Tottenham Hotspur,382,5CBFEB,Manchester City
395450,2014,english+premier+league,364,D00027,Liverpool,334,040294,Queens Park Rangers
395451,2014,english+premier+league,366,EB172B,Sunderland,376,00a94f,Southampton
395452,2014,english+premier+league,318,000000,Swansea City,336,E03A3E,Stoke City
395453,2014,english+premier+league,360,DA020E,Manchester United,383,091453,West Bromwich Albion
395454,2014,english+premier+league,382,5CBFEB,Manchester City,362,7A003C,Aston Villa
395455,2014,english+premier+league,359,EF0107,Arsenal,363,034694,Chelsea
395456,2014,english+premier+league,384,C4122E,Crystal Palace,306,F5A12D,Hull City
395457,2014,english+premier+league,383,091453,West Bromwich Albion,364,D00027,Liverpool
395458,2014,english+premier+league,368,274488,Everton,360,DA020E,Manchester United
395459,2014,english+premier+league,336,E03A3E,Stoke City,366,41a317,Sunderland
395460,2014,english+premier+league,361,5CBFEB,Newcastle United,318,000000,Swansea City
395461,2014,english+premier+league,376,ED1A3B,Southampton,367,000033,Tottenham Hotspur
395462,2014,english+premier+league,334,040294,Queens Park Rangers,371,60223B,West Ham United
395463,2014,english+premier+league,368,274488,Everton,379,53162F,Burnley
395464,2014,english+premier+league,306,F5A12D,Hull City,364,D00027,Liverpool
395465,2014,english+premier+league,363,034694,Chelsea,360,DA020E,Manchester United
395466,2014,english+premier+league,362,7A003C,Aston Villa,334,040294,Queens Park Rangers
395467,2014,english+premier+league,336,E03A3E,Stoke City,376,00a94f,Southampton
395468,2014,english+premier+league,359,EF0107,Arsenal,366,41a317,Sunderland
395469,2014,english+premier+league,361,5CBFEB,Newcastle United,367,000033,Tottenham Hotspur
395470,2014,english+premier+league,384,C4122E,Crystal Palace,383,091453,West Bromwich Albion
395471,2014,english+premier+league,382,5CBFEB,Manchester City,371,60223B,West Ham United
395472,2014,english+premier+league,379,53162F,Burnley,359,EF0107,Arsenal
395473,2014,english+premier+league,367,000033,Tottenham Hotspur,362,7A003C,Aston Villa
395474,2014,english+premier+league,334,040294,Queens Park Rangers,363,EF0107,Chelsea
395475,2014,english+premier+league,366,EB172B,Sunderland,384,034694,Crystal Palace
395476,2014,english+premier+league,318,000000,Swansea City,368,274488,Everton
395477,2014,english+premier+league,376,ED1A3B,Southampton,306,F5A12D,Hull City
395478,2014,english+premier+league,360,DA020E,Manchester United,382,5CBFEB,Manchester City
395479,2014,english+premier+league,364,D00027,Liverpool,361,5CBFEB,Newcastle United
395480,2014,english+premier+league,371,60223B,West Ham United,336,E03A3E,Stoke City
395481,2014,english+premier+league,360,DA020E,Manchester United,362,7A003C,Aston Villa
395482,2014,english+premier+league,318,000000,Swansea City,306,F5A12D,Hull City
395483,2014,english+premier+league,359,EF0107,Arsenal,364,1a1a1a,Liverpool
395484,2014,english+premier+league,384,C4122E,Crystal Palace,382,5CBFEB,Manchester City
395485,2014,english+premier+league,366,EB172B,Sunderland,361,5CBFEB,Newcastle United
395486,2014,english+premier+league,383,091453,West Bromwich Albion,334,C8142F,Queens Park Rangers
395487,2014,english+premier+league,368,274488,Everton,376,ED1A3B,Southampton
395488,2014,english+premier+league,363,034694,Chelsea,336,E03A3E,Stoke City
395489,2014,english+premier+league,379,53162F,Burnley,367,000033,Tottenham Hotspur
395490,2014,english+premier+league,361,5CBFEB,Newcastle United,359,EF0107,Arsenal
395491,2014,english+premier+league,376,ED1A3B,Southampton,379,53162F,Burnley
395492,2014,english+premier+league,306,F5A12D,Hull City,363,034694,Chelsea
395493,2014,english+premier+league,336,E03A3E,Stoke City,384,034694,Crystal Palace
395494,2014,english+premier+league,334,040294,Queens Park Rangers,368,274488,Everton
395495,2014,english+premier+league,364,D00027,Liverpool,360,1a1a1a,Manchester United
395496,2014,english+premier+league,371,60223B,West Ham United,366,EB172B,Sunderland
395497,2014,english+premier+league,362,7A003C,Aston Villa,318,000000,Swansea City
395498,2014,english+premier+league,382,5CBFEB,Manchester City,383,091453,West Bromwich Albion
395499,2014,english+premier+league,366,EB172B,Sunderland,362,7A003C,Aston Villa
395500,2014,english+premier+league,318,000000,Swansea City,364,D00027,Liverpool
395501,2014,english+premier+league,379,53162F,Burnley,382,5CBFEB,Manchester City
395502,2014,english+premier+league,368,274488,Everton,361,5CBFEB,Newcastle United
395503,2014,english+premier+league,384,C4122E,Crystal Palace,334,040294,Queens Park Rangers
395504,2014,english+premier+league,363,034694,Chelsea,376,ED1A3B,Southampton
395505,2014,english+premier+league,383,091453,West Bromwich Albion,336,E03A3E,Stoke City
395506,2014,english+premier+league,360,DA020E,Manchester United,367,000033,Tottenham Hotspur
395507,2014,english+premier+league,359,EF0107,Arsenal,371,60223B,West Ham United
395508,2014,english+premier+league,336,E03A3E,Stoke City,368,274488,Everton
395509,2014,english+premier+league,361,5CBFEB,Newcastle United,360,DA020E,Manchester United
395510,2014,english+premier+league,367,000033,Tottenham Hotspur,318,00ff33,Swansea City
395511,2014,english+premier+league,364,D00027,Liverpool,379,53162F,Burnley
395512,2014,english+premier+league,334,040294,Queens Park Rangers,359,EF0107,Arsenal
395513,2014,english+premier+league,371,60223B,West Ham United,363,034694,Chelsea
395514,2014,english+premier+league,376,ED1A3B,Southampton,384,034694,Crystal Palace
395515,2014,english+premier+league,306,F5A12D,Hull City,366,EB172B,Sunderland
395516,2014,english+premier+league,362,7A003C,Aston Villa,383,091453,West Bromwich Albion
395517,2014,english+premier+league,361,5CBFEB,Newcastle United,362,7A003C,Aston Villa
395518,2014,english+premier+league,371,60223B,West Ham United,384,C4122E,Crystal Palace
395519,2014,english+premier+league,359,EF0107,Arsenal,368,274488,Everton
395520,2014,english+premier+league,336,E03A3E,Stoke City,306,F5A12D,Hull City
395521,2014,english+premier+league,364,D00027,Liverpool,382,5CBFEB,Manchester City
395522,2014,english+premier+league,383,091453,West Bromwich Albion,376,ED1A3B,Southampton
395523,2014,english+premier+league,360,DA020E,Manchester United,366,41a317,Sunderland
395524,2014,english+premier+league,379,53162F,Burnley,318,000000,Swansea City
395525,2014,english+premier+league,334,040294,Queens Park Rangers,367,000033,Tottenham Hotspur
395526,2014,english+premier+league,384,C4122E,Crystal Palace,359,ffff00,Arsenal
395527,2014,english+premier+league,363,034694,Chelsea,379,53162F,Burnley
395528,2014,english+premier+league,376,ED1A3B,Southampton,364,1a1a1a,Liverpool
395529,2014,english+premier+league,318,000000,Swansea City,360,DA020E,Manchester United
395530,2014,english+premier+league,382,5CBFEB,Manchester City,361,000099,Newcastle United
395531,2014,english+premier+league,306,F5A12D,Hull City,334,040294,Queens Park Rangers
395532,2014,english+premier+league,362,7A003C,Aston Villa,336,E03A3E,Stoke City
395533,2014,english+premier+league,366,EB172B,Sunderland,383,091453,West Bromwich Albion
395534,2014,english+premier+league,367,000033,Tottenham Hotspur,371,60223B,West Ham United
395535,2014,english+premier+league,363,034694,Chelsea,368,1a1a1a,Everton
395536,2014,english+premier+league,336,E03A3E,Stoke City,382,5CBFEB,Manchester City
395537,2014,english+premier+league,366,EB172B,Sunderland,334,040294,Queens Park Rangers
395538,2014,english+premier+league,384,C4122E,Crystal Palace,361,5CBFEB,Newcastle United
395539,2014,english+premier+league,383,091453,West Bromwich Albion,318,000000,Swansea City
395540,2014,english+premier+league,364,D00027,Liverpool,367,000033,Tottenham Hotspur
395541,2014,english+premier+league,306,F5A12D,Hull City,362,7A003C,Aston Villa
395542,2014,english+premier+league,360,DA020E,Manchester United,379,53162F,Burnley
395543,2014,english+premier+league,376,ED1A3B,Southampton,371,60223B,West Ham United
395544,2014,english+premier+league,367,000033,Tottenham Hotspur,359,EF0107,Arsenal
395545,2014,english+premier+league,362,7A003C,Aston Villa,363,034694,Chelsea
395546,2014,english+premier+league,382,5CBFEB,Manchester City,306,F5A12D,Hull City
395547,2014,english+premier+league,368,274488,Everton,364,D00027,Liverpool
395548,2014,english+premier+league,371,60223B,West Ham United,360,DA020E,Manchester United
395549,2014,english+premier+league,334,040294,Queens Park Rangers,376,ED1A3B,Southampton
395550,2014,english+premier+league,361,5CBFEB,Newcastle United,336,E03A3E,Stoke City
395551,2014,english+premier+league,318,000000,Swansea City,366,EB172B,Sunderland
395552,2014,english+premier+league,379,53162F,Burnley,383,091453,West Bromwich Albion
395553,2014,english+premier+league,359,EF0107,Arsenal,362,7A003C,Aston Villa
395554,2014,english+premier+league,366,EB172B,Sunderland,379,53162F,Burnley
395555,2014,english+premier+league,384,C4122E,Crystal Palace,368,274488,Everton
395556,2014,english+premier+league,363,034694,Chelsea,382,5CBFEB,Manchester City
395557,2014,english+premier+league,306,F5A12D,Hull City,361,5CBFEB,Newcastle United
395558,2014,english+premier+league,336,E03A3E,Stoke City,334,040294,Queens Park Rangers
395559,2014,english+premier+league,376,ED1A3B,Southampton,318,000000,Swansea City
395560,2014,english+premier+league,383,091453,West Bromwich Albion,367,347bc9,Tottenham Hotspur
395561,2014,english+premier+league,364,D00027,Liverpool,371,60223B,West Ham United
395562,2014,english+premier+league,382,5CBFEB,Manchester City,359,EF0107,Arsenal
395563,2014,english+premier+league,318,000000,Swansea City,363,034694,Chelsea
395564,2014,english+premier+league,379,53162F,Burnley,384,C4122E,Crystal Palace
395565,2014,english+premier+league,371,60223B,West Ham United,306,F5A12D,Hull City
395566,2014,english+premier+league,362,7A003C,Aston Villa,364,D00027,Liverpool
395567,2014,english+premier+league,334,040294,Queens Park Rangers,360,DA020E,Manchester United
395568,2014,english+premier+league,361,5CBFEB,Newcastle United,376,ED1A3B,Southampton
395569,2014,english+premier+league,367,000033,Tottenham Hotspur,366,EB172B,Sunderland
395570,2014,english+premier+league,368,274488,Everton,383,091453,West Bromwich Albion
395571,2014,english+premier+league,383,091453,West Bromwich Albion,306,F5A12D,Hull City
395572,2014,english+premier+league,366,EB172B,Sunderland,364,1a1a1a,Liverpool
395573,2014,english+premier+league,368,274488,Everton,382,5CBFEB,Manchester City
395574,2014,english+premier+league,363,034694,Chelsea,361,5CBFEB,Newcastle United
395575,2014,english+premier+league,379,53162F,Burnley,334,040294,Queens Park Rangers
395576,2014,english+premier+league,360,DA020E,Manchester United,376,00a94f,Southampton
395577,2014,english+premier+league,359,EF0107,Arsenal,336,E03A3E,Stoke City
395578,2014,english+premier+league,384,C4122E,Crystal Palace,367,000033,Tottenham Hotspur
395579,2014,english+premier+league,318,000000,Swansea City,371,60223B,West Ham United
395580,2014,english+premier+league,376,ED1A3B,Southampton,359,ffff00,Arsenal
395581,2014,english+premier+league,361,5CBFEB,Newcastle United,379,53162F,Burnley
395582,2014,english+premier+league,367,000033,Tottenham Hotspur,363,034694,Chelsea
395583,2014,english+premier+league,362,7A003C,Aston Villa,384,C4122E,Crystal Palace
395584,2014,english+premier+league,306,F5A12D,Hull City,368,274488,Everton
395585,2014,english+premier+league,336,E03A3E,Stoke City,360,1a1a1a,Manchester United
395586,2014,english+premier+league,382,5CBFEB,Manchester City,366,EB172B,Sunderland
395587,2014,english+premier+league,334,040294,Queens Park Rangers,318,000000,Swansea City
395588,2014,english+premier+league,371,60223B,West Ham United,383,091453,West Bromwich Albion
395589,2014,english+premier+league,371,60223B,West Ham United,359,EF0107,Arsenal
395590,2014,english+premier+league,382,5CBFEB,Manchester City,379,53162F,Burnley
395591,2014,english+premier+league,376,ED1A3B,Southampton,363,034694,Chelsea
395592,2014,english+premier+league,334,040294,Queens Park Rangers,384,C4122E,Crystal Palace
395593,2014,english+premier+league,361,5CBFEB,Newcastle United,368,274488,Everton
395594,2014,english+premier+league,367,000033,Tottenham Hotspur,360,DA020E,Manchester United
395595,2014,english+premier+league,362,7A003C,Aston Villa,366,EB172B,Sunderland
395596,2014,english+premier+league,364,D00027,Liverpool,318,000000,Swansea City
395597,2014,english+premier+league,336,E03A3E,Stoke City,383,091453,West Bromwich Albion
395598,2014,english+premier+league,318,000000,Swansea City,362,7A003C,Aston Villa
395599,2014,english+premier+league,366,EB172B,Sunderland,306,F5A12D,Hull City
395600,2014,english+premier+league,379,53162F,Burnley,364,D00027,Liverpool
395601,2014,english+premier+league,383,091453,West Bromwich Albion,382,5CBFEB,Manchester City
395602,2014,english+premier+league,360,DA020E,Manchester United,361,5CBFEB,Newcastle United
395603,2014,english+premier+league,359,EF0107,Arsenal,334,040294,Queens Park Rangers
395604,2014,english+premier+league,384,C4122E,Crystal Palace,376,00a94f,Southampton
395605,2014,english+premier+league,368,274488,Everton,336,E03A3E,Stoke City
395606,2014,english+premier+league,363,034694,Chelsea,371,60223B,West Ham United
395607,2014,english+premier+league,364,D00027,Liverpool,359,ffff00,Arsenal
395608,2014,english+premier+league,367,000033,Tottenham Hotspur,379,53162F,Burnley
395609,2014,english+premier+league,336,E03A3E,Stoke City,363,034694,Chelsea
395610,2014,english+premier+league,382,5CBFEB,Manchester City,384,C4122E,Crystal Palace
395611,2014,english+premier+league,376,ED1A3B,Southampton,368,274488,Everton
395612,2014,english+premier+league,362,7A003C,Aston Villa,360,DA020E,Manchester United
395613,2014,english+premier+league,361,5CBFEB,Newcastle United,366,EB172B,Sunderland
395614,2014,english+premier+league,306,F5A12D,Hull City,318,000000,Swansea City
395615,2014,english+premier+league,334,040294,Queens Park Rangers,383,C60000,West Bromwich Albion
395616,2014,english+premier+league,383,091453,West Bromwich Albion,362,7A003C,Aston Villa
395617,2014,english+premier+league,363,034694,Chelsea,306,F5A12D,Hull City
395618,2014,english+premier+league,360,DA020E,Manchester United,364,1a1a1a,Liverpool
395619,2014,english+premier+league,359,EF0107,Arsenal,361,5CBFEB,Newcastle United
395620,2014,english+premier+league,368,274488,Everton,334,040294,Queens Park Rangers
395621,2014,english+premier+league,379,53162F,Burnley,376,ED1A3B,Southampton
395622,2014,english+premier+league,384,C4122E,Crystal Palace,336,000000,Stoke City
395623,2014,english+premier+league,318,000000,Swansea City,367,347bc9,Tottenham Hotspur
395624,2014,english+premier+league,366,EB172B,Sunderland,371,60223B,West Ham United
395625,2014,english+premier+league,336,E03A3E,Stoke City,359,EF0107,Arsenal
395626,2014,english+premier+league,334,040294,Queens Park Rangers,379,53162F,Burnley
395627,2014,english+premier+league,361,5CBFEB,Newcastle United,363,034694,Chelsea
395628,2014,english+premier+league,367,000033,Tottenham Hotspur,384,C4122E,Crystal Palace
395629,2014,english+premier+league,382,5CBFEB,Manchester City,368,274488,Everton
395630,2014,english+premier+league,376,ED1A3B,Southampton,360,1a1a1a,Manchester United
395631,2014,english+premier+league,364,D00027,Liverpool,366,41a317,Sunderland
395632,2014,english+premier+league,371,60223B,West Ham United,318,000000,Swansea City
395633,2014,english+premier+league,306,F5A12D,Hull City,383,091453,West Bromwich Albion
395634,2014,english+premier+league,368,274488,Everton,306,F5A12D,Hull City
395635,2014,english+premier+league,366,EB172B,Sunderland,382,5CBFEB,Manchester City
395636,2014,english+premier+league,363,034694,Chelsea,367,000033,Tottenham Hotspur
395637,2014,english+premier+league,384,C4122E,Crystal Palace,362,7A003C,Aston Villa
395638,2014,english+premier+league,383,091453,West Bromwich Albion,371,60223B,West Ham United
395639,2014,english+premier+league,379,53162F,Burnley,361,5CBFEB,Newcastle United
395640,2014,english+premier+league,318,000000,Swansea City,334,040294,Queens Park Rangers
395641,2014,english+premier+league,359,EF0107,Arsenal,376,00a94f,Southampton
395642,2014,english+premier+league,360,DA020E,Manchester United,336,000000,Stoke City
395643,2014,english+premier+league,383,091453,West Bromwich Albion,359,EF0107,Arsenal
395644,2014,english+premier+league,379,53162F,Burnley,362,ffff00,Aston Villa
395645,2014,english+premier+league,366,EB172B,Sunderland,363,034694,Chelsea
395646,2014,english+premier+league,318,000000,Swansea City,384,C4122E,Crystal Palace
395647,2014,english+premier+league,367,000033,Tottenham Hotspur,368,274488,Everton
395648,2014,english+premier+league,360,DA020E,Manchester United,306,F5A12D,Hull City
395649,2014,english+premier+league,376,ED1A3B,Southampton,382,5CBFEB,Manchester City
395650,2014,english+premier+league,371,60223B,West Ham United,361,5CBFEB,Newcastle United
395651,2014,english+premier+league,364,D00027,Liverpool,336,000000,Stoke City
395652,2014,english+premier+league,336,E03A3E,Stoke City,379,53162F,Burnley
395653,2014,english+premier+league,384,C4122E,Crystal Palace,364,1a1a1a,Liverpool
395654,2014,english+premier+league,359,EF0107,Arsenal,360,1a1a1a,Manchester United
395655,2014,english+premier+league,361,5CBFEB,Newcastle United,334,040294,Queens Park Rangers
395656,2014,english+premier+league,362,7A003C,Aston Villa,376,ED1A3B,Southampton
395657,2014,english+premier+league,382,5CBFEB,Manchester City,318,000000,Swansea City
395658,2014,english+premier+league,306,F5A12D,Hull City,367,000033,Tottenham Hotspur
395659,2014,english+premier+league,363,034694,Chelsea,383,091453,West Bromwich Albion
395660,2014,english+premier+league,368,274488,Everton,371,60223B,West Ham United
395661,2014,english+premier+league,318,000000,Swansea City,359,EF0107,Arsenal
395662,2014,english+premier+league,371,60223B,West Ham United,362,ffff00,Aston Villa
395663,2014,english+premier+league,364,D00027,Liverpool,363,034694,Chelsea
395664,2014,english+premier+league,360,DA020E,Manchester United,384,034694,Crystal Palace
395665,2014,english+premier+league,366,EB172B,Sunderland,368,274488,Everton
395666,2014,english+premier+league,379,53162F,Burnley,306,F5A12D,Hull City
395667,2014,english+premier+league,334,040294,Queens Park Rangers,382,5CBFEB,Manchester City
395668,2014,english+premier+league,383,091453,West Bromwich Albion,361,5CBFEB,Newcastle United
395669,2014,english+premier+league,367,000033,Tottenham Hotspur,336,E03A3E,Stoke City
395670,2014,english+premier+league,359,EF0107,Arsenal,379,53162F,Burnley
395671,2014,english+premier+league,361,5CBFEB,Newcastle United,364,D00027,Liverpool
395672,2014,english+premier+league,382,5CBFEB,Manchester City,360,DA020E,Manchester United
395673,2014,english+premier+league,363,034694,Chelsea,334,1a1a1a,Queens Park Rangers
395674,2014,english+premier+league,306,F5A12D,Hull City,376,ED1A3B,Southampton
395675,2014,english+premier+league,384,C4122E,Crystal Palace,366,41a317,Sunderland
395676,2014,english+premier+league,368,274488,Everton,318,000000,Swansea City
395677,2014,english+premier+league,362,7A003C,Aston Villa,367,000033,Tottenham Hotspur
395678,2014,english+premier+league,336,E03A3E,Stoke City,371,60223B,West Ham United
395679,2014,english+premier+league,366,EB172B,Sunderland,359,ffff00,Arsenal
395680,2014,english+premier+league,334,040294,Queens Park Rangers,362,7A003C,Aston Villa
395681,2014,english+premier+league,360,DA020E,Manchester United,363,034694,Chelsea
395682,2014,english+premier+league,383,091453,West Bromwich Albion,384,C4122E,Crystal Palace
395683,2014,english+premier+league,379,53162F,Burnley,368,274488,Everton
395684,2014,english+premier+league,364,D00027,Liverpool,306,F5A12D,Hull City
395685,2014,english+premier+league,371,60223B,West Ham United,382,5CBFEB,Manchester City
395686,2014,english+premier+league,367,000033,Tottenham Hotspur,361,5CBFEB,Newcastle United
395687,2014,english+premier+league,376,ED1A3B,Southampton,336,000000,Stoke City
395688,2014,english+premier+league,368,274488,Everton,362,7A003C,Aston Villa
395689,2014,english+premier+league,384,C4122E,Crystal Palace,363,034694,Chelsea
395690,2014,english+premier+league,359,EF0107,Arsenal,306,F5A12D,Hull City
395691,2014,english+premier+league,334,040294,Queens Park Rangers,364,D00027,Liverpool
395692,2014,english+premier+league,383,091453,West Bromwich Albion,360,DA020E,Manchester United
395693,2014,english+premier+league,376,ED1A3B,Southampton,366,41a317,Sunderland
395694,2014,english+premier+league,336,E03A3E,Stoke City,318,000000,Swansea City
395695,2014,english+premier+league,382,5CBFEB,Manchester City,367,000033,Tottenham Hotspur
395696,2014,english+premier+league,379,53162F,Burnley,371,0093EC,West Ham United
395697,2014,english+premier+league,363,034694,Chelsea,359,EF0107,Arsenal
395698,2014,english+premier+league,306,F5A12D,Hull City,384,C4122E,Crystal Palace
395699,2014,english+premier+league,360,DA020E,Manchester United,368,274488,Everton
395700,2014,english+premier+league,362,7A003C,Aston Villa,382,5CBFEB,Manchester City
395701,2014,english+premier+league,318,000000,Swansea City,361,5CBFEB,Newcastle United
395702,2014,english+premier+league,371,60223B,West Ham United,334,040294,Queens Park Rangers
395703,2014,english+premier+league,367,000033,Tottenham Hotspur,376,ED1A3B,Southampton
395704,2014,english+premier+league,366,EB172B,Sunderland,336,000000,Stoke City
395705,2014,english+premier+league,364,D00027,Liverpool,383,091453,West Bromwich Albion
395706,2014,english+premier+league,363,034694,Chelsea,362,7A003C,Aston Villa
395707,2014,english+premier+league,383,091453,West Bromwich Albion,379,53162F,Burnley
395708,2014,english+premier+league,364,D00027,Liverpool,368,274488,Everton
395709,2014,english+premier+league,306,F5A12D,Hull City,382,5CBFEB,Manchester City
395710,2014,english+premier+league,336,E03A3E,Stoke City,361,5CBFEB,Newcastle United
395711,2014,english+premier+league,376,ED1A3B,Southampton,334,040294,Queens Park Rangers
395712,2014,english+premier+league,366,EB172B,Sunderland,318,000000,Swansea City
395713,2014,english+premier+league,359,EF0107,Arsenal,367,000033,Tottenham Hotspur
395714,2014,english+premier+league,360,DA020E,Manchester United,371,60223B,West Ham United
395715,2014,english+premier+league,362,7A003C,Aston Villa,359,EF0107,Arsenal
395716,2014,english+premier+league,382,5CBFEB,Manchester City,363,034694,Chelsea
395717,2014,english+premier+league,368,274488,Everton,384,C4122E,Crystal Palace
395718,2014,english+premier+league,361,5CBFEB,Newcastle United,306,F5A12D,Hull City
395719,2014,english+premier+league,371,60223B,West Ham United,364,D00027,Liverpool
395720,2014,english+premier+league,318,000000,Swansea City,376,ED1A3B,Southampton
395721,2014,english+premier+league,334,040294,Queens Park Rangers,336,E03A3E,Stoke City
395722,2014,english+premier+league,379,53162F,Burnley,366,EB172B,Sunderland
395723,2014,english+premier+league,367,000033,Tottenham Hotspur,383,C60000,West Bromwich Albion
395724,2014,english+premier+league,364,D00027,Liverpool,362,7A003C,Aston Villa
395725,2014,english+premier+league,384,C4122E,Crystal Palace,379,53162F,Burnley
395726,2014,english+premier+league,383,091453,West Bromwich Albion,368,274488,Everton
395727,2014,english+premier+league,359,EF0107,Arsenal,382,5CBFEB,Manchester City
395728,2014,english+premier+league,376,ED1A3B,Southampton,361,5CBFEB,Newcastle United
395729,2014,english+premier+league,360,DA020E,Manchester United,334,040294,Queens Park Rangers
395730,2014,english+premier+league,363,034694,Chelsea,318,000000,Swansea City
395731,2014,english+premier+league,366,EB172B,Sunderland,367,000033,Tottenham Hotspur
395732,2014,english+premier+league,306,F5A12D,Hull City,371,60223B,West Ham United
395733,2014,english+premier+league,368,274488,Everton,363,EF0107,Chelsea
395734,2014,english+premier+league,361,5CBFEB,Newcastle United,384,C4122E,Crystal Palace
395735,2014,english+premier+league,362,7A003C,Aston Villa,306,F5A12D,Hull City
395736,2014,english+premier+league,367,000033,Tottenham Hotspur,364,D00027,Liverpool
395737,2014,english+premier+league,379,53162F,Burnley,360,DA020E,Manchester United
395738,2014,english+premier+league,371,60223B,West Ham United,376,ED1A3B,Southampton
395739,2014,english+premier+league,382,5CBFEB,Manchester City,336,E03A3E,Stoke City
395740,2014,english+premier+league,334,040294,Queens Park Rangers,366,EB172B,Sunderland
395741,2014,english+premier+league,318,000000,Swansea City,383,091453,West Bromwich Albion
395742,2014,english+premier+league,368,274488,Everton,359,EF0107,Arsenal
395743,2014,english+premier+league,318,000000,Swansea City,379,53162F,Burnley
395744,2014,english+premier+league,382,5CBFEB,Manchester City,364,D00027,Liverpool
395745,2014,english+premier+league,366,EB172B,Sunderland,360,1a1a1a,Manchester United
395746,2014,english+premier+league,362,7A003C,Aston Villa,361,5CBFEB,Newcastle United
395747,2014,english+premier+league,367,000033,Tottenham Hotspur,334,040294,Queens Park Rangers
395748,2014,english+premier+league,306,F5A12D,Hull City,336,E03A3E,Stoke City
395749,2014,english+premier+league,376,ED1A3B,Southampton,383,091453,West Bromwich Albion
395750,2014,english+premier+league,384,C4122E,Crystal Palace,371,60223B,West Ham United
395751,2014,english+premier+league,336,E03A3E,Stoke City,362,7A003C,Aston Villa
395752,2014,english+premier+league,379,53162F,Burnley,363,034694,Chelsea
395753,2014,english+premier+league,359,EF0107,Arsenal,384,034694,Crystal Palace
395754,2014,english+premier+league,334,040294,Queens Park Rangers,306,F5A12D,Hull City
395755,2014,english+premier+league,361,5CBFEB,Newcastle United,382,1a1a1a,Manchester City
395756,2014,english+premier+league,364,D00027,Liverpool,376,00a94f,Southampton
395757,2014,english+premier+league,383,091453,West Bromwich Albion,366,EB172B,Sunderland
395758,2014,english+premier+league,360,DA020E,Manchester United,318,000000,Swansea City
395759,2014,english+premier+league,371,60223B,West Ham United,367,000033,Tottenham Hotspur
395760,2014,english+premier+league,375,0053A0,Leicester City,334,040294,Queens Park Rangers
395761,2014,english+premier+league,366,EB172B,Sunderland,375,0053A0,Leicester City
395762,2014,english+premier+league,375,0053A0,Leicester City,376,ED1A3B,Southampton
395763,2014,english+premier+league,375,0053A0,Leicester City,361,5CBFEB,Newcastle United
395764,2014,english+premier+league,379,53162F,Burnley,375,0053A0,Leicester City
395765,2014,english+premier+league,375,0053A0,Leicester City,318,000000,Swansea City
395766,2014,english+premier+league,383,091453,West Bromwich Albion,375,0053A0,Leicester City
395767,2014,english+premier+league,375,0053A0,Leicester City,371,60223B,West Ham United
395768,2014,english+premier+league,367,000033,Tottenham Hotspur,375,0053A0,Leicester City
395769,2014,english+premier+league,375,0053A0,Leicester City,306,F5A12D,Hull City
395770,2014,english+premier+league,382,5CBFEB,Manchester City,375,0053A0,Leicester City
395771,2014,english+premier+league,375,0053A0,Leicester City,363,EF0107,Chelsea
395772,2014,english+premier+league,368,274488,Everton,375,1a1a1a,Leicester City
395773,2014,english+premier+league,359,EF0107,Arsenal,375,0053A0,Leicester City
395774,2014,english+premier+league,375,0053A0,Leicester City,384,C4122E,Crystal Palace
395775,2014,english+premier+league,360,DA020E,Manchester United,375,0053A0,Leicester City
395776,2014,english+premier+league,375,0053A0,Leicester City,336,E03A3E,Stoke City
395777,2014,english+premier+league,375,0053A0,Leicester City,362,7A003C,Aston Villa
395778,2014,english+premier+league,364,D00027,Liverpool,375,0053A0,Leicester City
395779,2014,english+premier+league,306,F5A12D,Hull City,375,0053A0,Leicester City
395780,2014,english+premier+league,375,0053A0,Leicester City,367,000033,Tottenham Hotspur
395781,2014,english+premier+league,371,60223B,West Ham United,375,0053A0,Leicester City
395782,2014,english+premier+league,375,0053A0,Leicester City,382,5CBFEB,Manchester City
395783,2014,english+premier+league,362,7A003C,Aston Villa,375,0053A0,Leicester City
395784,2014,english+premier+league,375,0053A0,Leicester City,364,D00027,Liverpool
395785,2014,english+premier+league,334,040294,Queens Park Rangers,375,0053A0,Leicester City
395786,2014,english+premier+league,375,0053A0,Leicester City,366,EB172B,Sunderland
395787,2014,english+premier+league,376,ED1A3B,Southampton,375,0053A0,Leicester City
395788,2014,english+premier+league,375,0053A0,Leicester City,383,091453,West Bromwich Albion
395789,2014,english+premier+league,318,000000,Swansea City,375,0053A0,Leicester City
395790,2014,english+premier+league,361,5CBFEB,Newcastle United,375,0053A0,Leicester City
395791,2014,english+premier+league,375,0053A0,Leicester City,379,53162F,Burnley
395792,2014,english+premier+league,384,C4122E,Crystal Palace,375,0053A0,Leicester City
395793,2014,english+premier+league,375,0053A0,Leicester City,360,DA020E,Manchester United
395794,2014,english+premier+league,336,E03A3E,Stoke City,375,0053A0,Leicester City
395795,2014,english+premier+league,375,0053A0,Leicester City,359,EF0107,Arsenal
395796,2014,english+premier+league,363,034694,Chelsea,375,1a1a1a,Leicester City
395797,2014,english+premier+league,375,0053A0,Leicester City,368,1a1a1a,Everton
398568,2014,english+premier+league,364,D00027,Liverpool,103,1a1a1a,AC Milan
398569,2014,english+premier+league,86,1a1a1a,Real Madrid,360,DA020E,Manchester United
398570,2014,english+premier+league,382,5CBFEB,Manchester City,435,d01729,Olympiakos
398572,2014,english+premier+league,382,5CBFEB,Manchester City,364,D00027,Liverpool
398574,2014,english+premier+league,110,000099,Internazionale,360,DA020E,Manchester United
398575,2014,english+premier+league,382,5CBFEB,Manchester City,103,C8142F,AC Milan
398576,2014,english+premier+league,364,D00027,Liverpool,435,000040,Olympiakos
398578,2014,english+premier+league,104,9f0000,AS Roma,360,1a1a1a,Manchester United
400444,2014,english+premier+league,359,EF0107,Arsenal,382,5CBFEB,Manchester City
402741,2014,english+premier+league,349,C8142F,AFC Bournemouth,376,00a94f,Southampton
402742,2014,english+premier+league,10739,001B2D,Philadelphia Union,384,C4122E,Crystal Palace
402743,2014,english+premier+league,371,60223B,West Ham United,5327,004677,Sydney FC
402744,2014,english+premier+league,8352,000000,Wellington Phoenix FC,361,5CBFEB,Newcastle United
402745,2014,english+premier+league,11420,000000,RB Leipzig,334,040294,Queens Park Rangers
402746,2014,english+premier+league,2731,C8142F,Accrington Stanley,379,53162F,Burnley
402747,2014,english+premier+league,397,C8142F,Barnsley,306,F5A12D,Hull City
402768,2014,english+premier+league,135,C8142F,TSV 1860 Munich,336,000000,Stoke City
402772,2014,english+premier+league,190,D50031,New York Red Bulls,359,ffff00,Arsenal
402774,2014,english+premier+league,182,AF2626,Chicago Fire,367,000033,Tottenham Hotspur
402775,2014,english+premier+league,6077,F36600,Houston Dynamo,362,7A003C,Aston Villa
402776,2014,english+premier+league,375,0053A0,Leicester City,368,1a1a1a,Everton
402780,2014,english+premier+league,307,004646,Plymouth Argyle,318,000000,Swansea City
402784,2014,english+premier+league,17545,000000,Richmond Kickers,384,C4122E,Crystal Palace
402787,2014,english+premier+league,324,C8142F,Exeter City,318,000000,Swansea City
402802,2014,english+premier+league,394,1a1a1a,Preston North End,379,ffff00,Burnley
402806,2014,english+premier+league,309,C8142F,Leyton Orient,334,040294,Queens Park Rangers
402809,2014,english+premier+league,2571,C8142F,Recreativo Huelva,366,41a317,Sunderland
402812,2014,english+premier+league,154,FFE64B,Vitesse Arnhem,363,034694,Chelsea
402813,2014,english+premier+league,343,000099,Chesterfield,362,7A003C,Aston Villa
402815,2014,english+premier+league,401,C8142F,Walsall,375,0053A0,Leicester City
402823,2014,english+premier+league,399,101087,Sheffield Wednesday,361,5CBFEB,Newcastle United
402824,2014,english+premier+league,310,425679,Southend United,334,040294,Queens Park Rangers
402870,2014,english+premier+league,359,EF0107,Arsenal,1929,1a1a1a,Benfica
402879,2014,english+premier+league,359,EF0107,Arsenal,174,00003e,AS Monaco
402883,2014,english+premier+league,306,F5A12D,Hull City,8102,0b419b,AS Trencin
402925,2014,english+premier+league,8102,0b419b,AS Trencin,306,F5A12D,Hull City
402952,2014,english+premier+league,7318,D80016,Toronto FC,367,000033,Tottenham Hotspur
402953,2014,english+premier+league,183,000000,Columbus Crew SC,384,C4122E,Crystal Palace
402954,2014,english+premier+league,364,D00027,Liverpool,104,1a1a1a,AS Roma
402955,2014,english+premier+league,185,CF0032,FC Dallas,362,7A003C,Aston Villa
402956,2014,english+premier+league,186,A4BBD7,Sporting Kansas City,382,1a1a1a,Manchester City
402957,2014,english+premier+league,360,DA020E,Manchester United,187,00245D,LA Galaxy
402959,2014,english+premier+league,104,9f0000,AS Roma,360,1a1a1a,Manchester United
402962,2014,english+premier+league,382,5CBFEB,Manchester City,103,C8142F,AC Milan
402981,2014,english+premier+league,435,d01729,Olympiakos,364,1a1a1a,Liverpool
404020,2014,english+premier+league,360,DA020E,Manchester United,364,1a1a1a,Liverpool
404517,2014,english+premier+league,367,000033,Tottenham Hotspur,8357,000099,AEL
404532,2014,english+premier+league,306,F5A12D,Hull City,1032,1a1a1a,KSC Lokeren
404565,2014,english+premier+league,1032,1a1a1a,KSC Lokeren,306,F5A12D,Hull City
404577,2014,english+premier+league,8357,C8142F,AEL,367,000033,Tottenham Hotspur
404581,2014,english+premier+league,1895,000000,Besiktas,359,EF0107,Arsenal
404596,2014,english+premier+league,359,EF0107,Arsenal,1895,000000,Besiktas
405432,2014,english+premier+league,379,53162F,Burnley,399,101087,Sheffield Wednesday
405435,2014,english+premier+league,389,000099,Gillingham,361,5CBFEB,Newcastle United
405437,2014,english+premier+league,375,0053A0,Leicester City,302,000099,Shrewsbury Town
405439,2014,english+premier+league,391,000040,Millwall,376,ED1A3B,Southampton
405440,2014,english+premier+league,390,1a1a1a,Milton Keynes Dons,360,DA020E,Manchester United
405444,2014,english+premier+league,318,000000,Swansea City,402,C8142F,Rotherham United
405446,2014,english+premier+league,401,C8142F,Walsall,384,034694,Crystal Palace
405448,2014,english+premier+league,383,091453,West Bromwich Albion,311,F7AA25,Oxford United
405449,2014,english+premier+league,371,60223B,West Ham United,398,C8142F,Sheffield United
405450,2014,english+premier+league,362,7A003C,Aston Villa,309,C8142F,Leyton Orient
405452,2014,english+premier+league,392,000099,Birmingham City,366,EB172B,Sunderland
405453,2014,english+premier+league,2567,F7AA25,Burton Albion,334,040294,Queens Park Rangers
405454,2014,english+premier+league,336,E03A3E,Stoke City,385,000099,Portsmouth
405673,2014,english+premier+league,364,D00027,Liverpool,369,ffff00,Middlesbrough
405678,2014,english+premier+league,104,9f0000,AS Roma,382,5CBFEB,Manchester City
405681,2014,english+premier+league,363,034694,Chelsea,2250,391669,Sporting CP
405683,2014,english+premier+league,432,af3331,Galatasaray,359,EF0107,Arsenal
405685,2014,english+premier+league,364,D00027,Liverpool,989,000099,FC Basel
405690,2014,english+premier+league,359,EF0107,Arsenal,124,000000,Borussia Dortmund
405693,2014,english+premier+league,13018,000000,Ludogorets Razgrad,364,D00027,Liverpool
405701,2014,english+premier+league,382,5CBFEB,Manchester City,132,C8142F,Bayern Munich
405702,2014,english+premier+league,133,0000dd,Schalke 04,363,034694,Chelsea
405709,2014,english+premier+league,382,5CBFEB,Manchester City,1963,000099,CSKA Moscow
405710,2014,english+premier+league,619,391669,NK Maribor,363,034694,Chelsea
405714,2014,english+premier+league,359,EF0107,Arsenal,441,695196,Anderlecht
405717,2014,english+premier+league,86,1a1a1a,Real Madrid,364,D00027,Liverpool
405722,2014,english+premier+league,441,695196,Anderlecht,359,EF0107,Arsenal
405728,2014,english+premier+league,364,D00027,Liverpool,86,1a1a1a,Real Madrid
405733,2014,english+premier+league,363,034694,Chelsea,619,391669,NK Maribor
405737,2014,english+premier+league,1963,000099,CSKA Moscow,382,5CBFEB,Manchester City
405740,2014,english+premier+league,359,EF0107,Arsenal,432,af3331,Galatasaray
405742,2014,english+premier+league,989,000099,FC Basel,364,D00027,Liverpool
405749,2014,english+premier+league,2250,391669,Sporting CP,363,034694,Chelsea
405752,2014,english+premier+league,382,5CBFEB,Manchester City,104,9f0000,AS Roma
405757,2014,english+premier+league,363,034694,Chelsea,133,0000dd,Schalke 04
405758,2014,english+premier+league,132,C8142F,Bayern Munich,382,5CBFEB,Manchester City
405763,2014,english+premier+league,124,000000,Borussia Dortmund,359,EF0107,Arsenal
405767,2014,english+premier+league,364,D00027,Liverpool,13018,000000,Ludogorets Razgrad
405796,2014,english+premier+league,368,274488,Everton,11336,000000,Krasnodar
405815,2014,english+premier+league,1895,000000,Besiktas,367,347bc9,Tottenham Hotspur
405824,2014,english+premier+league,367,000033,Tottenham Hotspur,541,000099,Partizan Belgrade
405828,2014,english+premier+league,138,75ea00,VfL Wolfsburg,368,274488,Everton
405845,2014,english+premier+league,368,274488,Everton,166,ef2f24,Lille
405862,2014,english+premier+league,8354,C8142F,Asteras Tripoli,367,000033,Tottenham Hotspur
405866,2014,english+premier+league,367,000033,Tottenham Hotspur,8354,000099,Asteras Tripoli
405878,2014,english+premier+league,166,ef2f24,Lille,368,274488,Everton
405890,2014,english+premier+league,367,000033,Tottenham Hotspur,1895,000099,Besiktas
405911,2014,english+premier+league,11336,000000,Krasnodar,368,274488,Everton
405924,2014,english+premier+league,368,274488,Everton,138,75ea00,VfL Wolfsburg
405935,2014,english+premier+league,541,000000,Partizan Belgrade,367,347bc9,Tottenham Hotspur
406074,2014,english+premier+league,367,000033,Tottenham Hotspur,393,C8142F,Nottingham Forest
406142,2014,english+premier+league,359,EF0107,Arsenal,376,00a94f,Southampton
406147,2014,english+premier+league,366,EB172B,Sunderland,336,000000,Stoke City
406148,2014,english+premier+league,318,000000,Swansea City,368,274488,Everton
406149,2014,english+premier+league,363,034694,Chelsea,358,1a1a1a,Bolton Wanderers
406150,2014,english+premier+league,384,C4122E,Crystal Palace,361,5CBFEB,Newcastle United
406151,2014,english+premier+league,382,5CBFEB,Manchester City,399,101087,Sheffield Wednesday
406152,2014,english+premier+league,383,091453,West Bromwich Albion,306,F5A12D,Hull City
406786,2014,english+premier+league,302,000099,Shrewsbury Town,363,EF0107,Chelsea
406788,2014,english+premier+league,382,5CBFEB,Manchester City,361,000099,Newcastle United
406797,2014,english+premier+league,349,C8142F,AFC Bournemouth,383,091453,West Bromwich Albion
406799,2014,english+premier+league,364,D00027,Liverpool,318,000000,Swansea City
406801,2014,english+premier+league,336,E03A3E,Stoke City,376,00a94f,Southampton
406802,2014,english+premier+league,367,000033,Tottenham Hotspur,331,000099,Brighton  Hove Albion
408976,2014,english+premier+league,374,1a1a1a,Derby County,363,034694,Chelsea
409221,2014,english+premier+league,398,C8142F,Sheffield United,376,00a94f,Southampton
409222,2014,english+premier+league,349,C8142F,AFC Bournemouth,364,1a1a1a,Liverpool
409223,2014,english+premier+league,367,000033,Tottenham Hotspur,361,5CBFEB,Newcastle United
410262,2014,english+premier+league,383,091453,West Bromwich Albion,3138,C8142F,Gateshead
410276,2014,english+premier+league,375,0053A0,Leicester City,361,5CBFEB,Newcastle United
410376,2014,english+premier+league,359,EF0107,Arsenal,306,F5A12D,Hull City
410377,2014,english+premier+league,3802,000000,AFC Wimbledon,364,D00027,Liverpool
410378,2014,english+premier+league,293,C8142F,Dover,384,034694,Crystal Palace
410380,2014,english+premier+league,368,274488,Everton,371,60223B,West Ham United
410513,2014,english+premier+league,336,E03A3E,Stoke City,352,C60000,Wrexham
410514,2014,english+premier+league,366,EB172B,Sunderland,357,000099,Leeds United
410515,2014,english+premier+league,363,034694,Chelsea,395,ffff00,Watford
410516,2014,english+premier+league,334,040294,Queens Park Rangers,398,C8142F,Sheffield United
410532,2014,english+premier+league,376,ED1A3B,Southampton,373,000099,Ipswich Town
410538,2014,english+premier+league,174,E91514,AS Monaco,359,ffff00,Arsenal
410543,2014,english+premier+league,83,951D27,Barcelona,382,5CBFEB,Manchester City
410544,2014,english+premier+league,363,034694,Chelsea,160,000040,Paris Saint-Germain 
410547,2014,english+premier+league,382,5CBFEB,Manchester City,83,951D27,Barcelona
410550,2014,english+premier+league,160,000040,Paris Saint-Germain ,363,034694,Chelsea
410552,2014,english+premier+league,359,EF0107,Arsenal,174,00003e,AS Monaco
410560,2014,english+premier+league,1895,000000,Besiktas,364,D00027,Liverpool
410565,2014,english+premier+league,109,792DCD,Fiorentina,367,000033,Tottenham Hotspur
410569,2014,english+premier+league,368,274488,Everton,2722,eae04b,Young Boys
410571,2014,english+premier+league,364,D00027,Liverpool,1895,000000,Besiktas
410576,2014,english+premier+league,2722,eae04b,Young Boys,368,274488,Everton
410578,2014,english+premier+league,367,000033,Tottenham Hotspur,109,792DCD,Fiorentina
410609,2014,english+premier+league,382,5CBFEB,Manchester City,399,101087,Sheffield Wednesday
410610,2014,english+premier+league,362,7A003C,Aston Villa,346,FF621A,Blackpool
410612,2014,english+premier+league,379,53162F,Burnley,367,000033,Tottenham Hotspur
410772,2014,english+premier+league,284,378464,Yeovil Town,360,DA020E,Manchester United
410796,2014,english+premier+league,345,2F2F86,Tranmere Rovers,318,000000,Swansea City
411068,2014,english+premier+league,364,D00027,Liverpool,363,034694,Chelsea
411069,2014,english+premier+league,367,000033,Tottenham Hotspur,398,C8142F,Sheffield United
411070,2014,english+premier+league,363,034694,Chelsea,364,D00027,Liverpool
411071,2014,english+premier+league,398,C8142F,Sheffield United,367,000033,Tottenham Hotspur
411844,2014,english+premier+league,373,000099,Ipswich Town,376,ED1A3B,Southampton
411947,2014,english+premier+league,367,000033,Tottenham Hotspur,379,53162F,Burnley
411950,2014,english+premier+league,365,000099,Blackburn Rovers,318,000000,Swansea City
411954,2014,english+premier+league,392,000099,Birmingham City,383,C60000,West Bromwich Albion
411957,2014,english+premier+league,364,D00027,Liverpool,358,1a1a1a,Bolton Wanderers
411963,2014,english+premier+league,382,5CBFEB,Manchester City,369,C8142F,Middlesbrough
412022,2014,english+premier+league,371,60223B,West Ham United,368,274488,Everton
412027,2014,english+premier+league,351,FECD32,Cambridge United,360,DA020E,Manchester United
412029,2014,english+premier+league,331,000099,Brighton  Hove Albion,359,EF0107,Arsenal
412030,2014,english+premier+league,303,101087,Rochdale,336,E03A3E,Stoke City
412505,2014,english+premier+league,362,7A003C,Aston Villa,349,C8142F,AFC Bournemouth
413144,2014,english+premier+league,366,EB172B,Sunderland,370,1a1a1a,Fulham
413146,2014,english+premier+league,333,C8142F,Bristol City,371,60223B,West Ham United
413175,2014,english+premier+league,376,ED1A3B,Southampton,384,034694,Crystal Palace
413176,2014,english+premier+league,363,034694,Chelsea,387,F7AA25,Bradford City
413177,2014,english+premier+league,367,000033,Tottenham Hotspur,375,0053A0,Leicester City
413728,2014,english+premier+league,370,1a1a1a,Fulham,366,EB172B,Sunderland
413731,2014,english+premier+league,360,DA020E,Manchester United,351,FECD32,Cambridge United
413732,2014,english+premier+league,358,1a1a1a,Bolton Wanderers,364,D00027,Liverpool
413909,2014,english+premier+league,362,7A003C,Aston Villa,375,0053A0,Leicester City
413910,2014,english+premier+league,359,EF0107,Arsenal,369,ffff00,Middlesbrough
414230,2014,english+premier+league,363,034694,Chelsea,367,000033,Tottenham Hotspur
414231,2014,english+premier+league,383,091453,West Bromwich Albion,371,60223B,West Ham United
414233,2014,english+premier+league,365,000099,Blackburn Rovers,336,E03A3E,Stoke City
414338,2014,english+premier+league,387,F7AA25,Bradford City,366,EB172B,Sunderland
414345,2014,english+premier+league,394,1a1a1a,Preston North End,360,DA020E,Manchester United
414365,2014,english+premier+league,384,C4122E,Crystal Palace,364,1a1a1a,Liverpool
416337,2014,english+premier+league,362,7A003C,Aston Villa,383,091453,West Bromwich Albion
416383,2014,english+premier+league,364,D00027,Liverpool,365,000099,Blackburn Rovers
416385,2014,english+premier+league,360,DA020E,Manchester United,359,ffff00,Arsenal
416638,2014,english+premier+league,440,000099,Dynamo Kiev,368,274488,Everton
416647,2014,english+premier+league,368,274488,Everton,440,000099,Dynamo Kiev
418331,2014,english+premier+league,365,000099,Blackburn Rovers,364,D00027,Liverpool
418401,2014,english+premier+league,338,040294,Reading,359,EF0107,Arsenal
418997,2014,english+premier+league,362,7A003C,Aston Villa,364,D00027,Liverpool
419663,2014,english+premier+league,359,EF0107,Arsenal,362,7A003C,Aston Villa
