352271,2012,liga+nacional+de+guatemala,t7558,,0,0,0,0,0,0,0,-1,7558,,,
352271,2012,liga+nacional+de+guatemala,t7259,,0,0,0,0,0,0,0,-1,7259,,,
352271,2012,liga+nacional+de+guatemala,p67245,18,0,0,0,0,0,0,0,67245,7259,M,,
352271,2012,liga+nacional+de+guatemala,p93212,9,0,0,0,0,0,0,0,93212,7259,M,,
352271,2012,liga+nacional+de+guatemala,p93239,10,0,0,0,0,0,0,0,93239,7259,M,,
352271,2012,liga+nacional+de+guatemala,p93271,1,0,0,0,0,0,0,0,93271,7259,G,,
352271,2012,liga+nacional+de+guatemala,p100782,11,0,0,0,0,0,0,0,100782,7259,F,,
352271,2012,liga+nacional+de+guatemala,p110959,8,0,0,0,0,0,0,0,110959,7259,F,,
352271,2012,liga+nacional+de+guatemala,p116881,19,0,0,0,0,0,0,0,116881,7259,F,,
352271,2012,liga+nacional+de+guatemala,p126535,7,0,0,0,0,0,0,0,126535,7259,M,,
352271,2012,liga+nacional+de+guatemala,p126564,24,0,0,0,0,0,0,0,126564,7259,F,,
352271,2012,liga+nacional+de+guatemala,p126635,5,0,0,0,0,0,0,0,126635,7259,M,,
352271,2012,liga+nacional+de+guatemala,p129726,3,0,0,0,0,0,0,0,129726,7259,D,,
352271,2012,liga+nacional+de+guatemala,p132324,13,0,0,0,0,0,0,0,132324,7259,M,,
352271,2012,liga+nacional+de+guatemala,p134962,17,0,0,0,0,0,0,0,134962,7259,M,,
352271,2012,liga+nacional+de+guatemala,p142616,6,0,0,0,0,0,0,0,142616,7259,M,,
352271,2012,liga+nacional+de+guatemala,p149593,2,0,0,0,0,0,0,0,149593,7259,D,,
352271,2012,liga+nacional+de+guatemala,p149600,12,0,0,0,0,0,0,0,149600,7259,D,,
352271,2012,liga+nacional+de+guatemala,p176570,15,0,0,0,0,0,0,0,176570,7259,M,,
352271,2012,liga+nacional+de+guatemala,p176783,21,0,0,0,0,0,0,0,176783,7259,G,,
352271,2012,liga+nacional+de+guatemala,p115693,12,0,0,0,0,0,0,0,115693,7558,M,,
352271,2012,liga+nacional+de+guatemala,p119576,13,0,0,0,0,0,0,0,119576,7558,F,,
352271,2012,liga+nacional+de+guatemala,p137615,8,0,0,0,0,0,0,0,137615,7558,M,,
352271,2012,liga+nacional+de+guatemala,p137616,17,0,0,0,0,0,0,0,137616,7558,M,,
352271,2012,liga+nacional+de+guatemala,p138145,9,0,0,0,0,0,0,0,138145,7558,F,,
352271,2012,liga+nacional+de+guatemala,p139534,31,0,0,0,0,0,0,0,139534,7558,F,,
352271,2012,liga+nacional+de+guatemala,p139540,40,0,0,0,0,0,0,0,139540,7558,M,,
352271,2012,liga+nacional+de+guatemala,p141222,4,0,0,0,0,0,0,0,141222,7558,D,,
352271,2012,liga+nacional+de+guatemala,p147207,36,0,0,0,0,0,0,0,147207,7558,D,,
352271,2012,liga+nacional+de+guatemala,p172632,19,0,0,0,0,0,0,0,172632,7558,D,,
352271,2012,liga+nacional+de+guatemala,p176100,22,0,0,0,0,0,0,0,176100,7558,G,,
352271,2012,liga+nacional+de+guatemala,p176101,3,0,0,0,0,0,0,0,176101,7558,D,,
352271,2012,liga+nacional+de+guatemala,p176103,14,0,0,0,0,0,0,0,176103,7558,M,,
352271,2012,liga+nacional+de+guatemala,p176105,7,0,0,0,0,0,0,0,176105,7558,M,,
352271,2012,liga+nacional+de+guatemala,p176109,16,0,0,0,0,0,0,0,176109,7558,M,,
352271,2012,liga+nacional+de+guatemala,p176782,20,0,0,0,0,0,0,0,176782,7558,M,,
352271,2012,liga+nacional+de+guatemala,p188090,18,0,0,0,0,0,0,0,188090,7558,G,,
352272,2012,liga+nacional+de+guatemala,t7259,,0,0,0,0,0,0,0,-1,7259,,,
352272,2012,liga+nacional+de+guatemala,t219,,0,0,0,0,0,0,0,-1,219,,,
352272,2012,liga+nacional+de+guatemala,p3447,8,0,0,0,0,0,0,0,3447,219,M,,
352272,2012,liga+nacional+de+guatemala,p33835,1,0,0,0,0,0,0,0,33835,219,G,,
352272,2012,liga+nacional+de+guatemala,p71532,6,0,0,0,0,0,0,0,71532,219,D,,
352272,2012,liga+nacional+de+guatemala,p71684,5,0,0,0,0,0,0,0,71684,219,M,,
352272,2012,liga+nacional+de+guatemala,p84217,18,0,0,0,0,0,0,0,84217,219,M,,
352272,2012,liga+nacional+de+guatemala,p84375,9,0,0,0,0,0,0,0,84375,219,F,,
352272,2012,liga+nacional+de+guatemala,p111109,30,0,0,0,0,0,0,0,111109,219,G,,
352272,2012,liga+nacional+de+guatemala,p120884,10,0,0,0,0,0,0,0,120884,219,M,,
352272,2012,liga+nacional+de+guatemala,p129145,2,0,0,0,0,0,0,0,129145,219,D,,
352272,2012,liga+nacional+de+guatemala,p130573,7,0,0,0,0,0,0,0,130573,219,F,,
352272,2012,liga+nacional+de+guatemala,p132971,23,0,0,0,0,0,0,0,132971,219,M,,
352272,2012,liga+nacional+de+guatemala,p140665,27,0,0,0,0,0,0,0,140665,219,D,,
352272,2012,liga+nacional+de+guatemala,p146954,16,0,0,0,0,0,0,0,146954,219,D,,
352272,2012,liga+nacional+de+guatemala,p153727,19,0,0,0,0,0,0,0,153727,219,F,,
352272,2012,liga+nacional+de+guatemala,p155567,3,0,0,0,0,0,0,0,155567,219,D,,
352272,2012,liga+nacional+de+guatemala,p156440,25,0,0,0,0,0,0,0,156440,219,M,,
352272,2012,liga+nacional+de+guatemala,p159838,4,0,0,0,0,0,0,0,159838,219,D,,
352272,2012,liga+nacional+de+guatemala,p162683,21,0,0,0,0,0,0,0,162683,219,F,,
352272,2012,liga+nacional+de+guatemala,p66295,4,0,0,0,0,0,0,0,66295,7259,D,,
352272,2012,liga+nacional+de+guatemala,p67245,18,0,0,0,0,0,0,0,67245,7259,M,,
352272,2012,liga+nacional+de+guatemala,p93212,9,0,0,0,0,0,0,0,93212,7259,F,,
352272,2012,liga+nacional+de+guatemala,p93239,10,0,0,0,0,0,0,0,93239,7259,M,,
352272,2012,liga+nacional+de+guatemala,p93271,1,0,0,0,0,0,0,0,93271,7259,G,,
352272,2012,liga+nacional+de+guatemala,p100782,11,0,0,0,0,0,0,0,100782,7259,F,,
352272,2012,liga+nacional+de+guatemala,p116881,19,0,0,0,0,0,0,0,116881,7259,F,,
352272,2012,liga+nacional+de+guatemala,p126535,7,0,0,0,0,0,0,0,126535,7259,M,,
352272,2012,liga+nacional+de+guatemala,p126564,24,0,0,0,0,0,0,0,126564,7259,F,,
352272,2012,liga+nacional+de+guatemala,p126635,5,0,0,0,0,0,0,0,126635,7259,D,,
352272,2012,liga+nacional+de+guatemala,p129726,3,0,0,0,0,0,0,0,129726,7259,D,,
352272,2012,liga+nacional+de+guatemala,p132324,13,0,0,0,0,0,0,0,132324,7259,M,,
352272,2012,liga+nacional+de+guatemala,p134962,17,0,0,0,0,0,0,0,134962,7259,M,,
352272,2012,liga+nacional+de+guatemala,p141937,14,0,0,0,0,0,0,0,141937,7259,D,,
352272,2012,liga+nacional+de+guatemala,p142616,6,0,0,0,0,0,0,0,142616,7259,M,,
352272,2012,liga+nacional+de+guatemala,p149593,2,0,0,0,0,0,0,0,149593,7259,D,,
352272,2012,liga+nacional+de+guatemala,p176570,15,0,0,0,0,0,0,0,176570,7259,M,,
352272,2012,liga+nacional+de+guatemala,p176783,21,0,0,0,0,0,0,0,176783,7259,G,,
352274,2012,liga+nacional+de+guatemala,t7259,,0,0,0,0,0,0,0,-1,7259,,,
352274,2012,liga+nacional+de+guatemala,t7558,,0,0,0,0,0,0,0,-1,7558,,,
352274,2012,liga+nacional+de+guatemala,p66295,4,0,0,0,0,0,0,0,66295,7259,D,,
352274,2012,liga+nacional+de+guatemala,p67245,18,0,0,0,0,0,0,0,67245,7259,M,,
352274,2012,liga+nacional+de+guatemala,p93212,9,0,0,0,0,0,0,0,93212,7259,F,,
352274,2012,liga+nacional+de+guatemala,p93239,10,0,0,0,0,0,0,0,93239,7259,M,,
352274,2012,liga+nacional+de+guatemala,p93271,1,0,0,0,0,0,0,0,93271,7259,G,,
352274,2012,liga+nacional+de+guatemala,p100782,11,0,0,0,0,0,0,0,100782,7259,F,,
352274,2012,liga+nacional+de+guatemala,p110959,8,0,0,0,0,0,0,0,110959,7259,F,,
352274,2012,liga+nacional+de+guatemala,p116881,19,0,0,0,0,0,0,0,116881,7259,F,,
352274,2012,liga+nacional+de+guatemala,p126535,7,0,0,0,0,0,0,0,126535,7259,M,,
352274,2012,liga+nacional+de+guatemala,p126564,24,0,0,0,0,0,0,0,126564,7259,F,,
352274,2012,liga+nacional+de+guatemala,p126635,5,0,0,0,0,0,0,0,126635,7259,D,,
352274,2012,liga+nacional+de+guatemala,p132324,13,0,0,0,0,0,0,0,132324,7259,M,,
352274,2012,liga+nacional+de+guatemala,p141787,16,0,0,0,0,0,0,0,141787,7259,M,,
352274,2012,liga+nacional+de+guatemala,p142616,6,0,0,0,0,0,0,0,142616,7259,M,,
352274,2012,liga+nacional+de+guatemala,p149593,2,0,0,0,0,0,0,0,149593,7259,D,,
352274,2012,liga+nacional+de+guatemala,p176570,15,0,0,0,0,0,0,0,176570,7259,M,,
352274,2012,liga+nacional+de+guatemala,p176783,21,0,0,0,0,0,0,0,176783,7259,G,,
352274,2012,liga+nacional+de+guatemala,p115693,12,0,0,0,0,0,0,0,115693,7558,M,,
352274,2012,liga+nacional+de+guatemala,p119576,13,0,0,0,0,0,0,0,119576,7558,F,,
352274,2012,liga+nacional+de+guatemala,p137612,5,0,0,0,0,0,0,0,137612,7558,D,,
352274,2012,liga+nacional+de+guatemala,p137615,8,0,0,0,0,0,0,0,137615,7558,M,,
352274,2012,liga+nacional+de+guatemala,p137616,17,0,0,0,0,0,0,0,137616,7558,M,,
352274,2012,liga+nacional+de+guatemala,p137617,25,0,0,0,0,0,0,0,137617,7558,M,,
352274,2012,liga+nacional+de+guatemala,p139540,40,0,0,0,0,0,0,0,139540,7558,M,,
352274,2012,liga+nacional+de+guatemala,p141222,4,0,0,0,0,0,0,0,141222,7558,D,,
352274,2012,liga+nacional+de+guatemala,p147207,36,0,0,0,0,0,0,0,147207,7558,D,,
352274,2012,liga+nacional+de+guatemala,p166121,26,0,0,0,0,0,0,0,166121,7558,F,,
352274,2012,liga+nacional+de+guatemala,p172632,19,0,0,0,0,0,0,0,172632,7558,D,,
352274,2012,liga+nacional+de+guatemala,p176100,22,0,0,0,0,0,0,0,176100,7558,G,,
352274,2012,liga+nacional+de+guatemala,p176101,3,0,0,0,0,0,0,0,176101,7558,D,,
352274,2012,liga+nacional+de+guatemala,p176103,14,0,0,0,0,0,0,0,176103,7558,M,,
352274,2012,liga+nacional+de+guatemala,p176105,7,0,0,0,0,0,0,0,176105,7558,M,,
352274,2012,liga+nacional+de+guatemala,p176107,6,0,0,0,0,0,0,0,176107,7558,F,,
352274,2012,liga+nacional+de+guatemala,p176109,16,0,0,0,0,0,0,0,176109,7558,M,,
352274,2012,liga+nacional+de+guatemala,p188090,18,0,0,0,0,0,0,0,188090,7558,G,,
352276,2012,liga+nacional+de+guatemala,t219,,0,0,0,0,0,0,0,-1,219,,,
352276,2012,liga+nacional+de+guatemala,t7259,,0,0,0,0,0,0,0,-1,7259,,,
352276,2012,liga+nacional+de+guatemala,p3447,8,0,0,0,0,0,0,0,3447,219,M,,
352276,2012,liga+nacional+de+guatemala,p33835,1,0,0,0,0,0,0,0,33835,219,G,,
352276,2012,liga+nacional+de+guatemala,p71532,6,0,0,0,0,0,0,0,71532,219,D,,
352276,2012,liga+nacional+de+guatemala,p71684,5,0,0,0,0,0,0,0,71684,219,M,,
352276,2012,liga+nacional+de+guatemala,p84217,18,0,0,0,0,0,0,0,84217,219,M,,
352276,2012,liga+nacional+de+guatemala,p84375,9,0,0,0,0,0,0,0,84375,219,F,,
352276,2012,liga+nacional+de+guatemala,p111109,30,0,0,0,0,0,0,0,111109,219,G,,
352276,2012,liga+nacional+de+guatemala,p120884,10,0,0,0,0,0,0,0,120884,219,M,,
352276,2012,liga+nacional+de+guatemala,p129145,2,0,0,0,0,0,0,0,129145,219,D,,
352276,2012,liga+nacional+de+guatemala,p146954,16,0,0,0,0,0,0,0,146954,219,D,,
352276,2012,liga+nacional+de+guatemala,p149708,17,0,0,0,0,0,0,0,149708,219,F,,
352276,2012,liga+nacional+de+guatemala,p153727,19,0,0,0,0,0,0,0,153727,219,F,,
352276,2012,liga+nacional+de+guatemala,p155567,3,0,0,0,0,0,0,0,155567,219,D,,
352276,2012,liga+nacional+de+guatemala,p159838,4,0,0,0,0,0,0,0,159838,219,D,,
352276,2012,liga+nacional+de+guatemala,p161956,29,0,0,0,0,0,0,0,161956,219,D,,
352276,2012,liga+nacional+de+guatemala,p162683,21,0,0,0,0,0,0,0,162683,219,F,,
352276,2012,liga+nacional+de+guatemala,p175157,14,0,0,0,0,0,0,0,175157,219,M,,
352276,2012,liga+nacional+de+guatemala,p178164,12,0,0,0,0,0,0,0,178164,219,F,,
352276,2012,liga+nacional+de+guatemala,p66295,4,0,0,0,0,0,0,0,66295,7259,D,,
352276,2012,liga+nacional+de+guatemala,p67245,18,0,0,0,0,0,0,0,67245,7259,M,,
352276,2012,liga+nacional+de+guatemala,p93212,9,0,0,0,0,0,0,0,93212,7259,F,,
352276,2012,liga+nacional+de+guatemala,p93239,10,0,0,0,0,0,0,0,93239,7259,M,,
352276,2012,liga+nacional+de+guatemala,p93271,1,0,0,0,0,0,0,0,93271,7259,G,,
352276,2012,liga+nacional+de+guatemala,p100782,11,0,0,0,0,0,0,0,100782,7259,F,,
352276,2012,liga+nacional+de+guatemala,p116881,19,0,0,0,0,0,0,0,116881,7259,F,,
352276,2012,liga+nacional+de+guatemala,p126535,7,0,0,0,0,0,0,0,126535,7259,M,,
352276,2012,liga+nacional+de+guatemala,p126564,24,0,0,0,0,0,0,0,126564,7259,F,,
352276,2012,liga+nacional+de+guatemala,p126635,5,0,0,0,0,0,0,0,126635,7259,D,,
352276,2012,liga+nacional+de+guatemala,p129726,3,0,0,0,0,0,0,0,129726,7259,D,,
352276,2012,liga+nacional+de+guatemala,p132324,13,0,0,0,0,0,0,0,132324,7259,M,,
352276,2012,liga+nacional+de+guatemala,p134962,17,0,0,0,0,0,0,0,134962,7259,M,,
352276,2012,liga+nacional+de+guatemala,p141937,14,0,0,0,0,0,0,0,141937,7259,D,,
352276,2012,liga+nacional+de+guatemala,p142616,6,0,0,0,0,0,0,0,142616,7259,M,,
352276,2012,liga+nacional+de+guatemala,p149593,2,0,0,0,0,0,0,0,149593,7259,D,,
352276,2012,liga+nacional+de+guatemala,p176570,15,0,0,0,0,0,0,0,176570,7259,M,,
352276,2012,liga+nacional+de+guatemala,p176783,21,0,0,0,0,0,0,0,176783,7259,G,,
352277,2012,liga+nacional+de+guatemala,t7259,,0,0,0,0,0,0,0,-1,7259,,,
352277,2012,liga+nacional+de+guatemala,t220,,0,0,0,0,0,0,0,-1,220,,,
352277,2012,liga+nacional+de+guatemala,p33832,19,0,0,0,0,0,0,0,33832,220,F,,
352277,2012,liga+nacional+de+guatemala,p40371,18,0,0,0,0,0,0,0,40371,220,M,,
352277,2012,liga+nacional+de+guatemala,p43719,1,0,0,0,0,0,0,0,43719,220,G,,
352277,2012,liga+nacional+de+guatemala,p62146,2,0,0,0,0,0,0,0,62146,220,D,,
352277,2012,liga+nacional+de+guatemala,p68598,7,0,0,0,0,0,0,0,68598,220,M,,
352277,2012,liga+nacional+de+guatemala,p70419,15,0,0,0,0,0,0,0,70419,220,D,,
352277,2012,liga+nacional+de+guatemala,p73431,11,0,0,0,0,0,0,0,73431,220,M,,
352277,2012,liga+nacional+de+guatemala,p75650,3,0,0,0,0,0,0,0,75650,220,D,,
352277,2012,liga+nacional+de+guatemala,p75668,26,0,0,0,0,0,0,0,75668,220,F,,
352277,2012,liga+nacional+de+guatemala,p85969,6,0,0,0,0,0,0,0,85969,220,D,,
352277,2012,liga+nacional+de+guatemala,p116525,23,0,0,0,0,0,0,0,116525,220,G,,
352277,2012,liga+nacional+de+guatemala,p118454,5,0,0,0,0,0,0,0,118454,220,D,,
352277,2012,liga+nacional+de+guatemala,p145261,9,0,0,0,0,0,0,0,145261,220,F,,
352277,2012,liga+nacional+de+guatemala,p149730,21,0,0,0,0,0,0,0,149730,220,D,,
352277,2012,liga+nacional+de+guatemala,p150533,14,0,0,0,0,0,0,0,150533,220,M,,
352277,2012,liga+nacional+de+guatemala,p153098,56,0,0,0,0,0,0,0,153098,220,F,,
352277,2012,liga+nacional+de+guatemala,p164011,16,0,0,0,0,0,0,0,164011,220,M,,
352277,2012,liga+nacional+de+guatemala,p174746,17,0,0,0,0,0,0,0,174746,220,M,,
352277,2012,liga+nacional+de+guatemala,p66295,4,0,0,0,0,0,0,0,66295,7259,D,,
352277,2012,liga+nacional+de+guatemala,p67245,18,0,0,0,0,0,0,0,67245,7259,M,,
352277,2012,liga+nacional+de+guatemala,p93212,9,0,0,0,0,0,0,0,93212,7259,F,,
352277,2012,liga+nacional+de+guatemala,p93239,10,0,0,0,0,0,0,0,93239,7259,M,,
352277,2012,liga+nacional+de+guatemala,p93271,1,0,0,0,0,0,0,0,93271,7259,G,,
352277,2012,liga+nacional+de+guatemala,p100782,11,0,0,0,0,0,0,0,100782,7259,F,,
352277,2012,liga+nacional+de+guatemala,p125221,24,0,0,0,0,0,0,0,125221,7259,F,,
352277,2012,liga+nacional+de+guatemala,p126635,5,0,0,0,0,0,0,0,126635,7259,D,,
352277,2012,liga+nacional+de+guatemala,p129726,3,0,0,0,0,0,0,0,129726,7259,D,,
352277,2012,liga+nacional+de+guatemala,p132324,13,0,0,0,0,0,0,0,132324,7259,M,,
352277,2012,liga+nacional+de+guatemala,p134962,17,0,0,0,0,0,0,0,134962,7259,M,,
352277,2012,liga+nacional+de+guatemala,p141937,14,0,0,0,0,0,0,0,141937,7259,D,,
352277,2012,liga+nacional+de+guatemala,p142616,6,0,0,0,0,0,0,0,142616,7259,D,,
352277,2012,liga+nacional+de+guatemala,p149593,2,0,0,0,0,0,0,0,149593,7259,D,,
352277,2012,liga+nacional+de+guatemala,p165197,19,0,0,0,0,0,0,0,165197,7259,F,,
352277,2012,liga+nacional+de+guatemala,p176568,21,0,0,0,0,0,0,0,176568,7259,G,,
352277,2012,liga+nacional+de+guatemala,p176570,15,0,0,0,0,0,0,0,176570,7259,M,,
352277,2012,liga+nacional+de+guatemala,p184672,8,0,0,0,0,0,0,0,184672,7259,M,,
352278,2012,liga+nacional+de+guatemala,t220,,0,0,0,0,0,0,0,-1,220,,,
352278,2012,liga+nacional+de+guatemala,t7259,,0,0,0,0,0,0,0,-1,7259,,,
352278,2012,liga+nacional+de+guatemala,p40371,18,0,0,0,0,0,0,0,40371,220,M,,
352278,2012,liga+nacional+de+guatemala,p43719,1,0,0,0,0,0,0,0,43719,220,G,,
352278,2012,liga+nacional+de+guatemala,p62146,2,0,0,0,0,0,0,0,62146,220,D,,
352278,2012,liga+nacional+de+guatemala,p68598,7,0,0,0,0,0,0,0,68598,220,M,,
352278,2012,liga+nacional+de+guatemala,p70419,15,0,0,0,0,0,0,0,70419,220,D,,
352278,2012,liga+nacional+de+guatemala,p73431,11,0,0,0,0,0,0,0,73431,220,M,,
352278,2012,liga+nacional+de+guatemala,p75650,3,0,0,0,0,0,0,0,75650,220,D,,
352278,2012,liga+nacional+de+guatemala,p75668,26,0,0,0,0,0,0,0,75668,220,F,,
352278,2012,liga+nacional+de+guatemala,p85969,6,0,0,0,0,0,0,0,85969,220,M,,
352278,2012,liga+nacional+de+guatemala,p101603,4,0,0,0,0,0,0,0,101603,220,D,,
352278,2012,liga+nacional+de+guatemala,p116525,23,0,0,0,0,0,0,0,116525,220,G,,
352278,2012,liga+nacional+de+guatemala,p118454,5,0,0,0,0,0,0,0,118454,220,D,,
352278,2012,liga+nacional+de+guatemala,p145261,9,0,0,0,0,0,0,0,145261,220,F,,
352278,2012,liga+nacional+de+guatemala,p149730,21,0,0,0,0,0,0,0,149730,220,D,,
352278,2012,liga+nacional+de+guatemala,p150533,14,0,0,0,0,0,0,0,150533,220,M,,
352278,2012,liga+nacional+de+guatemala,p153098,56,0,0,0,0,0,0,0,153098,220,F,,
352278,2012,liga+nacional+de+guatemala,p164011,16,0,0,0,0,0,0,0,164011,220,M,,
352278,2012,liga+nacional+de+guatemala,p174746,17,0,0,0,0,0,0,0,174746,220,M,,
352278,2012,liga+nacional+de+guatemala,p47269,20,0,0,0,0,0,0,0,47269,7259,F,,
352278,2012,liga+nacional+de+guatemala,p66295,4,0,0,0,0,0,0,0,66295,7259,D,,
352278,2012,liga+nacional+de+guatemala,p67245,18,0,0,0,0,0,0,0,67245,7259,M,,
352278,2012,liga+nacional+de+guatemala,p93239,10,0,0,0,0,0,0,0,93239,7259,M,,
352278,2012,liga+nacional+de+guatemala,p93271,1,0,0,0,0,0,0,0,93271,7259,G,,
352278,2012,liga+nacional+de+guatemala,p100782,11,0,0,0,0,0,0,0,100782,7259,F,,
352278,2012,liga+nacional+de+guatemala,p125221,24,0,0,0,0,0,0,0,125221,7259,F,,
352278,2012,liga+nacional+de+guatemala,p126535,7,0,0,0,0,0,0,0,126535,7259,M,,
352278,2012,liga+nacional+de+guatemala,p126635,5,0,0,0,0,0,0,0,126635,7259,D,,
352278,2012,liga+nacional+de+guatemala,p129726,3,0,0,0,0,0,0,0,129726,7259,D,,
352278,2012,liga+nacional+de+guatemala,p132324,13,0,0,0,0,0,0,0,132324,7259,M,,
352278,2012,liga+nacional+de+guatemala,p134962,17,0,0,0,0,0,0,0,134962,7259,M,,
352278,2012,liga+nacional+de+guatemala,p141937,14,0,0,0,0,0,0,0,141937,7259,D,,
352278,2012,liga+nacional+de+guatemala,p142616,6,0,0,0,0,0,0,0,142616,7259,M,,
352278,2012,liga+nacional+de+guatemala,p152038,77,0,0,0,0,0,0,0,152038,7259,D,,
352278,2012,liga+nacional+de+guatemala,p176568,21,0,0,0,0,0,0,0,176568,7259,G,,
352278,2012,liga+nacional+de+guatemala,p176570,15,0,0,0,0,0,0,0,176570,7259,M,,
352278,2012,liga+nacional+de+guatemala,p184672,8,0,0,0,0,0,0,0,184672,7259,M,,
355732,2012,liga+nacional+de+guatemala,t7256,,0,0,0,0,0,0,0,-1,7256,,,
355732,2012,liga+nacional+de+guatemala,t7870,,0,0,0,0,0,0,0,-1,7870,,,
355733,2012,liga+nacional+de+guatemala,t7259,,0,0,0,0,0,0,0,-1,7259,,,
355733,2012,liga+nacional+de+guatemala,t13541,,0,0,0,0,0,0,0,-1,13541,,,
355734,2012,liga+nacional+de+guatemala,t7260,,0,0,0,0,0,0,0,-1,7260,,,
355734,2012,liga+nacional+de+guatemala,t13542,,0,0,0,0,0,0,0,-1,13542,,,
355735,2012,liga+nacional+de+guatemala,t7258,,0,0,0,0,0,0,0,-1,7258,,,
355735,2012,liga+nacional+de+guatemala,t7255,,0,0,0,0,0,0,0,-1,7255,,,
355736,2012,liga+nacional+de+guatemala,t7251,,0,0,0,0,0,0,0,-1,7251,,,
355736,2012,liga+nacional+de+guatemala,t7257,,0,0,0,0,0,0,0,-1,7257,,,
355737,2012,liga+nacional+de+guatemala,t7252,,0,0,0,0,0,0,0,-1,7252,,,
355737,2012,liga+nacional+de+guatemala,t8407,,0,0,0,0,0,0,0,-1,8407,,,
355917,2012,liga+nacional+de+guatemala,t8407,,0,0,0,0,0,0,0,-1,8407,,,
355917,2012,liga+nacional+de+guatemala,t7256,,0,0,0,0,0,0,0,-1,7256,,,
355935,2012,liga+nacional+de+guatemala,t7257,,0,0,0,0,0,0,0,-1,7257,,,
355935,2012,liga+nacional+de+guatemala,t7259,,0,0,0,0,0,0,0,-1,7259,,,
355936,2012,liga+nacional+de+guatemala,t13542,,0,0,0,0,0,0,0,-1,13542,,,
355936,2012,liga+nacional+de+guatemala,t7251,,0,0,0,0,0,0,0,-1,7251,,,
355945,2012,liga+nacional+de+guatemala,t13541,,0,0,0,0,0,0,0,-1,13541,,,
355945,2012,liga+nacional+de+guatemala,t7258,,0,0,0,0,0,0,0,-1,7258,,,
355946,2012,liga+nacional+de+guatemala,t7255,,0,0,0,0,0,0,0,-1,7255,,,
355946,2012,liga+nacional+de+guatemala,t7252,,0,0,0,0,0,0,0,-1,7252,,,
355947,2012,liga+nacional+de+guatemala,t7870,,0,0,0,0,0,0,0,-1,7870,,,
355947,2012,liga+nacional+de+guatemala,t7260,,0,0,0,0,0,0,0,-1,7260,,,
356064,2012,liga+nacional+de+guatemala,t7257,,0,0,0,0,0,0,0,-1,7257,,,
356064,2012,liga+nacional+de+guatemala,t13542,,0,0,0,0,0,0,0,-1,13542,,,
356065,2012,liga+nacional+de+guatemala,t7259,,0,0,0,0,0,0,0,-1,7259,,,
356065,2012,liga+nacional+de+guatemala,t7258,,0,0,0,0,0,0,0,-1,7258,,,
356066,2012,liga+nacional+de+guatemala,t13541,,0,0,0,0,0,0,0,-1,13541,,,
356066,2012,liga+nacional+de+guatemala,t7252,,0,0,0,0,0,0,0,-1,7252,,,
356067,2012,liga+nacional+de+guatemala,t8407,,0,0,0,0,0,0,0,-1,8407,,,
356067,2012,liga+nacional+de+guatemala,t7260,,0,0,0,0,0,0,0,-1,7260,,,
356068,2012,liga+nacional+de+guatemala,t7255,,0,0,0,0,0,0,0,-1,7255,,,
356068,2012,liga+nacional+de+guatemala,t7256,,0,0,0,0,0,0,0,-1,7256,,,
356069,2012,liga+nacional+de+guatemala,t7870,,0,0,0,0,0,0,0,-1,7870,,,
356069,2012,liga+nacional+de+guatemala,t7251,,0,0,0,0,0,0,0,-1,7251,,,
356254,2012,liga+nacional+de+guatemala,t7252,,0,0,0,0,0,0,0,-1,7252,,,
356254,2012,liga+nacional+de+guatemala,t7259,,0,0,0,0,0,0,0,-1,7259,,,
356256,2012,liga+nacional+de+guatemala,t7251,,0,0,0,0,0,0,0,-1,7251,,,
356256,2012,liga+nacional+de+guatemala,t8407,,0,0,0,0,0,0,0,-1,8407,,,
356287,2012,liga+nacional+de+guatemala,t13542,,0,0,0,0,0,0,0,-1,13542,,,
356287,2012,liga+nacional+de+guatemala,t7870,,0,0,0,0,0,0,0,-1,7870,,,
356288,2012,liga+nacional+de+guatemala,t7256,,0,0,0,0,0,0,0,-1,7256,,,
356288,2012,liga+nacional+de+guatemala,t13541,,0,0,0,0,0,0,0,-1,13541,,,
356289,2012,liga+nacional+de+guatemala,t7260,,0,0,0,0,0,0,0,-1,7260,,,
356289,2012,liga+nacional+de+guatemala,t7255,,0,0,0,0,0,0,0,-1,7255,,,
356290,2012,liga+nacional+de+guatemala,t7258,,0,0,0,0,0,0,0,-1,7258,,,
356290,2012,liga+nacional+de+guatemala,t7257,,0,0,0,0,0,0,0,-1,7257,,,
356348,2012,liga+nacional+de+guatemala,t7255,,0,0,0,0,0,0,0,-1,7255,,,
356348,2012,liga+nacional+de+guatemala,t7251,,0,0,0,0,0,0,0,-1,7251,,,
356349,2012,liga+nacional+de+guatemala,t13541,,0,0,0,0,0,0,0,-1,13541,,,
356349,2012,liga+nacional+de+guatemala,t7260,,0,0,0,0,0,0,0,-1,7260,,,
356350,2012,liga+nacional+de+guatemala,t7257,,0,0,0,0,0,0,0,-1,7257,,,
356350,2012,liga+nacional+de+guatemala,t7870,,0,0,0,0,0,0,0,-1,7870,,,
356351,2012,liga+nacional+de+guatemala,t7252,,0,0,0,0,0,0,0,-1,7252,,,
356351,2012,liga+nacional+de+guatemala,t7258,,0,0,0,0,0,0,0,-1,7258,,,
356352,2012,liga+nacional+de+guatemala,t8407,,0,0,0,0,0,0,0,-1,8407,,,
356352,2012,liga+nacional+de+guatemala,t13542,,0,0,0,0,0,0,0,-1,13542,,,
356564,2012,liga+nacional+de+guatemala,t7257,,0,0,0,0,0,0,0,-1,7257,,,
356564,2012,liga+nacional+de+guatemala,t7252,,0,0,0,0,0,0,0,-1,7252,,,
356565,2012,liga+nacional+de+guatemala,t13542,,0,0,0,0,0,0,0,-1,13542,,,
356565,2012,liga+nacional+de+guatemala,t7255,,0,0,0,0,0,0,0,-1,7255,,,
356566,2012,liga+nacional+de+guatemala,t7256,,0,0,0,0,0,0,0,-1,7256,,,
356566,2012,liga+nacional+de+guatemala,t7258,,0,0,0,0,0,0,0,-1,7258,,,
356573,2012,liga+nacional+de+guatemala,t7260,,0,0,0,0,0,0,0,-1,7260,,,
356573,2012,liga+nacional+de+guatemala,t7259,,0,0,0,0,0,0,0,-1,7259,,,
356574,2012,liga+nacional+de+guatemala,t7251,,0,0,0,0,0,0,0,-1,7251,,,
356574,2012,liga+nacional+de+guatemala,t13541,,0,0,0,0,0,0,0,-1,13541,,,
356575,2012,liga+nacional+de+guatemala,t7870,,0,0,0,0,0,0,0,-1,7870,,,
356575,2012,liga+nacional+de+guatemala,t8407,,0,0,0,0,0,0,0,-1,8407,,,
356638,2012,liga+nacional+de+guatemala,t7258,,0,0,0,0,0,0,0,-1,7258,,,
356638,2012,liga+nacional+de+guatemala,t7251,,0,0,0,0,0,0,0,-1,7251,,,
356639,2012,liga+nacional+de+guatemala,t7255,,0,0,0,0,0,0,0,-1,7255,,,
356639,2012,liga+nacional+de+guatemala,t8407,,0,0,0,0,0,0,0,-1,8407,,,
356640,2012,liga+nacional+de+guatemala,t13541,,0,0,0,0,0,0,0,-1,13541,,,
356640,2012,liga+nacional+de+guatemala,t7870,,0,0,0,0,0,0,0,-1,7870,,,
356641,2012,liga+nacional+de+guatemala,t7252,,0,0,0,0,0,0,0,-1,7252,,,
356641,2012,liga+nacional+de+guatemala,t7260,,0,0,0,0,0,0,0,-1,7260,,,
356642,2012,liga+nacional+de+guatemala,t7256,,0,0,0,0,0,0,0,-1,7256,,,
356642,2012,liga+nacional+de+guatemala,t7257,,0,0,0,0,0,0,0,-1,7257,,,
356643,2012,liga+nacional+de+guatemala,t7259,,0,0,0,0,0,0,0,-1,7259,,,
356643,2012,liga+nacional+de+guatemala,t13542,,0,0,0,0,0,0,0,-1,13542,,,
356649,2012,liga+nacional+de+guatemala,t7257,,0,0,0,0,0,0,0,-1,7257,,,
356649,2012,liga+nacional+de+guatemala,t7255,,0,0,0,0,0,0,0,-1,7255,,,
356650,2012,liga+nacional+de+guatemala,t13542,,0,0,0,0,0,0,0,-1,13542,,,
356650,2012,liga+nacional+de+guatemala,t7258,,0,0,0,0,0,0,0,-1,7258,,,
356653,2012,liga+nacional+de+guatemala,t7260,,0,0,0,0,0,0,0,-1,7260,,,
356653,2012,liga+nacional+de+guatemala,t7256,,0,0,0,0,0,0,0,-1,7256,,,
356654,2012,liga+nacional+de+guatemala,t7251,,0,0,0,0,0,0,0,-1,7251,,,
356654,2012,liga+nacional+de+guatemala,t7252,,0,0,0,0,0,0,0,-1,7252,,,
356655,2012,liga+nacional+de+guatemala,t8407,,0,0,0,0,0,0,0,-1,8407,,,
356655,2012,liga+nacional+de+guatemala,t13541,,0,0,0,0,0,0,0,-1,13541,,,
356656,2012,liga+nacional+de+guatemala,t7870,,0,0,0,0,0,0,0,-1,7870,,,
356656,2012,liga+nacional+de+guatemala,t7259,,0,0,0,0,0,0,0,-1,7259,,,
356667,2012,liga+nacional+de+guatemala,t7252,,0,0,0,0,0,0,0,-1,7252,,,
356667,2012,liga+nacional+de+guatemala,t13542,,0,0,0,0,0,0,0,-1,13542,,,
356668,2012,liga+nacional+de+guatemala,t13541,,0,0,0,0,0,0,0,-1,13541,,,
356668,2012,liga+nacional+de+guatemala,t7255,,0,0,0,0,0,0,0,-1,7255,,,
356687,2012,liga+nacional+de+guatemala,t7259,,0,0,0,0,0,0,0,-1,7259,,,
356687,2012,liga+nacional+de+guatemala,t7256,,0,0,0,0,0,0,0,-1,7256,,,
356802,2012,liga+nacional+de+guatemala,t7252,,0,0,0,0,0,0,0,-1,7252,,,
356802,2012,liga+nacional+de+guatemala,t7256,,0,0,0,0,0,0,0,-1,7256,,,
356817,2012,liga+nacional+de+guatemala,t7259,,0,0,0,0,0,0,0,-1,7259,,,
356817,2012,liga+nacional+de+guatemala,t7251,,0,0,0,0,0,0,0,-1,7251,,,
356818,2012,liga+nacional+de+guatemala,t7258,,0,0,0,0,0,0,0,-1,7258,,,
356818,2012,liga+nacional+de+guatemala,t7260,,0,0,0,0,0,0,0,-1,7260,,,
356819,2012,liga+nacional+de+guatemala,t8407,,0,0,0,0,0,0,0,-1,8407,,,
356819,2012,liga+nacional+de+guatemala,t7257,,0,0,0,0,0,0,0,-1,7257,,,
356820,2012,liga+nacional+de+guatemala,t7255,,0,0,0,0,0,0,0,-1,7255,,,
356820,2012,liga+nacional+de+guatemala,t7870,,0,0,0,0,0,0,0,-1,7870,,,
356948,2012,liga+nacional+de+guatemala,t7257,,0,0,0,0,0,0,0,-1,7257,,,
356948,2012,liga+nacional+de+guatemala,t7256,,0,0,0,0,0,0,0,-1,7256,,,
356949,2012,liga+nacional+de+guatemala,t13542,,0,0,0,0,0,0,0,-1,13542,,,
356949,2012,liga+nacional+de+guatemala,t7259,,0,0,0,0,0,0,0,-1,7259,,,
356950,2012,liga+nacional+de+guatemala,t7260,,0,0,0,0,0,0,0,-1,7260,,,
356950,2012,liga+nacional+de+guatemala,t7252,,0,0,0,0,0,0,0,-1,7252,,,
356951,2012,liga+nacional+de+guatemala,t8407,,0,0,0,0,0,0,0,-1,8407,,,
356951,2012,liga+nacional+de+guatemala,t7255,,0,0,0,0,0,0,0,-1,7255,,,
356952,2012,liga+nacional+de+guatemala,t7870,,0,0,0,0,0,0,0,-1,7870,,,
356952,2012,liga+nacional+de+guatemala,t13541,,0,0,0,0,0,0,0,-1,13541,,,
356953,2012,liga+nacional+de+guatemala,t7251,,0,0,0,0,0,0,0,-1,7251,,,
356953,2012,liga+nacional+de+guatemala,t7258,,0,0,0,0,0,0,0,-1,7258,,,
357006,2012,liga+nacional+de+guatemala,t7258,,0,0,0,0,0,0,0,-1,7258,,,
357006,2012,liga+nacional+de+guatemala,t13542,,0,0,0,0,0,0,0,-1,13542,,,
357007,2012,liga+nacional+de+guatemala,t7255,,0,0,0,0,0,0,0,-1,7255,,,
357007,2012,liga+nacional+de+guatemala,t7257,,0,0,0,0,0,0,0,-1,7257,,,
357008,2012,liga+nacional+de+guatemala,t13541,,0,0,0,0,0,0,0,-1,13541,,,
357008,2012,liga+nacional+de+guatemala,t8407,,0,0,0,0,0,0,0,-1,8407,,,
357050,2012,liga+nacional+de+guatemala,t7252,,0,0,0,0,0,0,0,-1,7252,,,
357050,2012,liga+nacional+de+guatemala,t7251,,0,0,0,0,0,0,0,-1,7251,,,
357051,2012,liga+nacional+de+guatemala,t7256,,0,0,0,0,0,0,0,-1,7256,,,
357051,2012,liga+nacional+de+guatemala,t7260,,0,0,0,0,0,0,0,-1,7260,,,
357125,2012,liga+nacional+de+guatemala,t13542,,0,0,0,0,0,0,0,-1,13542,,,
357125,2012,liga+nacional+de+guatemala,t7252,,0,0,0,0,0,0,0,-1,7252,,,
357133,2012,liga+nacional+de+guatemala,t7251,,0,0,0,0,0,0,0,-1,7251,,,
357133,2012,liga+nacional+de+guatemala,t7256,,0,0,0,0,0,0,0,-1,7256,,,
357134,2012,liga+nacional+de+guatemala,t8407,,0,0,0,0,0,0,0,-1,8407,,,
357134,2012,liga+nacional+de+guatemala,t7259,,0,0,0,0,0,0,0,-1,7259,,,
357135,2012,liga+nacional+de+guatemala,t7255,,0,0,0,0,0,0,0,-1,7255,,,
357135,2012,liga+nacional+de+guatemala,t13541,,0,0,0,0,0,0,0,-1,13541,,,
357136,2012,liga+nacional+de+guatemala,t7870,,0,0,0,0,0,0,0,-1,7870,,,
357136,2012,liga+nacional+de+guatemala,t7258,,0,0,0,0,0,0,0,-1,7258,,,
357157,2012,liga+nacional+de+guatemala,t7257,,0,0,0,0,0,0,0,-1,7257,,,
357157,2012,liga+nacional+de+guatemala,t7260,,0,0,0,0,0,0,0,-1,7260,,,
357187,2012,liga+nacional+de+guatemala,t7258,,0,0,0,0,0,0,0,-1,7258,,,
357187,2012,liga+nacional+de+guatemala,t8407,,0,0,0,0,0,0,0,-1,8407,,,
357198,2012,liga+nacional+de+guatemala,t7252,,0,0,0,0,0,0,0,-1,7252,,,
357198,2012,liga+nacional+de+guatemala,t7870,,0,0,0,0,0,0,0,-1,7870,,,
357199,2012,liga+nacional+de+guatemala,t7256,,0,0,0,0,0,0,0,-1,7256,,,
357199,2012,liga+nacional+de+guatemala,t13542,,0,0,0,0,0,0,0,-1,13542,,,
357200,2012,liga+nacional+de+guatemala,t7260,,0,0,0,0,0,0,0,-1,7260,,,
357200,2012,liga+nacional+de+guatemala,t7251,,0,0,0,0,0,0,0,-1,7251,,,
357258,2012,liga+nacional+de+guatemala,t13541,,0,0,0,0,0,0,0,-1,13541,,,
357258,2012,liga+nacional+de+guatemala,t7257,,0,0,0,0,0,0,0,-1,7257,,,
357259,2012,liga+nacional+de+guatemala,t7259,,0,0,0,0,0,0,0,-1,7259,,,
357259,2012,liga+nacional+de+guatemala,t7255,,0,0,0,0,0,0,0,-1,7255,,,
357280,2012,liga+nacional+de+guatemala,t7259,,0,0,0,0,0,0,0,-1,7259,,,
357280,2012,liga+nacional+de+guatemala,t7870,,0,0,0,0,0,0,0,-1,7870,,,
357454,2012,liga+nacional+de+guatemala,t7252,,0,0,0,0,0,0,0,-1,7252,,,
357454,2012,liga+nacional+de+guatemala,t7870,,0,0,0,0,0,0,0,-1,7870,,,
357455,2012,liga+nacional+de+guatemala,t7260,,0,0,0,0,0,0,0,-1,7260,,,
357455,2012,liga+nacional+de+guatemala,t7251,,0,0,0,0,0,0,0,-1,7251,,,
357455,2012,liga+nacional+de+guatemala,p180636,null,0,0,0,0,0,0,0,180636,7251,,,
357455,2012,liga+nacional+de+guatemala,p152559,null,0,0,0,0,0,0,0,152559,7260,,,
357524,2012,liga+nacional+de+guatemala,t13541,,0,0,0,0,0,0,0,-1,13541,,,
357524,2012,liga+nacional+de+guatemala,t7259,,0,0,0,0,0,0,0,-1,7259,,,
357525,2012,liga+nacional+de+guatemala,t8407,,0,0,0,0,0,0,0,-1,8407,,,
357525,2012,liga+nacional+de+guatemala,t7252,,0,0,0,0,0,0,0,-1,7252,,,
357526,2012,liga+nacional+de+guatemala,t7255,,0,0,0,0,0,0,0,-1,7255,,,
357526,2012,liga+nacional+de+guatemala,t7258,,0,0,0,0,0,0,0,-1,7258,,,
357527,2012,liga+nacional+de+guatemala,t7870,,0,0,0,0,0,0,0,-1,7870,,,
357527,2012,liga+nacional+de+guatemala,t7256,,0,0,0,0,0,0,0,-1,7256,,,
357570,2012,liga+nacional+de+guatemala,t7257,,0,0,0,0,0,0,0,-1,7257,,,
357570,2012,liga+nacional+de+guatemala,t7251,,0,0,0,0,0,0,0,-1,7251,,,
357582,2012,liga+nacional+de+guatemala,t7259,,0,0,0,0,0,0,0,-1,7259,,,
357582,2012,liga+nacional+de+guatemala,t7255,,0,0,0,0,0,0,0,-1,7255,,,
357583,2012,liga+nacional+de+guatemala,t7252,,0,0,0,0,0,0,0,-1,7252,,,
357583,2012,liga+nacional+de+guatemala,t7870,,0,0,0,0,0,0,0,-1,7870,,,
357614,2012,liga+nacional+de+guatemala,t13542,,0,0,0,0,0,0,0,-1,13542,,,
357614,2012,liga+nacional+de+guatemala,t7260,,0,0,0,0,0,0,0,-1,7260,,,
357615,2012,liga+nacional+de+guatemala,t7259,,0,0,0,0,0,0,0,-1,7259,,,
357615,2012,liga+nacional+de+guatemala,t7255,,0,0,0,0,0,0,0,-1,7255,,,
357684,2012,liga+nacional+de+guatemala,t7252,,0,0,0,0,0,0,0,-1,7252,,,
357684,2012,liga+nacional+de+guatemala,t7255,,0,0,0,0,0,0,0,-1,7255,,,
357685,2012,liga+nacional+de+guatemala,t7260,,0,0,0,0,0,0,0,-1,7260,,,
357685,2012,liga+nacional+de+guatemala,t7870,,0,0,0,0,0,0,0,-1,7870,,,
357686,2012,liga+nacional+de+guatemala,t7258,,0,0,0,0,0,0,0,-1,7258,,,
357686,2012,liga+nacional+de+guatemala,t13541,,0,0,0,0,0,0,0,-1,13541,,,
357687,2012,liga+nacional+de+guatemala,t7256,,0,0,0,0,0,0,0,-1,7256,,,
357687,2012,liga+nacional+de+guatemala,t8407,,0,0,0,0,0,0,0,-1,8407,,,
357688,2012,liga+nacional+de+guatemala,t7251,,0,0,0,0,0,0,0,-1,7251,,,
357688,2012,liga+nacional+de+guatemala,t13542,,0,0,0,0,0,0,0,-1,13542,,,
357689,2012,liga+nacional+de+guatemala,t7259,,0,0,0,0,0,0,0,-1,7259,,,
357689,2012,liga+nacional+de+guatemala,t7257,,0,0,0,0,0,0,0,-1,7257,,,
358221,2012,liga+nacional+de+guatemala,t7870,,0,0,0,0,0,0,0,-1,7870,,,
358221,2012,liga+nacional+de+guatemala,t7257,,0,0,0,0,0,0,0,-1,7257,,,
358222,2012,liga+nacional+de+guatemala,t7255,,0,0,0,0,0,0,0,-1,7255,,,
358222,2012,liga+nacional+de+guatemala,t7258,,0,0,0,0,0,0,0,-1,7258,,,
358223,2012,liga+nacional+de+guatemala,t7257,,0,0,0,0,0,0,0,-1,7257,,,
358223,2012,liga+nacional+de+guatemala,t7870,,0,0,0,0,0,0,0,-1,7870,,,
358224,2012,liga+nacional+de+guatemala,t7258,,0,0,0,0,0,0,0,-1,7258,,,
358224,2012,liga+nacional+de+guatemala,t7255,,0,0,0,0,0,0,0,-1,7255,,,
358395,2012,liga+nacional+de+guatemala,t7258,,0,0,0,0,0,0,0,-1,7258,,,
358395,2012,liga+nacional+de+guatemala,t7257,,0,0,0,0,0,0,0,-1,7257,,,
358397,2012,liga+nacional+de+guatemala,t7257,,0,0,0,0,0,0,0,-1,7257,,,
358397,2012,liga+nacional+de+guatemala,t7258,,0,0,0,0,0,0,0,-1,7258,,,
359045,2012,liga+nacional+de+guatemala,t8407,,0,0,0,0,0,0,0,-1,8407,,,
359045,2012,liga+nacional+de+guatemala,t7258,,0,0,0,0,0,0,0,-1,7258,,,
359046,2012,liga+nacional+de+guatemala,t7255,,0,0,0,0,0,0,0,-1,7255,,,
359046,2012,liga+nacional+de+guatemala,t7252,,0,0,0,0,0,0,0,-1,7252,,,
359048,2012,liga+nacional+de+guatemala,t7251,,0,0,0,0,0,0,0,-1,7251,,,
359048,2012,liga+nacional+de+guatemala,t7259,,0,0,0,0,0,0,0,-1,7259,,,
359752,2012,liga+nacional+de+guatemala,t7870,,0,0,0,0,0,0,0,-1,7870,,,
359752,2012,liga+nacional+de+guatemala,t7255,,0,0,0,0,0,0,0,-1,7255,,,
359753,2012,liga+nacional+de+guatemala,t7252,,0,0,0,0,0,0,0,-1,7252,,,
359753,2012,liga+nacional+de+guatemala,t7251,,0,0,0,0,0,0,0,-1,7251,,,
359754,2012,liga+nacional+de+guatemala,t7260,,0,0,0,0,0,0,0,-1,7260,,,
359754,2012,liga+nacional+de+guatemala,t8407,,0,0,0,0,0,0,0,-1,8407,,,
359755,2012,liga+nacional+de+guatemala,t7258,,0,0,0,0,0,0,0,-1,7258,,,
359755,2012,liga+nacional+de+guatemala,t7257,,0,0,0,0,0,0,0,-1,7257,,,
359756,2012,liga+nacional+de+guatemala,t7256,,0,0,0,0,0,0,0,-1,7256,,,
359756,2012,liga+nacional+de+guatemala,t10500,,0,0,0,0,0,0,0,-1,10500,,,
359757,2012,liga+nacional+de+guatemala,t7259,,0,0,0,0,0,0,0,-1,7259,,,
359757,2012,liga+nacional+de+guatemala,t13542,,0,0,0,0,0,0,0,-1,13542,,,
359778,2012,liga+nacional+de+guatemala,t10500,,0,0,0,0,0,0,0,-1,10500,,,
359778,2012,liga+nacional+de+guatemala,t7870,,0,0,0,0,0,0,0,-1,7870,,,
359779,2012,liga+nacional+de+guatemala,t7257,,0,0,0,0,0,0,0,-1,7257,,,
359779,2012,liga+nacional+de+guatemala,t7256,,0,0,0,0,0,0,0,-1,7256,,,
359780,2012,liga+nacional+de+guatemala,t13542,,0,0,0,0,0,0,0,-1,13542,,,
359780,2012,liga+nacional+de+guatemala,t7260,,0,0,0,0,0,0,0,-1,7260,,,
359956,2012,liga+nacional+de+guatemala,t7257,,0,0,0,0,0,0,0,-1,7257,,,
359956,2012,liga+nacional+de+guatemala,t10500,,0,0,0,0,0,0,0,-1,10500,,,
359957,2012,liga+nacional+de+guatemala,t8407,,0,0,0,0,0,0,0,-1,8407,,,
359957,2012,liga+nacional+de+guatemala,t7259,,0,0,0,0,0,0,0,-1,7259,,,
359958,2012,liga+nacional+de+guatemala,t7255,,0,0,0,0,0,0,0,-1,7255,,,
359958,2012,liga+nacional+de+guatemala,t7256,,0,0,0,0,0,0,0,-1,7256,,,
359959,2012,liga+nacional+de+guatemala,t13542,,0,0,0,0,0,0,0,-1,13542,,,
359959,2012,liga+nacional+de+guatemala,t7252,,0,0,0,0,0,0,0,-1,7252,,,
359960,2012,liga+nacional+de+guatemala,t7260,,0,0,0,0,0,0,0,-1,7260,,,
359960,2012,liga+nacional+de+guatemala,t7258,,0,0,0,0,0,0,0,-1,7258,,,
359961,2012,liga+nacional+de+guatemala,t7251,,0,0,0,0,0,0,0,-1,7251,,,
359961,2012,liga+nacional+de+guatemala,t7870,,0,0,0,0,0,0,0,-1,7870,,,
360568,2012,liga+nacional+de+guatemala,t7257,,0,0,0,0,0,0,0,-1,7257,,,
360568,2012,liga+nacional+de+guatemala,t7255,,0,0,0,0,0,0,0,-1,7255,,,
360570,2012,liga+nacional+de+guatemala,t7252,,0,0,0,0,0,0,0,-1,7252,,,
360570,2012,liga+nacional+de+guatemala,t8407,,0,0,0,0,0,0,0,-1,8407,,,
360571,2012,liga+nacional+de+guatemala,t7256,,0,0,0,0,0,0,0,-1,7256,,,
360571,2012,liga+nacional+de+guatemala,t7251,,0,0,0,0,0,0,0,-1,7251,,,
360572,2012,liga+nacional+de+guatemala,t10500,,0,0,0,0,0,0,0,-1,10500,,,
360572,2012,liga+nacional+de+guatemala,t7258,,0,0,0,0,0,0,0,-1,7258,,,
360573,2012,liga+nacional+de+guatemala,t7259,,0,0,0,0,0,0,0,-1,7259,,,
360573,2012,liga+nacional+de+guatemala,t7260,,0,0,0,0,0,0,0,-1,7260,,,
360944,2012,liga+nacional+de+guatemala,t7870,,0,0,0,0,0,0,0,-1,7870,,,
360944,2012,liga+nacional+de+guatemala,t13542,,0,0,0,0,0,0,0,-1,13542,,,
360945,2012,liga+nacional+de+guatemala,t8407,,0,0,0,0,0,0,0,-1,8407,,,
360945,2012,liga+nacional+de+guatemala,t7870,,0,0,0,0,0,0,0,-1,7870,,,
360946,2012,liga+nacional+de+guatemala,t7255,,0,0,0,0,0,0,0,-1,7255,,,
360946,2012,liga+nacional+de+guatemala,t10500,,0,0,0,0,0,0,0,-1,10500,,,
360947,2012,liga+nacional+de+guatemala,t13542,,0,0,0,0,0,0,0,-1,13542,,,
360947,2012,liga+nacional+de+guatemala,t7256,,0,0,0,0,0,0,0,-1,7256,,,
360948,2012,liga+nacional+de+guatemala,t7260,,0,0,0,0,0,0,0,-1,7260,,,
360948,2012,liga+nacional+de+guatemala,t7252,,0,0,0,0,0,0,0,-1,7252,,,
360949,2012,liga+nacional+de+guatemala,t7258,,0,0,0,0,0,0,0,-1,7258,,,
360949,2012,liga+nacional+de+guatemala,t7259,,0,0,0,0,0,0,0,-1,7259,,,
360950,2012,liga+nacional+de+guatemala,t7251,,0,0,0,0,0,0,0,-1,7251,,,
360950,2012,liga+nacional+de+guatemala,t7257,,0,0,0,0,0,0,0,-1,7257,,,
361460,2012,liga+nacional+de+guatemala,t7258,,0,0,0,0,0,0,0,-1,7258,,,
361460,2012,liga+nacional+de+guatemala,t7257,,0,0,0,0,0,0,0,-1,7257,,,
361571,2012,liga+nacional+de+guatemala,t7257,,0,0,0,0,0,0,0,-1,7257,,,
361571,2012,liga+nacional+de+guatemala,t13542,,0,0,0,0,0,0,0,-1,13542,,,
361572,2012,liga+nacional+de+guatemala,t7255,,0,0,0,0,0,0,0,-1,7255,,,
361572,2012,liga+nacional+de+guatemala,t7258,,0,0,0,0,0,0,0,-1,7258,,,
361574,2012,liga+nacional+de+guatemala,t7252,,0,0,0,0,0,0,0,-1,7252,,,
361574,2012,liga+nacional+de+guatemala,t7259,,0,0,0,0,0,0,0,-1,7259,,,
361575,2012,liga+nacional+de+guatemala,t7256,,0,0,0,0,0,0,0,-1,7256,,,
361575,2012,liga+nacional+de+guatemala,t8407,,0,0,0,0,0,0,0,-1,8407,,,
362061,2012,liga+nacional+de+guatemala,t8407,,0,0,0,0,0,0,0,-1,8407,,,
362061,2012,liga+nacional+de+guatemala,t7257,,0,0,0,0,0,0,0,-1,7257,,,
362063,2012,liga+nacional+de+guatemala,t7260,,0,0,0,0,0,0,0,-1,7260,,,
362063,2012,liga+nacional+de+guatemala,t7256,,0,0,0,0,0,0,0,-1,7256,,,
362064,2012,liga+nacional+de+guatemala,t7258,,0,0,0,0,0,0,0,-1,7258,,,
362064,2012,liga+nacional+de+guatemala,t7252,,0,0,0,0,0,0,0,-1,7252,,,
362065,2012,liga+nacional+de+guatemala,t7251,,0,0,0,0,0,0,0,-1,7251,,,
362065,2012,liga+nacional+de+guatemala,t7255,,0,0,0,0,0,0,0,-1,7255,,,
362066,2012,liga+nacional+de+guatemala,t7259,,0,0,0,0,0,0,0,-1,7259,,,
362066,2012,liga+nacional+de+guatemala,t7870,,0,0,0,0,0,0,0,-1,7870,,,
362153,2012,liga+nacional+de+guatemala,t7257,,0,0,0,0,0,0,0,-1,7257,,,
362153,2012,liga+nacional+de+guatemala,t7260,,0,0,0,0,0,0,0,-1,7260,,,
362154,2012,liga+nacional+de+guatemala,t7255,,0,0,0,0,0,0,0,-1,7255,,,
362154,2012,liga+nacional+de+guatemala,t13542,,0,0,0,0,0,0,0,-1,13542,,,
362156,2012,liga+nacional+de+guatemala,t7256,,0,0,0,0,0,0,0,-1,7256,,,
362156,2012,liga+nacional+de+guatemala,t7259,,0,0,0,0,0,0,0,-1,7259,,,
362157,2012,liga+nacional+de+guatemala,t7251,,0,0,0,0,0,0,0,-1,7251,,,
362157,2012,liga+nacional+de+guatemala,t7258,,0,0,0,0,0,0,0,-1,7258,,,
362185,2012,liga+nacional+de+guatemala,t7870,,0,0,0,0,0,0,0,-1,7870,,,
362185,2012,liga+nacional+de+guatemala,t7260,,0,0,0,0,0,0,0,-1,7260,,,
362186,2012,liga+nacional+de+guatemala,t10500,,0,0,0,0,0,0,0,-1,10500,,,
362186,2012,liga+nacional+de+guatemala,t7251,,0,0,0,0,0,0,0,-1,7251,,,
363259,2012,liga+nacional+de+guatemala,t8407,,0,0,0,0,0,0,0,-1,8407,,,
363259,2012,liga+nacional+de+guatemala,t7255,,0,0,0,0,0,0,0,-1,7255,,,
363260,2012,liga+nacional+de+guatemala,t13542,,0,0,0,0,0,0,0,-1,13542,,,
363260,2012,liga+nacional+de+guatemala,t7251,,0,0,0,0,0,0,0,-1,7251,,,
363261,2012,liga+nacional+de+guatemala,t7252,,0,0,0,0,0,0,0,-1,7252,,,
363261,2012,liga+nacional+de+guatemala,t7256,,0,0,0,0,0,0,0,-1,7256,,,
363262,2012,liga+nacional+de+guatemala,t7260,,0,0,0,0,0,0,0,-1,7260,,,
363262,2012,liga+nacional+de+guatemala,t10500,,0,0,0,0,0,0,0,-1,10500,,,
363263,2012,liga+nacional+de+guatemala,t7258,,0,0,0,0,0,0,0,-1,7258,,,
363263,2012,liga+nacional+de+guatemala,t7870,,0,0,0,0,0,0,0,-1,7870,,,
363264,2012,liga+nacional+de+guatemala,t7259,,0,0,0,0,0,0,0,-1,7259,,,
363264,2012,liga+nacional+de+guatemala,t7257,,0,0,0,0,0,0,0,-1,7257,,,
363324,2012,liga+nacional+de+guatemala,t7870,,0,0,0,0,0,0,0,-1,7870,,,
363324,2012,liga+nacional+de+guatemala,t7252,,0,0,0,0,0,0,0,-1,7252,,,
363324,2012,liga+nacional+de+guatemala,p184721,null,0,0,0,0,0,0,0,184721,7870,,,
363325,2012,liga+nacional+de+guatemala,t10500,,0,0,0,0,0,0,0,-1,10500,,,
363325,2012,liga+nacional+de+guatemala,t8407,,0,0,0,0,0,0,0,-1,8407,,,
363435,2012,liga+nacional+de+guatemala,t7257,,0,0,0,0,0,0,0,-1,7257,,,
363435,2012,liga+nacional+de+guatemala,t7252,,0,0,0,0,0,0,0,-1,7252,,,
363436,2012,liga+nacional+de+guatemala,t7255,,0,0,0,0,0,0,0,-1,7255,,,
363436,2012,liga+nacional+de+guatemala,t7260,,0,0,0,0,0,0,0,-1,7260,,,
363437,2012,liga+nacional+de+guatemala,t13542,,0,0,0,0,0,0,0,-1,13542,,,
363437,2012,liga+nacional+de+guatemala,t7258,,0,0,0,0,0,0,0,-1,7258,,,
363438,2012,liga+nacional+de+guatemala,t7256,,0,0,0,0,0,0,0,-1,7256,,,
363438,2012,liga+nacional+de+guatemala,t7870,,0,0,0,0,0,0,0,-1,7870,,,
363439,2012,liga+nacional+de+guatemala,t7251,,0,0,0,0,0,0,0,-1,7251,,,
363439,2012,liga+nacional+de+guatemala,t8407,,0,0,0,0,0,0,0,-1,8407,,,
363440,2012,liga+nacional+de+guatemala,t10500,,0,0,0,0,0,0,0,-1,10500,,,
363440,2012,liga+nacional+de+guatemala,t7259,,0,0,0,0,0,0,0,-1,7259,,,
363467,2012,liga+nacional+de+guatemala,t8407,,0,0,0,0,0,0,0,-1,8407,,,
363467,2012,liga+nacional+de+guatemala,t13542,,0,0,0,0,0,0,0,-1,13542,,,
363468,2012,liga+nacional+de+guatemala,t7870,,0,0,0,0,0,0,0,-1,7870,,,
363468,2012,liga+nacional+de+guatemala,t7257,,0,0,0,0,0,0,0,-1,7257,,,
363469,2012,liga+nacional+de+guatemala,t7252,,0,0,0,0,0,0,0,-1,7252,,,
363469,2012,liga+nacional+de+guatemala,t10500,,0,0,0,0,0,0,0,-1,10500,,,
363470,2012,liga+nacional+de+guatemala,t7260,,0,0,0,0,0,0,0,-1,7260,,,
363470,2012,liga+nacional+de+guatemala,t7251,,0,0,0,0,0,0,0,-1,7251,,,
363471,2012,liga+nacional+de+guatemala,t7258,,0,0,0,0,0,0,0,-1,7258,,,
363471,2012,liga+nacional+de+guatemala,t7256,,0,0,0,0,0,0,0,-1,7256,,,
363472,2012,liga+nacional+de+guatemala,t7259,,0,0,0,0,0,0,0,-1,7259,,,
363472,2012,liga+nacional+de+guatemala,t7255,,0,0,0,0,0,0,0,-1,7255,,,
363536,2012,liga+nacional+de+guatemala,t7870,,0,0,0,0,0,0,0,-1,7870,,,
363536,2012,liga+nacional+de+guatemala,t10500,,0,0,0,0,0,0,0,-1,10500,,,
363538,2012,liga+nacional+de+guatemala,t7260,,0,0,0,0,0,0,0,-1,7260,,,
363538,2012,liga+nacional+de+guatemala,t13542,,0,0,0,0,0,0,0,-1,13542,,,
363539,2012,liga+nacional+de+guatemala,t7258,,0,0,0,0,0,0,0,-1,7258,,,
363539,2012,liga+nacional+de+guatemala,t8407,,0,0,0,0,0,0,0,-1,8407,,,
363572,2012,liga+nacional+de+guatemala,t7252,,0,0,0,0,0,0,0,-1,7252,,,
363572,2012,liga+nacional+de+guatemala,t7255,,0,0,0,0,0,0,0,-1,7255,,,
363573,2012,liga+nacional+de+guatemala,t7256,,0,0,0,0,0,0,0,-1,7256,,,
363573,2012,liga+nacional+de+guatemala,t7257,,0,0,0,0,0,0,0,-1,7257,,,
363574,2012,liga+nacional+de+guatemala,t7259,,0,0,0,0,0,0,0,-1,7259,,,
363574,2012,liga+nacional+de+guatemala,t7251,,0,0,0,0,0,0,0,-1,7251,,,
364032,2012,liga+nacional+de+guatemala,t10500,,0,0,0,0,0,0,0,-1,10500,,,
364032,2012,liga+nacional+de+guatemala,t7256,,0,0,0,0,0,0,0,-1,7256,,,
364049,2012,liga+nacional+de+guatemala,t7251,,0,0,0,0,0,0,0,-1,7251,,,
364049,2012,liga+nacional+de+guatemala,t7252,,0,0,0,0,0,0,0,-1,7252,,,
364050,2012,liga+nacional+de+guatemala,t7255,,0,0,0,0,0,0,0,-1,7255,,,
364050,2012,liga+nacional+de+guatemala,t7870,,0,0,0,0,0,0,0,-1,7870,,,
364051,2012,liga+nacional+de+guatemala,t13542,,0,0,0,0,0,0,0,-1,13542,,,
364051,2012,liga+nacional+de+guatemala,t7259,,0,0,0,0,0,0,0,-1,7259,,,
364052,2012,liga+nacional+de+guatemala,t8407,,0,0,0,0,0,0,0,-1,8407,,,
364052,2012,liga+nacional+de+guatemala,t7260,,0,0,0,0,0,0,0,-1,7260,,,
364066,2012,liga+nacional+de+guatemala,t7257,,0,0,0,0,0,0,0,-1,7257,,,
364066,2012,liga+nacional+de+guatemala,t7258,,0,0,0,0,0,0,0,-1,7258,,,
364211,2012,liga+nacional+de+guatemala,t7252,,0,0,0,0,0,0,0,-1,7252,,,
364211,2012,liga+nacional+de+guatemala,t13542,,0,0,0,0,0,0,0,-1,13542,,,
364212,2012,liga+nacional+de+guatemala,t7258,,0,0,0,0,0,0,0,-1,7258,,,
364212,2012,liga+nacional+de+guatemala,t7260,,0,0,0,0,0,0,0,-1,7260,,,
364213,2012,liga+nacional+de+guatemala,t7256,,0,0,0,0,0,0,0,-1,7256,,,
364213,2012,liga+nacional+de+guatemala,t7255,,0,0,0,0,0,0,0,-1,7255,,,
364214,2012,liga+nacional+de+guatemala,t10500,,0,0,0,0,0,0,0,-1,10500,,,
364214,2012,liga+nacional+de+guatemala,t7257,,0,0,0,0,0,0,0,-1,7257,,,
364215,2012,liga+nacional+de+guatemala,t7259,,0,0,0,0,0,0,0,-1,7259,,,
364215,2012,liga+nacional+de+guatemala,t8407,,0,0,0,0,0,0,0,-1,8407,,,
364390,2012,liga+nacional+de+guatemala,t8407,,0,0,0,0,0,0,0,-1,8407,,,
364390,2012,liga+nacional+de+guatemala,t7252,,0,0,0,0,0,0,0,-1,7252,,,
364391,2012,liga+nacional+de+guatemala,t7255,,0,0,0,0,0,0,0,-1,7255,,,
364391,2012,liga+nacional+de+guatemala,t7257,,0,0,0,0,0,0,0,-1,7257,,,
364392,2012,liga+nacional+de+guatemala,t13542,,0,0,0,0,0,0,0,-1,13542,,,
364392,2012,liga+nacional+de+guatemala,t7870,,0,0,0,0,0,0,0,-1,7870,,,
364393,2012,liga+nacional+de+guatemala,t7260,,0,0,0,0,0,0,0,-1,7260,,,
364393,2012,liga+nacional+de+guatemala,t7259,,0,0,0,0,0,0,0,-1,7259,,,
364394,2012,liga+nacional+de+guatemala,t7258,,0,0,0,0,0,0,0,-1,7258,,,
364394,2012,liga+nacional+de+guatemala,t10500,,0,0,0,0,0,0,0,-1,10500,,,
364395,2012,liga+nacional+de+guatemala,t7251,,0,0,0,0,0,0,0,-1,7251,,,
364395,2012,liga+nacional+de+guatemala,t7256,,0,0,0,0,0,0,0,-1,7256,,,
364556,2012,liga+nacional+de+guatemala,t7257,,0,0,0,0,0,0,0,-1,7257,,,
364556,2012,liga+nacional+de+guatemala,t7251,,0,0,0,0,0,0,0,-1,7251,,,
364557,2012,liga+nacional+de+guatemala,t7870,,0,0,0,0,0,0,0,-1,7870,,,
364557,2012,liga+nacional+de+guatemala,t8407,,0,0,0,0,0,0,0,-1,8407,,,
364558,2012,liga+nacional+de+guatemala,t7252,,0,0,0,0,0,0,0,-1,7252,,,
364558,2012,liga+nacional+de+guatemala,t7260,,0,0,0,0,0,0,0,-1,7260,,,
364559,2012,liga+nacional+de+guatemala,t7256,,0,0,0,0,0,0,0,-1,7256,,,
364559,2012,liga+nacional+de+guatemala,t13542,,0,0,0,0,0,0,0,-1,13542,,,
364560,2012,liga+nacional+de+guatemala,t10500,,0,0,0,0,0,0,0,-1,10500,,,
364560,2012,liga+nacional+de+guatemala,t7255,,0,0,0,0,0,0,0,-1,7255,,,
364561,2012,liga+nacional+de+guatemala,t7259,,0,0,0,0,0,0,0,-1,7259,,,
364561,2012,liga+nacional+de+guatemala,t7258,,0,0,0,0,0,0,0,-1,7258,,,
364629,2012,liga+nacional+de+guatemala,t7870,,0,0,0,0,0,0,0,-1,7870,,,
364629,2012,liga+nacional+de+guatemala,t7251,,0,0,0,0,0,0,0,-1,7251,,,
364708,2012,liga+nacional+de+guatemala,t8407,,0,0,0,0,0,0,0,-1,8407,,,
364708,2012,liga+nacional+de+guatemala,t7256,,0,0,0,0,0,0,0,-1,7256,,,
364709,2012,liga+nacional+de+guatemala,t13542,,0,0,0,0,0,0,0,-1,13542,,,
364709,2012,liga+nacional+de+guatemala,t7257,,0,0,0,0,0,0,0,-1,7257,,,
364710,2012,liga+nacional+de+guatemala,t7260,,0,0,0,0,0,0,0,-1,7260,,,
364710,2012,liga+nacional+de+guatemala,t7870,,0,0,0,0,0,0,0,-1,7870,,,
364711,2012,liga+nacional+de+guatemala,t7258,,0,0,0,0,0,0,0,-1,7258,,,
364711,2012,liga+nacional+de+guatemala,t7255,,0,0,0,0,0,0,0,-1,7255,,,
364712,2012,liga+nacional+de+guatemala,t7251,,0,0,0,0,0,0,0,-1,7251,,,
364712,2012,liga+nacional+de+guatemala,t10500,,0,0,0,0,0,0,0,-1,10500,,,
364713,2012,liga+nacional+de+guatemala,t7259,,0,0,0,0,0,0,0,-1,7259,,,
364713,2012,liga+nacional+de+guatemala,t7252,,0,0,0,0,0,0,0,-1,7252,,,
364874,2012,liga+nacional+de+guatemala,t7257,,0,0,0,0,0,0,0,-1,7257,,,
364874,2012,liga+nacional+de+guatemala,t8407,,0,0,0,0,0,0,0,-1,8407,,,
364875,2012,liga+nacional+de+guatemala,t7255,,0,0,0,0,0,0,0,-1,7255,,,
364875,2012,liga+nacional+de+guatemala,t7251,,0,0,0,0,0,0,0,-1,7251,,,
364878,2012,liga+nacional+de+guatemala,t7256,,0,0,0,0,0,0,0,-1,7256,,,
364878,2012,liga+nacional+de+guatemala,t7260,,0,0,0,0,0,0,0,-1,7260,,,
365072,2012,liga+nacional+de+guatemala,t7252,,0,0,0,0,0,0,0,-1,7252,,,
365072,2012,liga+nacional+de+guatemala,t7258,,0,0,0,0,0,0,0,-1,7258,,,
365073,2012,liga+nacional+de+guatemala,t7870,,0,0,0,0,0,0,0,-1,7870,,,
365073,2012,liga+nacional+de+guatemala,t7259,,0,0,0,0,0,0,0,-1,7259,,,
365104,2012,liga+nacional+de+guatemala,t8407,,0,0,0,0,0,0,0,-1,8407,,,
365104,2012,liga+nacional+de+guatemala,t10500,,0,0,0,0,0,0,0,-1,10500,,,
365105,2012,liga+nacional+de+guatemala,t13542,,0,0,0,0,0,0,0,-1,13542,,,
365105,2012,liga+nacional+de+guatemala,t7255,,0,0,0,0,0,0,0,-1,7255,,,
365106,2012,liga+nacional+de+guatemala,t7252,,0,0,0,0,0,0,0,-1,7252,,,
365106,2012,liga+nacional+de+guatemala,t7870,,0,0,0,0,0,0,0,-1,7870,,,
365107,2012,liga+nacional+de+guatemala,t7260,,0,0,0,0,0,0,0,-1,7260,,,
365107,2012,liga+nacional+de+guatemala,t7257,,0,0,0,0,0,0,0,-1,7257,,,
365108,2012,liga+nacional+de+guatemala,t7258,,0,0,0,0,0,0,0,-1,7258,,,
365108,2012,liga+nacional+de+guatemala,t7251,,0,0,0,0,0,0,0,-1,7251,,,
365109,2012,liga+nacional+de+guatemala,t7259,,0,0,0,0,0,0,0,-1,7259,,,
365109,2012,liga+nacional+de+guatemala,t7256,,0,0,0,0,0,0,0,-1,7256,,,
365310,2012,liga+nacional+de+guatemala,t7257,,0,0,0,0,0,0,0,-1,7257,,,
365310,2012,liga+nacional+de+guatemala,t7259,,0,0,0,0,0,0,0,-1,7259,,,
365311,2012,liga+nacional+de+guatemala,t7255,,0,0,0,0,0,0,0,-1,7255,,,
365311,2012,liga+nacional+de+guatemala,t8407,,0,0,0,0,0,0,0,-1,8407,,,
365312,2012,liga+nacional+de+guatemala,t7870,,0,0,0,0,0,0,0,-1,7870,,,
365312,2012,liga+nacional+de+guatemala,t7258,,0,0,0,0,0,0,0,-1,7258,,,
365313,2012,liga+nacional+de+guatemala,t7256,,0,0,0,0,0,0,0,-1,7256,,,
365313,2012,liga+nacional+de+guatemala,t7252,,0,0,0,0,0,0,0,-1,7252,,,
365314,2012,liga+nacional+de+guatemala,t7251,,0,0,0,0,0,0,0,-1,7251,,,
365314,2012,liga+nacional+de+guatemala,t13542,,0,0,0,0,0,0,0,-1,13542,,,
365315,2012,liga+nacional+de+guatemala,t10500,,0,0,0,0,0,0,0,-1,10500,,,
365315,2012,liga+nacional+de+guatemala,t7260,,0,0,0,0,0,0,0,-1,7260,,,
366170,2012,liga+nacional+de+guatemala,t8407,,0,0,0,0,0,0,0,-1,8407,,,
366170,2012,liga+nacional+de+guatemala,t7251,,0,0,0,0,0,0,0,-1,7251,,,
366173,2012,liga+nacional+de+guatemala,t7260,,0,0,0,0,0,0,0,-1,7260,,,
366173,2012,liga+nacional+de+guatemala,t7255,,0,0,0,0,0,0,0,-1,7255,,,
366174,2012,liga+nacional+de+guatemala,t7258,,0,0,0,0,0,0,0,-1,7258,,,
366174,2012,liga+nacional+de+guatemala,t13542,,0,0,0,0,0,0,0,-1,13542,,,
366247,2012,liga+nacional+de+guatemala,t7252,,0,0,0,0,0,0,0,-1,7252,,,
366247,2012,liga+nacional+de+guatemala,t7257,,0,0,0,0,0,0,0,-1,7257,,,
366248,2012,liga+nacional+de+guatemala,t7870,,0,0,0,0,0,0,0,-1,7870,,,
366248,2012,liga+nacional+de+guatemala,t7256,,0,0,0,0,0,0,0,-1,7256,,,
366249,2012,liga+nacional+de+guatemala,t7259,,0,0,0,0,0,0,0,-1,7259,,,
366249,2012,liga+nacional+de+guatemala,t10500,,0,0,0,0,0,0,0,-1,10500,,,
366420,2012,liga+nacional+de+guatemala,t7257,,0,0,0,0,0,0,0,-1,7257,,,
366420,2012,liga+nacional+de+guatemala,t7870,,0,0,0,0,0,0,0,-1,7870,,,
366421,2012,liga+nacional+de+guatemala,t7255,,0,0,0,0,0,0,0,-1,7255,,,
366421,2012,liga+nacional+de+guatemala,t7259,,0,0,0,0,0,0,0,-1,7259,,,
366422,2012,liga+nacional+de+guatemala,t13542,,0,0,0,0,0,0,0,-1,13542,,,
366422,2012,liga+nacional+de+guatemala,t8407,,0,0,0,0,0,0,0,-1,8407,,,
366423,2012,liga+nacional+de+guatemala,t7256,,0,0,0,0,0,0,0,-1,7256,,,
366423,2012,liga+nacional+de+guatemala,t7258,,0,0,0,0,0,0,0,-1,7258,,,
366424,2012,liga+nacional+de+guatemala,t7251,,0,0,0,0,0,0,0,-1,7251,,,
366424,2012,liga+nacional+de+guatemala,t7260,,0,0,0,0,0,0,0,-1,7260,,,
366425,2012,liga+nacional+de+guatemala,t10500,,0,0,0,0,0,0,0,-1,10500,,,
366425,2012,liga+nacional+de+guatemala,t7252,,0,0,0,0,0,0,0,-1,7252,,,
366616,2012,liga+nacional+de+guatemala,t7252,,0,0,0,0,0,0,0,-1,7252,,,
366616,2012,liga+nacional+de+guatemala,t7257,,0,0,0,0,0,0,0,-1,7257,,,
366617,2012,liga+nacional+de+guatemala,t8407,,0,0,0,0,0,0,0,-1,8407,,,
366617,2012,liga+nacional+de+guatemala,t7255,,0,0,0,0,0,0,0,-1,7255,,,
366618,2012,liga+nacional+de+guatemala,t7255,,0,0,0,0,0,0,0,-1,7255,,,
366618,2012,liga+nacional+de+guatemala,t8407,,0,0,0,0,0,0,0,-1,8407,,,
366619,2012,liga+nacional+de+guatemala,t7257,,0,0,0,0,0,0,0,-1,7257,,,
366619,2012,liga+nacional+de+guatemala,t7252,,0,0,0,0,0,0,0,-1,7252,,,
369583,2012,liga+nacional+de+guatemala,t7255,,0,0,0,0,0,0,0,-1,7255,,,
369583,2012,liga+nacional+de+guatemala,t7257,,0,0,0,0,0,0,0,-1,7257,,,
369584,2012,liga+nacional+de+guatemala,t7257,,0,0,0,0,0,0,0,-1,7257,,,
369584,2012,liga+nacional+de+guatemala,t7255,,0,0,0,0,0,0,0,-1,7255,,,
