479685,2017,scottish+league+two,28158002,0,223401,23,0.0,1.0,,,,Steven Ross Docherty,<b>Steven Ross Docherty</b><br>Goal,Goal
479685,2017,scottish+league+two,28158041,0,206454,12,0.0,1.0,,,,Craig McGuffie,<b>Craig McGuffie</b><br>Goal,Goal
479685,2017,scottish+league+two,28158213,0,111147,7,0.0,1.0,,,,Michael Moffat,<b>Michael Moffat</b><br>Goal,Goal
479685,2017,scottish+league+two,28158376,0,197371,9,0.0,1.0,,,,Craig Moore,<b>Craig Moore</b><br>Goal,Goal
479685,2017,scottish+league+two,28158700,0,223414,6,0.0,1.0,,,,Andrew Geggan,<b>Andrew Geggan</b><br>Goal,Goal
479685,2017,scottish+league+two,28158822,0,157994,11,0.0,1.0,,,,Declan McDaid,<b>Declan McDaid</b><br>Goal,Goal
479685,2017,scottish+league+two,28158855,0,180080,8,1.0,0.0,,,,Ryan Sinnamon,<b>Ryan Sinnamon</b><br>Goal,Goal
479686,2017,scottish+league+two,28158844,0,141844,11,1.0,0.0,,,,Elliott Frear,<b>Elliott Frear</b><br>Goal,Goal
479687,2017,scottish+league+two,28158080,0,173303,10,1.0,0.0,,,,Lewis Vaughan,<b>Lewis Vaughan</b><br>Goal,Goal
479687,2017,scottish+league+two,28158233,0,22132,9,1.0,0.0,,,,Liam Buchanan,<b>Liam Buchanan</b><br>Goal,Goal
479690,2017,scottish+league+two,28158151,0,104102,11,1.0,0.0,,,,Robert McHugh,<b>Robert McHugh</b><br>Goal,Goal
479690,2017,scottish+league+two,28158585,0,213306,9,1.0,0.0,,,,Jai Quitongo,<b>Jai Quitongo</b><br>Goal,Goal
479690,2017,scottish+league+two,28158759,0,94004,10,1.0,0.0,,,,Robert Thomson,<b>Robert Thomson</b><br>Goal,Goal
479690,2017,scottish+league+two,28158804,0,94004,10,1.0,0.0,,,,Robert Thomson,<b>Robert Thomson</b><br>Goal,Goal
479690,2017,scottish+league+two,28158870,0,104102,11,1.0,0.0,,,,Robert McHugh,<b>Robert McHugh</b><br>Goal,Goal
479694,2017,scottish+league+two,28158059,0,73033,10,0.0,1.0,,,,Paul Cairney,<b>Paul Cairney</b><br>Goal,Goal
479694,2017,scottish+league+two,28158277,0,21859,5,0.0,1.0,,,,David McCracken,<b>David McCracken</b><br>Goal,Goal
479694,2017,scottish+league+two,28158571,0,21994,7,0.0,1.0,,,,James Stevenson,<b>James Stevenson</b><br>Goal,Goal
479696,2017,scottish+league+two,28158154,0,153839,11,1.0,0.0,,,,Alistair Crawford,<b>Alistair Crawford</b><br>Goal,Goal
479696,2017,scottish+league+two,28158589,0,72423,16,1.0,0.0,,,,David Templeton,<b>David Templeton</b><br>Goal,Goal
479696,2017,scottish+league+two,28158763,0,191316,30,1.0,0.0,,,,Boyd Stevens,<b>Boyd Stevens</b><br>Goal,Goal
479698,2017,scottish+league+two,28147962,0,235494,9,0.0,1.0,,,,Sofien Moussa,<b>Sofien Moussa</b><br>Goal,Goal
479698,2017,scottish+league+two,28148015,0,235494,9,0.0,1.0,,,,Sofien Moussa,<b>Sofien Moussa</b><br>Goal,Goal
479698,2017,scottish+league+two,28148341,0,235494,9,0.0,1.0,,,,Sofien Moussa,<b>Sofien Moussa</b><br>Goal,Goal
479699,2017,scottish+league+two,28145617,0,4903,2,1.0,0.0,,,,Jason Brown,<b>Jason Brown</b><br>Goal,Goal
479699,2017,scottish+league+two,28145675,0,67426,9,0.0,1.0,,,,Kyle Lafferty,<b>Kyle Lafferty</b><br>Goal,Goal
479699,2017,scottish+league+two,28146152,0,57727,9,1.0,0.0,,,,Rory McAllister,<b>Rory McAllister</b><br>Penalty - Scored,Penalty - Scored
479701,2017,scottish+league+two,28145618,0,192642,11,1.0,0.0,,,,Kerr Hay,<b>Kerr Hay</b><br>Goal,Goal
479701,2017,scottish+league+two,28145804,0,223409,8,1.0,0.0,,,,Paul Watson,<b>Paul Watson</b><br>Goal,Goal
479701,2017,scottish+league+two,28146049,0,66994,8,0.0,1.0,,,,Iain Flannigan,<b>Iain Flannigan</b><br>Goal,Goal
479704,2017,scottish+league+two,28145710,0,4336,9,1.0,0.0,,,,Peter MacDonald,<b>Peter MacDonald</b><br>Penalty - Scored,Penalty - Scored
479704,2017,scottish+league+two,28146106,0,151137,8,1.0,0.0,,,,Liam Caddis,<b>Liam Caddis</b><br>Penalty - Scored,Penalty - Scored
479705,2017,scottish+league+two,28145585,0,112478,10,0.0,1.0,,,,David Goodwillie,<b>David Goodwillie</b><br>Goal,Goal
479705,2017,scottish+league+two,28145614,0,163038,8,1.0,0.0,,,,Robbie Crawford,<b>Robbie Crawford</b><br>Goal,Goal
479705,2017,scottish+league+two,28145660,0,197371,9,1.0,0.0,,,,Craig Moore,<b>Craig Moore</b><br>Goal,Goal
479705,2017,scottish+league+two,28145811,0,111147,7,1.0,0.0,,,,Michael Moffat,<b>Michael Moffat</b><br>Goal,Goal
479705,2017,scottish+league+two,28145886,0,197371,9,1.0,0.0,,,,Craig Moore,<b>Craig Moore</b><br>Goal,Goal
479705,2017,scottish+league+two,28145974,0,157994,11,1.0,0.0,,,,Declan McDaid,<b>Declan McDaid</b><br>Goal,Goal
479706,2017,scottish+league+two,28145792,0,162847,10,0.0,1.0,,,,Thomas Reilly,<b>Thomas Reilly</b><br>Goal,Goal
479706,2017,scottish+league+two,28145840,0,168133,9,1.0,0.0,,,,Christopher Duggan,<b>Christopher Duggan</b><br>Goal,Goal
479706,2017,scottish+league+two,28145904,0,84039,3,1.0,0.0,,,,Mark Docherty,<b>Mark Docherty</b><br>Penalty - Scored,Penalty - Scored
479706,2017,scottish+league+two,28146002,0,162847,10,0.0,1.0,,,,Thomas Reilly,<b>Thomas Reilly</b><br>Goal,Goal
479706,2017,scottish+league+two,28146032,0,163107,77,1.0,0.0,,,,Paul Willis,<b>Paul Willis</b><br>Goal,Goal
479710,2017,scottish+league+two,28145919,0,85295,11,1.0,0.0,,,,Ashley Grimes,<b>Ashley Grimes</b><br>Goal,Goal
479710,2017,scottish+league+two,28145970,0,191442,7,0.0,1.0,,,,Christopher Cadden,<b>Christopher Cadden</b><br>Goal,Goal
479710,2017,scottish+league+two,28146091,0,141844,11,0.0,1.0,,,,Elliott Frear,<b>Elliott Frear</b><br>Goal,Goal
479712,2017,scottish+league+two,28145508,0,173053,9,1.0,0.0,,,,Greg Rutherford,<b>Greg Rutherford</b><br>Goal,Goal
479712,2017,scottish+league+two,28145570,0,179656,2,0.0,1.0,,,,Ross Millen,<b>Ross Millen</b><br>Penalty - Scored,Penalty - Scored
479712,2017,scottish+league+two,28145683,0,162839,10,0.0,1.0,,,,Anthony Brady,<b>Anthony Brady</b><br>Goal,Goal
479712,2017,scottish+league+two,28145711,0,223000,11,0.0,1.0,,,,David Galt,<b>David Galt</b><br>Goal,Goal
479712,2017,scottish+league+two,28146054,0,239452,7,1.0,0.0,,,,Steven Thomson,<b>Steven Thomson</b><br>Goal,Goal
479713,2017,scottish+league+two,28145755,0,150059,7,0.0,1.0,,,,Sean Winter,<b>Sean Winter</b><br>Goal,Goal
479713,2017,scottish+league+two,28145762,0,150487,10,1.0,0.0,,,,Jamie Longworth,<b>Jamie Longworth</b><br>Goal,Goal
479713,2017,scottish+league+two,28145782,0,150059,7,0.0,1.0,,,,Sean Winter,<b>Sean Winter</b><br>Goal,Goal
479714,2017,scottish+league+two,28139131,0,169557,12,1.0,0.0,,,,Samuel Stanton,<b>Samuel Stanton</b><br>Goal,Goal
479714,2017,scottish+league+two,28139196,0,169558,11,1.0,0.0,,,,Billy King,<b>Billy King</b><br>Goal,Goal
479714,2017,scottish+league+two,28139257,0,92717,10,1.0,0.0,,,,Scott Fraser,<b>Scott Fraser</b><br>Penalty - Scored,Penalty - Scored
479714,2017,scottish+league+two,28139287,0,223054,9,0.0,1.0,,,,Cameron Muirhead,<b>Cameron Muirhead</b><br>Goal,Goal
479714,2017,scottish+league+two,28139301,0,126276,28,1.0,0.0,,,,Matthew Smith,<b>Matthew Smith</b><br>Goal,Goal
479718,2017,scottish+league+two,28131143,0,86356,55,0.0,1.0,,,,Craig Barr,<b>Craig Barr</b><br>Goal,Goal
479718,2017,scottish+league+two,28131204,0,7157,7,1.0,0.0,,,,Darren Miller,<b>Darren Miller</b><br>Goal,Goal
479718,2017,scottish+league+two,28131243,0,152201,11,1.0,0.0,,,,Max Wright,<b>Max Wright</b><br>Goal,Goal
479720,2017,scottish+league+two,28131039,0,207453,8,1.0,0.0,,,,Dominic Docherty,<b>Dominic Docherty</b><br>Goal,Goal
479720,2017,scottish+league+two,28131203,0,224652,3,1.0,0.0,,,,Chris McKee,<b>Chris McKee</b><br>Own Goal,Own Goal
479720,2017,scottish+league+two,28131230,0,162839,10,1.0,0.0,,,,Anthony Brady,<b>Anthony Brady</b><br>Goal,Goal
479723,2017,scottish+league+two,28131011,0,4213,9,0.0,1.0,,,,Kris Boyd,<b>Kris Boyd</b><br>Goal,Goal
479723,2017,scottish+league+two,28131217,0,4213,9,0.0,1.0,,,,Kris Boyd,<b>Kris Boyd</b><br>Goal,Goal
479724,2017,scottish+league+two,28131137,0,223262,3,1.0,0.0,,,,David Gold,<b>David Gold</b><br>Goal,Goal
479724,2017,scottish+league+two,28131252,0,223397,17,1.0,0.0,,,,Daniel Denholm,<b>Daniel Denholm</b><br>Goal,Goal
479724,2017,scottish+league+two,28131285,0,223397,17,1.0,0.0,,,,Daniel Denholm,<b>Daniel Denholm</b><br>Goal,Goal
479724,2017,scottish+league+two,28131338,0,72974,16,1.0,0.0,,,,Steven Doris,<b>Steven Doris</b><br>Goal,Goal
479725,2017,scottish+league+two,28131012,0,173200,9,1.0,0.0,,,,Declan McManus,<b>Declan McManus</b><br>Goal,Goal
479725,2017,scottish+league+two,28131023,0,68765,11,1.0,0.0,,,,Joe Cardle,<b>Joe Cardle</b><br>Goal,Goal
479725,2017,scottish+league+two,28131129,0,68765,11,1.0,0.0,,,,Joe Cardle,<b>Joe Cardle</b><br>Goal,Goal
479725,2017,scottish+league+two,28131189,0,173200,9,1.0,0.0,,,,Declan McManus,<b>Declan McManus</b><br>Goal,Goal
479725,2017,scottish+league+two,28131232,0,57727,9,0.0,1.0,,,,Rory McAllister,<b>Rory McAllister</b><br>Penalty - Scored,Penalty - Scored
479725,2017,scottish+league+two,28131275,0,119086,15,1.0,0.0,,,,Scott Ross,<b>Scott Ross</b><br>Own Goal,Own Goal
479728,2017,scottish+league+two,28131009,0,225472,7,0.0,1.0,,,,Callum Morrison,<b>Callum Morrison</b><br>Goal,Goal
479728,2017,scottish+league+two,28131156,0,225472,7,0.0,1.0,,,,Callum Morrison,<b>Callum Morrison</b><br>Goal,Goal
479728,2017,scottish+league+two,28131277,0,226593,9,0.0,1.0,,,,Ross Kavanagh,<b>Ross Kavanagh</b><br>Goal,Goal
479728,2017,scottish+league+two,28131337,0,129661,4,1.0,0.0,,,,Mark Millar,<b>Mark Millar</b><br>Goal,Goal
479728,2017,scottish+league+two,28145245,0,151137,8,1.0,0.0,,,,Liam Caddis,<b>Liam Caddis</b><br>Own Goal,Own Goal
479733,2017,scottish+league+two,28111847,0,85295,11,1.0,0.0,,,,Ashley Grimes,<b>Ashley Grimes</b><br>Goal,Goal
479733,2017,scottish+league+two,28111856,0,228917,21,0.0,1.0,,,,Aaron Murrell,<b>Aaron Murrell</b><br>Goal,Goal
479733,2017,scottish+league+two,28111859,0,85295,11,1.0,0.0,,,,Ashley Grimes,<b>Ashley Grimes</b><br>Goal,Goal
479733,2017,scottish+league+two,28112013,0,223416,28,0.0,1.0,,,,Pat Scullion,<b>Pat Scullion</b><br>Goal,Goal
479734,2017,scottish+league+two,28111837,0,156232,7,1.0,0.0,,,,Rory McKenzie,<b>Rory McKenzie</b><br>Goal,Goal
479734,2017,scottish+league+two,28111839,0,180084,11,0.0,1.0,,,,Darren Ramsay,<b>Darren Ramsay</b><br>Goal,Goal
479734,2017,scottish+league+two,28111840,0,223398,9,0.0,1.0,,,,Kevin Nicoll,<b>Kevin Nicoll</b><br>Goal,Goal
479734,2017,scottish+league+two,28111901,0,190863,15,1.0,0.0,,,,Dominic Thomas,<b>Dominic Thomas</b><br>Goal,Goal
479734,2017,scottish+league+two,28111920,0,190863,15,1.0,0.0,,,,Dominic Thomas,<b>Dominic Thomas</b><br>Goal,Goal
479734,2017,scottish+league+two,28111956,0,156232,7,1.0,0.0,,,,Rory McKenzie,<b>Rory McKenzie</b><br>Goal,Goal
479739,2017,scottish+league+two,28111923,0,67426,9,0.0,1.0,,,,Kyle Lafferty,<b>Kyle Lafferty</b><br>Goal,Goal
479743,2017,scottish+league+two,28111844,0,196192,19,0.0,1.0,,,,Thomas Mikkelsen,<b>Thomas Mikkelsen</b><br>Goal,Goal
479743,2017,scottish+league+two,28111852,0,92195,11,0.0,1.0,,,,Craig Curran,<b>Craig Curran</b><br>Penalty - Scored,Penalty - Scored
479743,2017,scottish+league+two,28111861,0,24770,5,0.0,1.0,,,,Sean Dillon,<b>Sean Dillon</b><br>Own Goal,Own Goal
479743,2017,scottish+league+two,28111877,0,92195,11,0.0,1.0,,,,Craig Curran,<b>Craig Curran</b><br>Goal,Goal
479743,2017,scottish+league+two,28111902,0,196192,19,0.0,1.0,,,,Thomas Mikkelsen,<b>Thomas Mikkelsen</b><br>Goal,Goal
479743,2017,scottish+league+two,28111913,0,157894,10,0.0,1.0,,,,Alex Schalk,<b>Alex Schalk</b><br>Goal,Goal
479744,2017,scottish+league+two,28111841,0,191059,9,0.0,1.0,,,,Colin McMenamin,<b>Colin McMenamin</b><br>Goal,Goal
479744,2017,scottish+league+two,28111907,0,30013,10,1.0,0.0,,,,Alan Trouten,<b>Alan Trouten</b><br>Penalty - Scored,Penalty - Scored
479747,2017,scottish+league+two,28102931,0,216003,5,1.0,0.0,,,,Jack Breslin,<b>Jack Breslin</b><br>Goal,Goal
479747,2017,scottish+league+two,28103057,0,112478,10,1.0,0.0,,,,David Goodwillie,<b>David Goodwillie</b><br>Goal,Goal
479747,2017,scottish+league+two,28103062,0,143202,6,0.0,1.0,,,,Steven Swinglehurst,<b>Steven Swinglehurst</b><br>Goal,Goal
479749,2017,scottish+league+two,28102845,0,112132,18,0.0,1.0,,,,Craig Dorrat,<b>Craig Dorrat</b><br>Goal,Goal
479749,2017,scottish+league+two,28102870,0,191683,6,1.0,0.0,,,,David Syme,<b>David Syme</b><br>Goal,Goal
479749,2017,scottish+league+two,28102896,0,223054,9,1.0,0.0,,,,Cameron Muirhead,<b>Cameron Muirhead</b><br>Goal,Goal
479749,2017,scottish+league+two,28102918,0,228771,14,0.0,1.0,,,,Drew Copeland,<b>Drew Copeland</b><br>Goal,Goal
479749,2017,scottish+league+two,28102945,0,191683,6,1.0,0.0,,,,David Syme,<b>David Syme</b><br>Goal,Goal
479749,2017,scottish+league+two,28103051,0,46298,15,1.0,0.0,,,,Ryan Connelly,<b>Ryan Connelly</b><br>Goal,Goal
479750,2017,scottish+league+two,28102848,0,57727,9,1.0,0.0,,,,Rory McAllister,<b>Rory McAllister</b><br>Goal,Goal
479751,2017,scottish+league+two,28102849,0,154789,10,1.0,0.0,,,,Nicholas Clark,<b>Nicholas Clark</b><br>Goal,Goal
479751,2017,scottish+league+two,28102860,0,154789,10,1.0,0.0,,,,Nicholas Clark,<b>Nicholas Clark</b><br>Goal,Goal
479751,2017,scottish+league+two,28102879,0,88678,15,1.0,0.0,,,,Michael Paton,<b>Michael Paton</b><br>Goal,Goal
479751,2017,scottish+league+two,28102881,0,154789,10,1.0,0.0,,,,Nicholas Clark,<b>Nicholas Clark</b><br>Goal,Goal
479751,2017,scottish+league+two,28102915,0,154789,10,1.0,0.0,,,,Nicholas Clark,<b>Nicholas Clark</b><br>Goal,Goal
479751,2017,scottish+league+two,28103063,0,128639,23,1.0,0.0,,,,Callum Smith,<b>Callum Smith</b><br>Goal,Goal
479752,2017,scottish+league+two,28102877,0,224292,2,0.0,1.0,,,,Oliver Fleming,<b>Oliver Fleming</b><br>Own Goal,Own Goal
479754,2017,scottish+league+two,28102853,0,155542,15,1.0,0.0,,,,Simon Murray,<b>Simon Murray</b><br>Goal,Goal
479754,2017,scottish+league+two,28102863,0,245266,33,1.0,0.0,,,,Fraser Murray,<b>Fraser Murray</b><br>Goal,Goal
479754,2017,scottish+league+two,28102920,0,155542,15,1.0,0.0,,,,Simon Murray,<b>Simon Murray</b><br>Goal,Goal
479754,2017,scottish+league+two,28103049,0,77907,29,1.0,0.0,,,,Brian Graham,<b>Brian Graham</b><br>Penalty - Scored,Penalty - Scored
479757,2017,scottish+league+two,28102856,0,132208,7,1.0,0.0,,,,Mark McGuigan,<b>Mark McGuigan</b><br>Penalty - Scored,Penalty - Scored
479757,2017,scottish+league+two,28102980,0,148773,11,0.0,1.0,,,,Stephen Dobbie,<b>Stephen Dobbie</b><br>Goal,Goal
479757,2017,scottish+league+two,28103039,0,190423,2,0.0,1.0,,,,Shaun Rooney,<b>Shaun Rooney</b><br>Goal,Goal
479757,2017,scottish+league+two,28103045,0,148773,11,0.0,1.0,,,,Stephen Dobbie,<b>Stephen Dobbie</b><br>Goal,Goal
479760,2017,scottish+league+two,28102864,0,190432,9,1.0,0.0,,,,Nathan  Austin,<b>Nathan  Austin</b><br>Goal,Goal
479760,2017,scottish+league+two,28102869,0,138209,6,1.0,0.0,,,,Joe McKee,<b>Joe McKee</b><br>Goal,Goal
479760,2017,scottish+league+two,28102886,0,179245,17,1.0,0.0,,,,Alex Harris,<b>Alex Harris</b><br>Goal,Goal
479760,2017,scottish+league+two,28102925,0,112329,4,1.0,0.0,,,,Aaron Muirhead,<b>Aaron Muirhead</b><br>Goal,Goal
479760,2017,scottish+league+two,28102936,0,112329,4,1.0,0.0,,,,Aaron Muirhead,<b>Aaron Muirhead</b><br>Penalty - Scored,Penalty - Scored
479760,2017,scottish+league+two,28103043,0,223322,10,0.0,1.0,,,,Darren Smith,<b>Darren Smith</b><br>Goal,Goal
485532,2017,scottish+league+two,30286402,0,112478,9,0.0,1.0,,,,David Goodwillie,<b>David Goodwillie</b><br>Penalty - Scored,Penalty - Scored
485532,2017,scottish+league+two,30288506,0,112478,9,0.0,1.0,,,,David Goodwillie,<b>David Goodwillie</b><br>Goal,Goal
485532,2017,scottish+league+two,30290672,0,270573,5,0.0,1.0,,,,Dylan Cogill,<b>Dylan Cogill</b><br>Goal,Goal
485532,2017,scottish+league+two,30291361,0,34463,10,1.0,0.0,,,,Craig Beattie,<b>Craig Beattie</b><br>Penalty - Scored,Penalty - Scored
485533,2017,scottish+league+two,30283958,0,229715,19,1.0,0.0,,,,Jamie Todd,<b>Jamie Todd</b><br>Goal,Goal
485534,2017,scottish+league+two,30283319,0,7321,10,0.0,1.0,,,,Chris Templeman,<b>Chris Templeman</b><br>Goal,Goal
485534,2017,scottish+league+two,30283822,0,150060,24,0.0,1.0,,,,Lewis Milne,<b>Lewis Milne</b><br>Goal,Goal
485535,2017,scottish+league+two,30291598,0,4903,2,0.0,1.0,,,,Jason Brown,<b>Jason Brown</b><br>Goal,Goal
485536,2017,scottish+league+two,30283695,0,219357,7,0.0,1.0,,,,Neil McLaughlin,<b>Neil McLaughlin</b><br>Goal,Goal
485536,2017,scottish+league+two,30285099,0,179659,10,1.0,0.0,,,,Blair Henderson,<b>Blair Henderson</b><br>Goal,Goal
485536,2017,scottish+league+two,30288772,0,179659,10,1.0,0.0,,,,Blair Henderson,<b>Blair Henderson</b><br>Goal,Goal
485536,2017,scottish+league+two,30290511,0,179659,10,1.0,0.0,,,,Blair Henderson,<b>Blair Henderson</b><br>Goal,Goal
485537,2017,scottish+league+two,30218905,0,143202,6,0.0,1.0,,,,Steven Swinglehurst,<b>Steven Swinglehurst</b><br>Goal,Goal
485537,2017,scottish+league+two,30219454,0,239254,8,1.0,0.0,,,,Harrison Patton,<b>Harrison Patton</b><br>Goal,Goal
485537,2017,scottish+league+two,30223215,0,239254,8,1.0,0.0,,,,Harrison Patton,<b>Harrison Patton</b><br>Penalty - Scored,Penalty - Scored
485537,2017,scottish+league+two,30224342,0,190469,9,0.0,1.0,,,,Aidan Smith,<b>Aidan Smith</b><br>Goal,Goal
485537,2017,scottish+league+two,30228013,0,4342,6,1.0,0.0,,,,Mark Ferry,<b>Mark Ferry</b><br>Goal,Goal
485538,2017,scottish+league+two,30217916,0,7321,10,1.0,0.0,,,,Chris Templeman,<b>Chris Templeman</b><br>Goal,Goal
485539,2017,scottish+league+two,30226442,0,126318,18,1.0,0.0,,,,Jordan Brown,<b>Jordan Brown</b><br>Goal,Goal
485540,2017,scottish+league+two,30217124,0,136362,10,1.0,0.0,,,,Shane Sutherland,<b>Shane Sutherland</b><br>Goal,Goal
485540,2017,scottish+league+two,30222721,0,162838,14,0.0,1.0,,,,Gareth Rodger,<b>Gareth Rodger</b><br>Goal,Goal
485541,2017,scottish+league+two,30222952,0,135371,7,1.0,0.0,,,,Jack Boyle,<b>Jack Boyle</b><br>Goal,Goal
485541,2017,scottish+league+two,30223213,0,239337,8,0.0,1.0,,,,Daniel Jardine,<b>Daniel Jardine</b><br>Goal,Goal
485541,2017,scottish+league+two,30223752,0,135371,7,1.0,0.0,,,,Jack Boyle,<b>Jack Boyle</b><br>Goal,Goal
485542,2017,scottish+league+two,30156911,0,176044,10,1.0,0.0,,,,Brad Smith,<b>Brad Smith</b><br>Goal,Goal
485543,2017,scottish+league+two,30150283,0,224339,11,1.0,0.0,,,,Scott Roberts,<b>Scott Roberts</b><br>Goal,Goal
485543,2017,scottish+league+two,30154158,0,190469,9,1.0,0.0,,,,Aidan Smith,<b>Aidan Smith</b><br>Goal,Goal
485543,2017,scottish+league+two,30156673,0,136362,10,0.0,1.0,,,,Shane Sutherland,<b>Shane Sutherland</b><br>Goal,Goal
485543,2017,scottish+league+two,30158100,0,208163,15,1.0,0.0,,,,Conor O'Keefe,<b>Conor O'Keefe</b><br>Goal,Goal
485543,2017,scottish+league+two,30158921,0,179659,10,1.0,0.0,,,,Blair Henderson,<b>Blair Henderson</b><br>Goal,Goal
485544,2017,scottish+league+two,30151003,0,270016,23,0.0,1.0,,,,Martin Rennie,<b>Martin Rennie</b><br>Goal,Goal
485544,2017,scottish+league+two,30156522,0,150060,24,0.0,1.0,,,,Lewis Milne,<b>Lewis Milne</b><br>Goal,Goal
485544,2017,scottish+league+two,30158038,0,206932,15,0.0,1.0,,,,Cameron Ballantye,<b>Cameron Ballantye</b><br>Goal,Goal
485544,2017,scottish+league+two,30158591,0,150060,24,0.0,1.0,,,,Lewis Milne,<b>Lewis Milne</b><br>Goal,Goal
485544,2017,scottish+league+two,30160924,0,150060,24,0.0,1.0,,,,Lewis Milne,<b>Lewis Milne</b><br>Goal,Goal
485545,2017,scottish+league+two,30151200,0,240703,14,0.0,1.0,,,,Russell Mclean,<b>Russell Mclean</b><br>Goal,Goal
485545,2017,scottish+league+two,30152340,0,4903,2,0.0,1.0,,,,Jason Brown,<b>Jason Brown</b><br>Goal,Goal
485545,2017,scottish+league+two,30155530,0,240703,14,0.0,1.0,,,,Russell Mclean,<b>Russell Mclean</b><br>Goal,Goal
485545,2017,scottish+league+two,30157653,0,150538,17,1.0,0.0,,,,Jack Hamilton,<b>Jack Hamilton</b><br>Goal,Goal
485546,2017,scottish+league+two,30148348,0,239254,10,0.0,1.0,,,,Harrison Patton,<b>Harrison Patton</b><br>Goal,Goal
485546,2017,scottish+league+two,30149335,0,191059,9,0.0,1.0,,,,Colin McMenamin,<b>Colin McMenamin</b><br>Goal,Goal
485546,2017,scottish+league+two,30155543,0,239318,11,0.0,1.0,,,,Andrew Dallas,<b>Andrew Dallas</b><br>Goal,Goal
485546,2017,scottish+league+two,30157556,0,206527,8,1.0,0.0,,,,Cameron Blues,<b>Cameron Blues</b><br>Goal,Goal
485546,2017,scottish+league+two,30158596,0,239318,11,0.0,1.0,,,,Andrew Dallas,<b>Andrew Dallas</b><br>Goal,Goal
485548,2017,scottish+league+two,30086655,0,240703,14,1.0,0.0,,,,Russell Mclean,<b>Russell Mclean</b><br>Goal,Goal
485548,2017,scottish+league+two,30090882,0,240703,14,1.0,0.0,,,,Russell Mclean,<b>Russell Mclean</b><br>Penalty - Scored,Penalty - Scored
485548,2017,scottish+league+two,30091495,0,57727,9,1.0,0.0,,,,Rory McAllister,<b>Rory McAllister</b><br>Goal,Goal
485549,2017,scottish+league+two,30086625,0,150060,24,1.0,0.0,,,,Lewis Milne,<b>Lewis Milne</b><br>Goal,Goal
485549,2017,scottish+league+two,30087534,0,150060,24,1.0,0.0,,,,Lewis Milne,<b>Lewis Milne</b><br>Penalty - Scored,Penalty - Scored
485549,2017,scottish+league+two,30092342,0,270016,23,1.0,0.0,,,,Martin Rennie,<b>Martin Rennie</b><br>Goal,Goal
485550,2017,scottish+league+two,30088608,0,132208,7,0.0,1.0,,,,Mark McGuigan,<b>Mark McGuigan</b><br>Goal,Goal
485550,2017,scottish+league+two,30088629,0,126340,9,1.0,0.0,,,,Jordyn Sheerin,<b>Jordyn Sheerin</b><br>Goal,Goal
485551,2017,scottish+league+two,30086771,0,206524,11,1.0,0.0,,,,Nathan Flanagan,<b>Nathan Flanagan</b><br>Goal,Goal
485551,2017,scottish+league+two,30087500,0,223428,,1.0,0.0,,,,Brian Cameron,<b>Brian Cameron</b><br>Goal,Goal
485551,2017,scottish+league+two,30087826,0,136362,,1.0,0.0,,,,Shane Sutherland,<b>Shane Sutherland</b><br>Goal,Goal
485552,2017,scottish+league+two,30052335,0,21994,7,1.0,0.0,,,,James Stevenson,<b>James Stevenson</b><br>Goal,Goal
485553,2017,scottish+league+two,30050355,0,239337,8,1.0,0.0,,,,Daniel Jardine,<b>Daniel Jardine</b><br>Goal,Goal
485553,2017,scottish+league+two,30050990,0,193380,11,0.0,1.0,,,,Robbie Buchanan,<b>Robbie Buchanan</b><br>Goal,Goal
485553,2017,scottish+league+two,30051383,0,219357,7,1.0,0.0,,,,Neil McLaughlin,<b>Neil McLaughlin</b><br>Penalty - Scored,Penalty - Scored
485553,2017,scottish+league+two,30051665,0,208168,8,0.0,1.0,,,,Blair Malcolm,<b>Blair Malcolm</b><br>Goal,Goal
485554,2017,scottish+league+two,30050956,0,150538,17,1.0,0.0,,,,Jack Hamilton,<b>Jack Hamilton</b><br>Goal,Goal
485554,2017,scottish+league+two,30051368,0,85295,11,0.0,1.0,,,,Ashley Grimes,<b>Ashley Grimes</b><br>Goal,Goal
485555,2017,scottish+league+two,30049717,0,238276,9,0.0,1.0,,,,Chris McLeish,<b>Chris McLeish</b><br>Goal,Goal
485555,2017,scottish+league+two,30051210,0,176456,4,0.0,1.0,,,,Darryl McHardy,<b>Darryl McHardy</b><br>Goal,Goal
485556,2017,scottish+league+two,30049987,0,126418,11,1.0,0.0,,,,Mark Lamont,<b>Mark Lamont</b><br>Goal,Goal
485556,2017,scottish+league+two,30050436,0,126179,4,1.0,0.0,,,,Martin McNiff,<b>Martin McNiff</b><br>Goal,Goal
485556,2017,scottish+league+two,30050634,0,112478,9,1.0,0.0,,,,David Goodwillie,<b>David Goodwillie</b><br>Goal,Goal
485557,2017,scottish+league+two,30008396,0,223398,6,0.0,1.0,,,,Kevin Nicoll,<b>Kevin Nicoll</b><br>Goal,Goal
485557,2017,scottish+league+two,30008816,0,179659,10,1.0,0.0,,,,Blair Henderson,<b>Blair Henderson</b><br>Goal,Goal
485558,2017,scottish+league+two,30004888,0,193380,11,1.0,0.0,,,,Robbie Buchanan,<b>Robbie Buchanan</b><br>Goal,Goal
485558,2017,scottish+league+two,30005228,0,126340,,1.0,0.0,,,,Jordyn Sheerin,<b>Jordyn Sheerin</b><br>Goal,Goal
485558,2017,scottish+league+two,30008078,0,136362,12,0.0,1.0,,,,Shane Sutherland,<b>Shane Sutherland</b><br>Goal,Goal
485558,2017,scottish+league+two,30011235,0,66992,,1.0,0.0,,,,David Cox,<b>David Cox</b><br>Goal,Goal
485559,2017,scottish+league+two,30004903,0,126318,18,0.0,1.0,,,,Jordan Brown,<b>Jordan Brown</b><br>Goal,Goal
485559,2017,scottish+league+two,30007779,0,77584,2,1.0,0.0,,,,Terry Masson,<b>Terry Masson</b><br>Goal,Goal
485559,2017,scottish+league+two,30008012,0,223385,12,0.0,1.0,,,,Allan Smith,<b>Allan Smith</b><br>Goal,Goal
485559,2017,scottish+league+two,30008877,0,7321,10,1.0,0.0,,,,Chris Templeman,<b>Chris Templeman</b><br>Goal,Goal
485559,2017,scottish+league+two,30010350,0,150060,24,1.0,0.0,,,,Lewis Milne,<b>Lewis Milne</b><br>Goal,Goal
485560,2017,scottish+league+two,30323190,0,150538,17,1.0,0.0,,,,Jack Hamilton,<b>Jack Hamilton</b><br>Goal,Goal
485560,2017,scottish+league+two,30323350,0,163107,10,1.0,0.0,,,,Paul Willis,<b>Paul Willis</b><br>Goal,Goal
485560,2017,scottish+league+two,30323568,0,239318,10,0.0,1.0,,,,Andrew Dallas,<b>Andrew Dallas</b><br>Goal,Goal
485560,2017,scottish+league+two,30323714,0,191059,9,0.0,1.0,,,,Colin McMenamin,<b>Colin McMenamin</b><br>Goal,Goal
485561,2017,scottish+league+two,30003649,0,190256,19,1.0,0.0,,,,Scott Shepherd,<b>Scott Shepherd</b><br>Goal,Goal
485561,2017,scottish+league+two,30004415,0,239337,8,0.0,1.0,,,,Daniel Jardine,<b>Daniel Jardine</b><br>Goal,Goal
485561,2017,scottish+league+two,30010395,0,162838,14,1.0,0.0,,,,Gareth Rodger,<b>Gareth Rodger</b><br>Goal,Goal
485561,2017,scottish+league+two,30012453,0,219357,7,0.0,1.0,,,,Neil McLaughlin,<b>Neil McLaughlin</b><br>Goal,Goal
485562,2017,scottish+league+two,29940268,0,162847,8,1.0,0.0,,,,Thomas Reilly,<b>Thomas Reilly</b><br>Goal,Goal
485562,2017,scottish+league+two,29941422,0,179559,5,1.0,0.0,,,,Stephen Bronsky,<b>Stephen Bronsky</b><br>Goal,Goal
485562,2017,scottish+league+two,29948775,0,176456,11,1.0,0.0,,,,Darryl McHardy,<b>Darryl McHardy</b><br>Goal,Goal
485563,2017,scottish+league+two,29938790,0,270863,8,0.0,1.0,,,,Chris Mcstay,<b>Chris Mcstay</b><br>Goal,Goal
485563,2017,scottish+league+two,29941368,0,112478,9,0.0,1.0,,,,David Goodwillie,<b>David Goodwillie</b><br>Goal,Goal
485563,2017,scottish+league+two,29945456,0,112478,9,0.0,1.0,,,,David Goodwillie,<b>David Goodwillie</b><br>Goal,Goal
485563,2017,scottish+league+two,29946165,0,223381,15,1.0,0.0,,,,Edward Ferns,<b>Edward Ferns</b><br>Goal,Goal
485563,2017,scottish+league+two,29948902,0,239254,10,1.0,0.0,,,,Harrison Patton,<b>Harrison Patton</b><br>Goal,Goal
485564,2017,scottish+league+two,29945671,0,190256,19,0.0,1.0,,,,Scott Shepherd,<b>Scott Shepherd</b><br>Goal,Goal
485564,2017,scottish+league+two,29946622,0,219354,24,0.0,1.0,,,,Jesus Tena,<b>Jesus Tena</b><br>Goal,Goal
485564,2017,scottish+league+two,29946794,0,34463,10,0.0,1.0,,,,Craig Beattie,<b>Craig Beattie</b><br>Goal,Goal
485564,2017,scottish+league+two,29949888,0,208163,16,1.0,0.0,,,,Conor O'Keefe,<b>Conor O'Keefe</b><br>Goal,Goal
485564,2017,scottish+league+two,29950207,0,179659,10,1.0,0.0,,,,Blair Henderson,<b>Blair Henderson</b><br>Penalty - Scored,Penalty - Scored
485565,2017,scottish+league+two,30187095,0,150060,24,0.0,1.0,,,,Lewis Milne,<b>Lewis Milne</b><br>Goal,Goal
485565,2017,scottish+league+two,30188877,0,270016,23,0.0,1.0,,,,Martin Rennie,<b>Martin Rennie</b><br>Goal,Goal
485565,2017,scottish+league+two,30189724,0,150060,24,0.0,1.0,,,,Lewis Milne,<b>Lewis Milne</b><br>Goal,Goal
485566,2017,scottish+league+two,29947254,0,21994,7,0.0,1.0,,,,James Stevenson,<b>James Stevenson</b><br>Goal,Goal
485567,2017,scottish+league+two,29979137,0,7321,10,1.0,0.0,,,,Chris Templeman,<b>Chris Templeman</b><br>Goal,Goal
485567,2017,scottish+league+two,29979712,0,224339,11,0.0,1.0,,,,Scott Roberts,<b>Scott Roberts</b><br>Goal,Goal
485567,2017,scottish+league+two,29980522,0,7321,10,1.0,0.0,,,,Chris Templeman,<b>Chris Templeman</b><br>Goal,Goal
485568,2017,scottish+league+two,29979649,0,126340,9,0.0,1.0,,,,Jordyn Sheerin,<b>Jordyn Sheerin</b><br>Penalty - Missed,Penalty - Missed
485568,2017,scottish+league+two,29980803,0,36094,17,1.0,0.0,,,,Taylor Graham,<b>Taylor Graham</b><br>Goal,Goal
485568,2017,scottish+league+two,29981638,0,66992,7,0.0,1.0,,,,David Cox,<b>David Cox</b><br>Goal,Goal
485569,2017,scottish+league+two,29980090,0,112478,9,1.0,0.0,,,,David Goodwillie,<b>David Goodwillie</b><br>Goal,Goal
485570,2017,scottish+league+two,29977969,0,132208,7,0.0,1.0,,,,Mark McGuigan,<b>Mark McGuigan</b><br>Goal,Goal
485570,2017,scottish+league+two,29978657,0,191059,9,0.0,1.0,,,,Colin McMenamin,<b>Colin McMenamin</b><br>Goal,Goal
485570,2017,scottish+league+two,29981197,0,57727,9,1.0,0.0,,,,Rory McAllister,<b>Rory McAllister</b><br>Goal,Goal
485571,2017,scottish+league+two,29979215,0,129845,9,0.0,1.0,,,,Andrew Little,<b>Andrew Little</b><br>Goal,Goal
485571,2017,scottish+league+two,29980472,0,129845,9,0.0,1.0,,,,Andrew Little,<b>Andrew Little</b><br>Penalty - Missed,Penalty - Missed
485572,2017,scottish+league+two,29818352,0,223322,10,1.0,0.0,,,,Darren Smith,<b>Darren Smith</b><br>Goal,Goal
485572,2017,scottish+league+two,29822900,0,223398,8,0.0,1.0,,,,Kevin Nicoll,<b>Kevin Nicoll</b><br>Goal,Goal
485572,2017,scottish+league+two,29825938,0,4336,9,1.0,0.0,,,,Peter MacDonald,<b>Peter MacDonald</b><br>Goal,Goal
485573,2017,scottish+league+two,29819907,0,34463,10,1.0,0.0,,,,Craig Beattie,<b>Craig Beattie</b><br>Goal,Goal
485573,2017,scottish+league+two,29823044,0,251683,5,1.0,0.0,,,,Josh Walker,<b>Josh Walker</b><br>Goal,Goal
485573,2017,scottish+league+two,29824467,0,162838,14,1.0,0.0,,,,Gareth Rodger,<b>Gareth Rodger</b><br>Goal,Goal
485573,2017,scottish+league+two,29824801,0,162890,18,1.0,0.0,,,,Farid El Alagui,<b>Farid El Alagui</b><br>Goal,Goal
485574,2017,scottish+league+two,29818686,0,225473,16,0.0,1.0,,,,Robert Wilson,<b>Robert Wilson</b><br>Own Goal,Own Goal
485574,2017,scottish+league+two,29820677,0,228162,21,1.0,0.0,,,,Ouzy See,<b>Ouzy See</b><br>Goal,Goal
485574,2017,scottish+league+two,29823176,0,84410,9,0.0,1.0,,,,Gary Fraser,<b>Gary Fraser</b><br>Goal,Goal
485574,2017,scottish+league+two,29826501,0,163107,10,1.0,0.0,,,,Paul Willis,<b>Paul Willis</b><br>Goal,Goal
485575,2017,scottish+league+two,29819974,0,240703,14,0.0,1.0,,,,Russell Mclean,<b>Russell Mclean</b><br>Goal,Goal
485575,2017,scottish+league+two,29830992,0,271401,16,0.0,1.0,,,,B Trialist,<b>B Trialist</b><br>Goal,Goal
485576,2017,scottish+league+two,29829591,0,224339,18,1.0,0.0,,,,Scott Roberts,<b>Scott Roberts</b><br>Goal,Goal
485576,2017,scottish+league+two,29830514,0,208163,16,1.0,0.0,,,,Conor O'Keefe,<b>Conor O'Keefe</b><br>Goal,Goal
485577,2017,scottish+league+two,29757150,0,32332,2,1.0,0.0,,,,Ross McGeachie,<b>Ross McGeachie</b><br>Goal,Goal
485577,2017,scottish+league+two,29758557,0,4336,9,1.0,0.0,,,,Peter MacDonald,<b>Peter MacDonald</b><br>Penalty - Missed,Penalty - Missed
485577,2017,scottish+league+two,29758609,0,4336,9,1.0,0.0,,,,Peter MacDonald,<b>Peter MacDonald</b><br>Goal,Goal
485577,2017,scottish+league+two,29759542,0,4336,9,1.0,0.0,,,,Peter MacDonald,<b>Peter MacDonald</b><br>Goal,Goal
485578,2017,scottish+league+two,29754465,0,163107,10,0.0,1.0,,,,Paul Willis,<b>Paul Willis</b><br>Penalty - Missed,Penalty - Missed
485578,2017,scottish+league+two,29754466,0,239452,7,0.0,1.0,,,,Steven Thomson,<b>Steven Thomson</b><br>Goal,Goal
485578,2017,scottish+league+two,29759501,0,57727,9,1.0,0.0,,,,Rory McAllister,<b>Rory McAllister</b><br>Penalty - Scored,Penalty - Scored
485579,2017,scottish+league+two,29756487,0,112478,9,1.0,0.0,,,,David Goodwillie,<b>David Goodwillie</b><br>Goal,Goal
485579,2017,scottish+league+two,29758580,0,112478,9,1.0,0.0,,,,David Goodwillie,<b>David Goodwillie</b><br>Penalty - Scored,Penalty - Scored
485580,2017,scottish+league+two,29752821,0,132208,7,1.0,0.0,,,,Mark McGuigan,<b>Mark McGuigan</b><br>Goal,Goal
485581,2017,scottish+league+two,29752094,0,223428,10,1.0,0.0,,,,Brian Cameron,<b>Brian Cameron</b><br>Goal,Goal
485581,2017,scottish+league+two,29755621,0,84410,9,0.0,1.0,,,,Gary Fraser,<b>Gary Fraser</b><br>Goal,Goal
485581,2017,scottish+league+two,29757438,0,238276,9,1.0,0.0,,,,Chris McLeish,<b>Chris McLeish</b><br>Goal,Goal
485581,2017,scottish+league+two,29759470,0,270016,23,0.0,1.0,,,,Martin Rennie,<b>Martin Rennie</b><br>Goal,Goal
485582,2017,scottish+league+two,29689108,0,143202,6,0.0,1.0,,,,Steven Swinglehurst,<b>Steven Swinglehurst</b><br>Goal,Goal
485582,2017,scottish+league+two,29689535,0,162847,8,1.0,0.0,,,,Thomas Reilly,<b>Thomas Reilly</b><br>Goal,Goal
485582,2017,scottish+league+two,29696737,0,240490,4,1.0,0.0,,,,Andrew Mcdonald,<b>Andrew Mcdonald</b><br>Goal,Goal
485583,2017,scottish+league+two,29699171,0,112478,9,0.0,1.0,,,,David Goodwillie,<b>David Goodwillie</b><br>Penalty - Scored,Penalty - Scored
485585,2017,scottish+league+two,29698039,0,150535,17,1.0,0.0,,,,James Redman,<b>James Redman</b><br>Goal,Goal
485586,2017,scottish+league+two,29695653,0,223322,10,0.0,1.0,,,,Darren Smith,<b>Darren Smith</b><br>Penalty - Missed,Penalty - Missed
485586,2017,scottish+league+two,29696407,0,4336,9,0.0,1.0,,,,Peter MacDonald,<b>Peter MacDonald</b><br>Penalty - Scored,Penalty - Scored
485586,2017,scottish+league+two,29697534,0,212363,3,1.0,0.0,,,,Harvey Swan,<b>Harvey Swan</b><br>Penalty - Scored,Penalty - Scored
485586,2017,scottish+league+two,29698114,0,4336,9,0.0,1.0,,,,Peter MacDonald,<b>Peter MacDonald</b><br>Goal,Goal
485587,2017,scottish+league+two,29636620,0,161764,9,1.0,0.0,,,,Martin Scott,<b>Martin Scott</b><br>Goal,Goal
485587,2017,scottish+league+two,29639742,0,239254,8,1.0,0.0,,,,Harrison Patton,<b>Harrison Patton</b><br>Goal,Goal
485587,2017,scottish+league+two,29645089,0,139767,11,1.0,0.0,,,,Alan Cook,<b>Alan Cook</b><br>Goal,Goal
485587,2017,scottish+league+two,29645476,0,161764,9,1.0,0.0,,,,Martin Scott,<b>Martin Scott</b><br>Goal,Goal
485588,2017,scottish+league+two,29638839,0,176044,10,0.0,1.0,,,,Brad Smith,<b>Brad Smith</b><br>Goal,Goal
485588,2017,scottish+league+two,29645390,0,223421,8,1.0,0.0,,,,Rabin Omar,<b>Rabin Omar</b><br>Goal,Goal
485589,2017,scottish+league+two,29636812,0,112478,9,1.0,0.0,,,,David Goodwillie,<b>David Goodwillie</b><br>Goal,Goal
485589,2017,scottish+league+two,29639669,0,191452,7,1.0,0.0,,,,Barry Cuddihy,<b>Barry Cuddihy</b><br>Goal,Goal
485589,2017,scottish+league+two,29640737,0,190256,19,0.0,1.0,,,,Scott Shepherd,<b>Scott Shepherd</b><br>Goal,Goal
485589,2017,scottish+league+two,29642543,0,251683,5,0.0,1.0,,,,Josh Walker,<b>Josh Walker</b><br>Penalty - Scored,Penalty - Scored
485589,2017,scottish+league+two,29648204,0,112478,9,1.0,0.0,,,,David Goodwillie,<b>David Goodwillie</b><br>Goal,Goal
485590,2017,scottish+league+two,29636307,0,223322,10,1.0,0.0,,,,Darren Smith,<b>Darren Smith</b><br>Goal,Goal
485590,2017,scottish+league+two,29639247,0,223322,10,1.0,0.0,,,,Darren Smith,<b>Darren Smith</b><br>Goal,Goal
485590,2017,scottish+league+two,29645435,0,4336,9,1.0,0.0,,,,Peter MacDonald,<b>Peter MacDonald</b><br>Goal,Goal
485590,2017,scottish+league+two,29647226,0,231642,3,0.0,1.0,,,,Jordan Allan,<b>Jordan Allan</b><br>Goal,Goal
485591,2017,scottish+league+two,29646164,0,7321,10,0.0,1.0,,,,Chris Templeman,<b>Chris Templeman</b><br>Goal,Goal
485592,2017,scottish+league+two,29591123,0,85295,11,1.0,0.0,,,,Ashley Grimes,<b>Ashley Grimes</b><br>Goal,Goal
485592,2017,scottish+league+two,29592767,0,85295,11,1.0,0.0,,,,Ashley Grimes,<b>Ashley Grimes</b><br>Goal,Goal
485592,2017,scottish+league+two,29595177,0,190256,19,1.0,0.0,,,,Scott Shepherd,<b>Scott Shepherd</b><br>Goal,Goal
485592,2017,scottish+league+two,29597183,0,190469,9,0.0,1.0,,,,Aidan Smith,<b>Aidan Smith</b><br>Penalty - Scored,Penalty - Scored
485592,2017,scottish+league+two,29598828,0,179659,10,0.0,1.0,,,,Blair Henderson,<b>Blair Henderson</b><br>Goal,Goal
485593,2017,scottish+league+two,29591305,0,150538,17,0.0,1.0,,,,Jack Hamilton,<b>Jack Hamilton</b><br>Goal,Goal
485593,2017,scottish+league+two,29593764,0,212363,11,1.0,0.0,,,,Harvey Swan,<b>Harvey Swan</b><br>Penalty - Scored,Penalty - Scored
485593,2017,scottish+league+two,29594957,0,239452,7,0.0,1.0,,,,Steven Thomson,<b>Steven Thomson</b><br>Goal,Goal
485593,2017,scottish+league+two,29597679,0,228162,21,0.0,1.0,,,,Ouzy See,<b>Ouzy See</b><br>Goal,Goal
485594,2017,scottish+league+two,29598263,0,112478,9,1.0,0.0,,,,David Goodwillie,<b>David Goodwillie</b><br>Goal,Goal
485595,2017,scottish+league+two,29592686,0,238276,9,1.0,0.0,,,,Chris McLeish,<b>Chris McLeish</b><br>Goal,Goal
485595,2017,scottish+league+two,29598643,0,162847,8,1.0,0.0,,,,Thomas Reilly,<b>Thomas Reilly</b><br>Penalty - Scored,Penalty - Scored
485596,2017,scottish+league+two,29591186,0,223322,10,0.0,1.0,,,,Darren Smith,<b>Darren Smith</b><br>Goal,Goal
485596,2017,scottish+league+two,29597270,0,223417,16,1.0,0.0,,,,Craig Johnston,<b>Craig Johnston</b><br>Goal,Goal
485596,2017,scottish+league+two,29597977,0,190456,4,1.0,0.0,,,,Matthew Allan,<b>Matthew Allan</b><br>Goal,Goal
485597,2017,scottish+league+two,29546612,0,141006,11,0.0,1.0,,,,Ally Love,<b>Ally Love</b><br>Goal,Goal
485597,2017,scottish+league+two,29550403,0,112478,9,0.0,1.0,,,,David Goodwillie,<b>David Goodwillie</b><br>Goal,Goal
485597,2017,scottish+league+two,29552009,0,126418,6,0.0,1.0,,,,Mark Lamont,<b>Mark Lamont</b><br>Goal,Goal
485597,2017,scottish+league+two,29552498,0,84410,9,1.0,0.0,,,,Gary Fraser,<b>Gary Fraser</b><br>Penalty - Scored,Penalty - Scored
485598,2017,scottish+league+two,30038164,0,208168,8,0.0,1.0,,,,Blair Malcolm,<b>Blair Malcolm</b><br>Goal,Goal
485598,2017,scottish+league+two,30038230,0,193380,11,0.0,1.0,,,,Robbie Buchanan,<b>Robbie Buchanan</b><br>Goal,Goal
485598,2017,scottish+league+two,30038715,0,150487,16,1.0,0.0,,,,Jamie Longworth,<b>Jamie Longworth</b><br>Goal,Goal
485599,2017,scottish+league+two,30061261,0,36094,17,0.0,1.0,,,,Taylor Graham,<b>Taylor Graham</b><br>Goal,Goal
485599,2017,scottish+league+two,30061496,0,223322,10,1.0,0.0,,,,Darren Smith,<b>Darren Smith</b><br>Goal,Goal
485599,2017,scottish+league+two,30062400,0,67799,4,1.0,0.0,,,,Ross Smith,<b>Ross Smith</b><br>Goal,Goal
485599,2017,scottish+league+two,30062695,0,162890,18,0.0,1.0,,,,Farid El Alagui,<b>Farid El Alagui</b><br>Goal,Goal
485600,2017,scottish+league+two,30061821,0,179559,5,0.0,1.0,,,,Stephen Bronsky,<b>Stephen Bronsky</b><br>Goal,Goal
485600,2017,scottish+league+two,30062607,0,150538,17,1.0,0.0,,,,Jack Hamilton,<b>Jack Hamilton</b><br>Goal,Goal
485600,2017,scottish+league+two,30062748,0,176456,4,0.0,1.0,,,,Darryl McHardy,<b>Darryl McHardy</b><br>Goal,Goal
485600,2017,scottish+league+two,30063000,0,228917,9,1.0,0.0,,,,Aaron Murrell,<b>Aaron Murrell</b><br>Goal,Goal
485601,2017,scottish+league+two,29789694,0,240703,14,0.0,1.0,,,,Russell Mclean,<b>Russell Mclean</b><br>Goal,Goal
485601,2017,scottish+league+two,29789977,0,240703,14,0.0,1.0,,,,Russell Mclean,<b>Russell Mclean</b><br>Goal,Goal
485601,2017,scottish+league+two,29791668,0,179659,10,1.0,0.0,,,,Blair Henderson,<b>Blair Henderson</b><br>Goal,Goal
485601,2017,scottish+league+two,29792034,0,240703,14,0.0,1.0,,,,Russell Mclean,<b>Russell Mclean</b><br>Penalty - Scored,Penalty - Scored
485601,2017,scottish+league+two,29792199,0,179659,10,1.0,0.0,,,,Blair Henderson,<b>Blair Henderson</b><br>Goal,Goal
485601,2017,scottish+league+two,29792838,0,84185,5,1.0,0.0,,,,Peter Watson,<b>Peter Watson</b><br>Goal,Goal
485602,2017,scottish+league+two,29514791,0,179659,10,0.0,1.0,,,,Blair Henderson,<b>Blair Henderson</b><br>Goal,Goal
485602,2017,scottish+league+two,29517461,0,190469,9,0.0,1.0,,,,Aidan Smith,<b>Aidan Smith</b><br>Goal,Goal
485603,2017,scottish+league+two,29516908,0,206528,5,1.0,0.0,,,,Cameron Eadie,<b>Cameron Eadie</b><br>Goal,Goal
485604,2017,scottish+league+two,29509841,0,21194,5,0.0,1.0,,,,Michael Bolochoweckyj,<b>Michael Bolochoweckyj</b><br>Goal,Goal
485604,2017,scottish+league+two,29510354,0,150060,24,0.0,1.0,,,,Lewis Milne,<b>Lewis Milne</b><br>Goal,Goal
485604,2017,scottish+league+two,29510820,0,223409,8,0.0,1.0,,,,Paul Watson,<b>Paul Watson</b><br>Penalty - Missed,Penalty - Missed
485605,2017,scottish+league+two,29507089,0,162845,2,0.0,1.0,,,,Ross Meechan,<b>Ross Meechan</b><br>Goal,Goal
485605,2017,scottish+league+two,29515584,0,150487,18,0.0,1.0,,,,Jamie Longworth,<b>Jamie Longworth</b><br>Goal,Goal
485605,2017,scottish+league+two,29516957,0,239235,10,0.0,1.0,,,,Innes Murray,<b>Innes Murray</b><br>Goal,Goal
485606,2017,scottish+league+two,29505693,0,7191,33,1.0,0.0,,,,William Gibson,<b>William Gibson</b><br>Goal,Goal
485606,2017,scottish+league+two,29506094,0,223321,14,0.0,1.0,,,,Willie Robertson,<b>Willie Robertson</b><br>Goal,Goal
485606,2017,scottish+league+two,29508310,0,57727,9,1.0,0.0,,,,Rory McAllister,<b>Rory McAllister</b><br>Penalty - Scored,Penalty - Scored
485606,2017,scottish+league+two,29509250,0,223322,10,0.0,1.0,,,,Darren Smith,<b>Darren Smith</b><br>Goal,Goal
485606,2017,scottish+league+two,29514559,0,240703,14,1.0,0.0,,,,Russell Mclean,<b>Russell Mclean</b><br>Goal,Goal
485606,2017,scottish+league+two,29515106,0,240703,14,1.0,0.0,,,,Russell Mclean,<b>Russell Mclean</b><br>Goal,Goal
485606,2017,scottish+league+two,29517743,0,223322,10,0.0,1.0,,,,Darren Smith,<b>Darren Smith</b><br>Goal,Goal
485607,2017,scottish+league+two,29477088,0,223322,10,1.0,0.0,,,,Darren Smith,<b>Darren Smith</b><br>Goal,Goal
485607,2017,scottish+league+two,29480050,0,223322,10,1.0,0.0,,,,Darren Smith,<b>Darren Smith</b><br>Goal,Goal
485608,2017,scottish+league+two,29476510,0,223428,10,1.0,0.0,,,,Brian Cameron,<b>Brian Cameron</b><br>Goal,Goal
485608,2017,scottish+league+two,29478169,0,112478,10,0.0,1.0,,,,David Goodwillie,<b>David Goodwillie</b><br>Penalty - Missed,Penalty - Missed
485608,2017,scottish+league+two,29480765,0,112478,10,0.0,1.0,,,,David Goodwillie,<b>David Goodwillie</b><br>Goal,Goal
485608,2017,scottish+league+two,29482161,0,126274,12,1.0,0.0,,,,Christopher Dodd,<b>Christopher Dodd</b><br>Goal,Goal
485609,2017,scottish+league+two,29478218,0,190256,19,0.0,1.0,,,,Scott Shepherd,<b>Scott Shepherd</b><br>Goal,Goal
485609,2017,scottish+league+two,29478535,0,223416,28,0.0,1.0,,,,Pat Scullion,<b>Pat Scullion</b><br>Goal,Goal
485610,2017,scottish+league+two,29478512,0,150060,24,0.0,1.0,,,,Lewis Milne,<b>Lewis Milne</b><br>Goal,Goal
485611,2017,scottish+league+two,29477450,0,132208,7,1.0,0.0,,,,Mark McGuigan,<b>Mark McGuigan</b><br>Penalty - Scored,Penalty - Scored
485611,2017,scottish+league+two,29478887,0,57727,9,0.0,1.0,,,,Rory McAllister,<b>Rory McAllister</b><br>Penalty - Scored,Penalty - Scored
485611,2017,scottish+league+two,29479372,0,57727,9,0.0,1.0,,,,Rory McAllister,<b>Rory McAllister</b><br>Goal,Goal
485611,2017,scottish+league+two,29481203,0,253302,3,0.0,1.0,,,,Mason Robertson,<b>Mason Robertson</b><br>Goal,Goal
485611,2017,scottish+league+two,29481707,0,240703,14,0.0,1.0,,,,Russell Mclean,<b>Russell Mclean</b><br>Goal,Goal
485613,2017,scottish+league+two,29462311,0,85295,11,1.0,0.0,,,,Ashley Grimes,<b>Ashley Grimes</b><br>Goal,Goal
485613,2017,scottish+league+two,29462420,0,190256,19,1.0,0.0,,,,Scott Shepherd,<b>Scott Shepherd</b><br>Goal,Goal
485613,2017,scottish+league+two,29462439,0,190256,19,1.0,0.0,,,,Scott Shepherd,<b>Scott Shepherd</b><br>Goal,Goal
485614,2017,scottish+league+two,29462391,0,84410,9,1.0,0.0,,,,Gary Fraser,<b>Gary Fraser</b><br>Goal,Goal
485614,2017,scottish+league+two,29462434,0,193380,11,0.0,1.0,,,,Robbie Buchanan,<b>Robbie Buchanan</b><br>Goal,Goal
485615,2017,scottish+league+two,29462308,0,57727,9,1.0,0.0,,,,Rory McAllister,<b>Rory McAllister</b><br>Goal,Goal
485615,2017,scottish+league+two,29462349,0,126318,18,1.0,0.0,,,,Jordan Brown,<b>Jordan Brown</b><br>Goal,Goal
485615,2017,scottish+league+two,29462388,0,86440,11,1.0,0.0,,,,Nicholas Riley,<b>Nicholas Riley</b><br>Goal,Goal
485615,2017,scottish+league+two,29462408,0,21994,7,1.0,0.0,,,,James Stevenson,<b>James Stevenson</b><br>Goal,Goal
485615,2017,scottish+league+two,29462426,0,21994,7,1.0,0.0,,,,James Stevenson,<b>James Stevenson</b><br>Goal,Goal
485615,2017,scottish+league+two,29462460,0,253302,3,1.0,0.0,,,,Mason Robertson,<b>Mason Robertson</b><br>Goal,Goal
485615,2017,scottish+league+two,29462471,0,240703,14,1.0,0.0,,,,Russell Mclean,<b>Russell Mclean</b><br>Goal,Goal
485616,2017,scottish+league+two,29462334,0,161764,9,1.0,0.0,,,,Martin Scott,<b>Martin Scott</b><br>Goal,Goal
485616,2017,scottish+league+two,29462341,0,162845,2,1.0,0.0,,,,Ross Meechan,<b>Ross Meechan</b><br>Goal,Goal
485616,2017,scottish+league+two,29462478,0,223322,10,0.0,1.0,,,,Darren Smith,<b>Darren Smith</b><br>Goal,Goal
485617,2017,scottish+league+two,29115654,0,190469,9,0.0,1.0,,,,Aidan Smith,<b>Aidan Smith</b><br>Goal,Goal
485617,2017,scottish+league+two,29120090,0,153492,8,1.0,0.0,,,,Kyle Miller,<b>Kyle Miller</b><br>Goal,Goal
485618,2017,scottish+league+two,30038301,0,223398,8,0.0,1.0,,,,Kevin Nicoll,<b>Kevin Nicoll</b><br>Goal,Goal
485618,2017,scottish+league+two,30038351,0,135371,10,0.0,1.0,,,,Jack Boyle,<b>Jack Boyle</b><br>Goal,Goal
485618,2017,scottish+league+two,30038637,0,112478,9,0.0,1.0,,,,David Goodwillie,<b>David Goodwillie</b><br>Goal,Goal
485619,2017,scottish+league+two,29432104,0,4903,2,0.0,1.0,,,,Jason Brown,<b>Jason Brown</b><br>Goal,Goal
485619,2017,scottish+league+two,29433691,0,4903,2,0.0,1.0,,,,Jason Brown,<b>Jason Brown</b><br>Goal,Goal
485619,2017,scottish+league+two,29436842,0,24770,14,1.0,0.0,,,,Sean Dillon,<b>Sean Dillon</b><br>Goal,Goal
485619,2017,scottish+league+two,29438175,0,223385,12,0.0,1.0,,,,Allan Smith,<b>Allan Smith</b><br>Goal,Goal
485619,2017,scottish+league+two,29438533,0,253302,3,0.0,1.0,,,,Mason Robertson,<b>Mason Robertson</b><br>Goal,Goal
485619,2017,scottish+league+two,29439469,0,7191,33,0.0,1.0,,,,William Gibson,<b>William Gibson</b><br>Goal,Goal
485619,2017,scottish+league+two,29440793,0,57727,9,0.0,1.0,,,,Rory McAllister,<b>Rory McAllister</b><br>Goal,Goal
485619,2017,scottish+league+two,29441627,0,192642,12,1.0,0.0,,,,Kerr Hay,<b>Kerr Hay</b><br>Goal,Goal
485620,2017,scottish+league+two,30260383,0,228917,9,1.0,0.0,,,,Aaron Murrell,<b>Aaron Murrell</b><br>Penalty - Missed,Penalty - Missed
485621,2017,scottish+league+two,30038625,0,24518,3,0.0,1.0,,,,Lee Hamilton,<b>Lee Hamilton</b><br>Goal,Goal
485621,2017,scottish+league+two,30038722,0,223321,14,0.0,1.0,,,,Willie Robertson,<b>Willie Robertson</b><br>Goal,Goal
485623,2017,scottish+league+two,29395065,0,223054,9,0.0,1.0,,,,Cameron Muirhead,<b>Cameron Muirhead</b><br>Goal,Goal
485623,2017,scottish+league+two,29397681,0,57727,9,1.0,0.0,,,,Rory McAllister,<b>Rory McAllister</b><br>Goal,Goal
485623,2017,scottish+league+two,29398117,0,4903,2,1.0,0.0,,,,Jason Brown,<b>Jason Brown</b><br>Goal,Goal
485623,2017,scottish+league+two,29398160,0,193380,11,0.0,1.0,,,,Robbie Buchanan,<b>Robbie Buchanan</b><br>Goal,Goal
485623,2017,scottish+league+two,29403611,0,126318,18,1.0,0.0,,,,Jordan Brown,<b>Jordan Brown</b><br>Goal,Goal
485624,2017,scottish+league+two,29392066,0,206453,11,1.0,0.0,,,,Ross Fergusson,<b>Ross Fergusson</b><br>Goal,Goal
485624,2017,scottish+league+two,29394391,0,162890,18,0.0,1.0,,,,Farid El Alagui,<b>Farid El Alagui</b><br>Goal,Goal
485624,2017,scottish+league+two,29399186,0,207532,2,1.0,0.0,,,,Jack Brannan,<b>Jack Brannan</b><br>Goal,Goal
485625,2017,scottish+league+two,29394695,0,139767,11,1.0,0.0,,,,Alan Cook,<b>Alan Cook</b><br>Goal,Goal
485625,2017,scottish+league+two,29395595,0,239254,10,1.0,0.0,,,,Harrison Patton,<b>Harrison Patton</b><br>Goal,Goal
485625,2017,scottish+league+two,29401753,0,179559,4,0.0,1.0,,,,Stephen Bronsky,<b>Stephen Bronsky</b><br>Goal,Goal
485625,2017,scottish+league+two,29402613,0,132208,7,1.0,0.0,,,,Mark McGuigan,<b>Mark McGuigan</b><br>Goal,Goal
485625,2017,scottish+league+two,29403463,0,239235,16,1.0,0.0,,,,Innes Murray,<b>Innes Murray</b><br>Goal,Goal
485626,2017,scottish+league+two,29399032,0,84410,9,0.0,1.0,,,,Gary Fraser,<b>Gary Fraser</b><br>Goal,Goal
485627,2017,scottish+league+two,30061241,0,270863,6,0.0,1.0,,,,Chris Mcstay,<b>Chris Mcstay</b><br>Goal,Goal
485627,2017,scottish+league+two,30062457,0,112478,9,0.0,1.0,,,,David Goodwillie,<b>David Goodwillie</b><br>Goal,Goal
485627,2017,scottish+league+two,30062919,0,270863,6,0.0,1.0,,,,Chris Mcstay,<b>Chris Mcstay</b><br>Goal,Goal
485628,2017,scottish+league+two,29348091,0,77584,2,1.0,0.0,,,,Terry Masson,<b>Terry Masson</b><br>Goal,Goal
485628,2017,scottish+league+two,29355138,0,153853,3,1.0,0.0,,,,Andrew Steeves,<b>Andrew Steeves</b><br>Goal,Goal
485628,2017,scottish+league+two,29357725,0,150535,17,1.0,0.0,,,,James Redman,<b>James Redman</b><br>Goal,Goal
485629,2017,scottish+league+two,29617540,0,21859,5,0.0,1.0,,,,David McCracken,<b>David McCracken</b><br>Goal,Goal
485629,2017,scottish+league+two,29618146,0,57727,9,0.0,1.0,,,,Rory McAllister,<b>Rory McAllister</b><br>Penalty - Scored,Penalty - Scored
485629,2017,scottish+league+two,29618208,0,150538,17,1.0,0.0,,,,Jack Hamilton,<b>Jack Hamilton</b><br>Goal,Goal
485629,2017,scottish+league+two,29618627,0,228162,21,1.0,0.0,,,,Ouzy See,<b>Ouzy See</b><br>Goal,Goal
485629,2017,scottish+league+two,29619073,0,190864,20,0.0,1.0,,,,Jack Leitch,<b>Jack Leitch</b><br>Goal,Goal
485630,2017,scottish+league+two,29350727,0,239254,10,0.0,1.0,,,,Harrison Patton,<b>Harrison Patton</b><br>Goal,Goal
485630,2017,scottish+league+two,29352053,0,85294,6,1.0,0.0,,,,Marc Laird,<b>Marc Laird</b><br>Goal,Goal
485630,2017,scottish+league+two,29352780,0,132208,7,0.0,1.0,,,,Mark McGuigan,<b>Mark McGuigan</b><br>Goal,Goal
485630,2017,scottish+league+two,29356413,0,162890,18,1.0,0.0,,,,Farid El Alagui,<b>Farid El Alagui</b><br>Penalty - Missed,Penalty - Missed
485631,2017,scottish+league+two,29348671,0,151137,8,0.0,1.0,,,,Liam Caddis,<b>Liam Caddis</b><br>Goal,Goal
485631,2017,scottish+league+two,29359646,0,255901,15,1.0,0.0,,,,Brandon Luke,<b>Brandon Luke</b><br>Goal,Goal
485632,2017,scottish+league+two,29306260,0,191059,9,1.0,0.0,,,,Colin McMenamin,<b>Colin McMenamin</b><br>Goal,Goal
485632,2017,scottish+league+two,29306401,0,179659,10,0.0,1.0,,,,Blair Henderson,<b>Blair Henderson</b><br>Goal,Goal
485632,2017,scottish+league+two,29307729,0,179659,10,0.0,1.0,,,,Blair Henderson,<b>Blair Henderson</b><br>Goal,Goal
485632,2017,scottish+league+two,29309402,0,179659,10,0.0,1.0,,,,Blair Henderson,<b>Blair Henderson</b><br>Goal,Goal
485633,2017,scottish+league+two,29297020,0,84410,9,1.0,0.0,,,,Gary Fraser,<b>Gary Fraser</b><br>Goal,Goal
485633,2017,scottish+league+two,29299128,0,7321,10,1.0,0.0,,,,Chris Templeman,<b>Chris Templeman</b><br>Goal,Goal
485633,2017,scottish+league+two,29300379,0,84410,9,1.0,0.0,,,,Gary Fraser,<b>Gary Fraser</b><br>Goal,Goal
485634,2017,scottish+league+two,29855819,0,240703,14,1.0,0.0,,,,Russell Mclean,<b>Russell Mclean</b><br>Goal,Goal
485634,2017,scottish+league+two,29855971,0,190864,20,1.0,0.0,,,,Jack Leitch,<b>Jack Leitch</b><br>Goal,Goal
485634,2017,scottish+league+two,29856724,0,112478,9,0.0,1.0,,,,David Goodwillie,<b>David Goodwillie</b><br>Goal,Goal
485635,2017,scottish+league+two,29622444,0,219357,7,1.0,0.0,,,,Neil McLaughlin,<b>Neil McLaughlin</b><br>Goal,Goal
485635,2017,scottish+league+two,29627340,0,149778,4,1.0,0.0,,,,Jamie Piper,<b>Jamie Piper</b><br>Own Goal,Own Goal
485636,2017,scottish+league+two,29303505,0,162890,18,0.0,1.0,,,,Farid El Alagui,<b>Farid El Alagui</b><br>Goal,Goal
485636,2017,scottish+league+two,29308849,0,231642,3,1.0,0.0,,,,Jordan Allan,<b>Jordan Allan</b><br>Goal,Goal
485637,2017,scottish+league+two,29246333,0,57727,9,1.0,0.0,,,,Rory McAllister,<b>Rory McAllister</b><br>Penalty - Scored,Penalty - Scored
485637,2017,scottish+league+two,29249375,0,57727,9,1.0,0.0,,,,Rory McAllister,<b>Rory McAllister</b><br>Goal,Goal
485637,2017,scottish+league+two,29249569,0,126318,18,1.0,0.0,,,,Jordan Brown,<b>Jordan Brown</b><br>Goal,Goal
485638,2017,scottish+league+two,29240963,0,190469,9,1.0,0.0,,,,Aidan Smith,<b>Aidan Smith</b><br>Goal,Goal
485638,2017,scottish+league+two,29247129,0,84185,5,1.0,0.0,,,,Peter Watson,<b>Peter Watson</b><br>Goal,Goal
485640,2017,scottish+league+two,29376501,0,193380,11,1.0,0.0,,,,Robbie Buchanan,<b>Robbie Buchanan</b><br>Goal,Goal
485640,2017,scottish+league+two,29377123,0,132208,7,0.0,1.0,,,,Mark McGuigan,<b>Mark McGuigan</b><br>Goal,Goal
485641,2017,scottish+league+two,29240936,0,206336,10,1.0,0.0,,,,Michael McKenna,<b>Michael McKenna</b><br>Goal,Goal
485642,2017,scottish+league+two,29185067,0,239228,7,1.0,0.0,,,,Bruce Anderson,<b>Bruce Anderson</b><br>Goal,Goal
485642,2017,scottish+league+two,29187065,0,176456,4,1.0,0.0,,,,Darryl McHardy,<b>Darryl McHardy</b><br>Goal,Goal
485642,2017,scottish+league+two,29188211,0,40529,11,0.0,1.0,,,,Gary. Phillips,<b>Gary. Phillips</b><br>Goal,Goal
485642,2017,scottish+league+two,29188972,0,223428,10,1.0,0.0,,,,Brian Cameron,<b>Brian Cameron</b><br>Penalty - Missed,Penalty - Missed
485642,2017,scottish+league+two,29189114,0,223428,10,1.0,0.0,,,,Brian Cameron,<b>Brian Cameron</b><br>Goal,Goal
485642,2017,scottish+league+two,29189419,0,239228,7,1.0,0.0,,,,Bruce Anderson,<b>Bruce Anderson</b><br>Goal,Goal
485642,2017,scottish+league+two,29192286,0,194327,16,1.0,0.0,,,,Declan Byrne,<b>Declan Byrne</b><br>Goal,Goal
485643,2017,scottish+league+two,29188910,0,190469,9,1.0,0.0,,,,Aidan Smith,<b>Aidan Smith</b><br>Penalty - Missed,Penalty - Missed
485645,2017,scottish+league+two,29182839,0,77584,2,0.0,1.0,,,,Terry Masson,<b>Terry Masson</b><br>Goal,Goal
485646,2017,scottish+league+two,29276828,0,57727,9,0.0,1.0,,,,Rory McAllister,<b>Rory McAllister</b><br>Goal,Goal
485647,2017,scottish+league+two,29078842,0,7321,10,1.0,0.0,,,,Chris Templeman,<b>Chris Templeman</b><br>Goal,Goal
485647,2017,scottish+league+two,29080973,0,143202,6,0.0,1.0,,,,Steven Swinglehurst,<b>Steven Swinglehurst</b><br>Goal,Goal
485648,2017,scottish+league+two,29080374,0,219354,24,0.0,1.0,,,,Jesus Tena,<b>Jesus Tena</b><br>Goal,Goal
485648,2017,scottish+league+two,29080598,0,206336,10,1.0,0.0,,,,Michael McKenna,<b>Michael McKenna</b><br>Goal,Goal
485649,2017,scottish+league+two,29078765,0,223428,10,0.0,1.0,,,,Brian Cameron,<b>Brian Cameron</b><br>Penalty - Scored,Penalty - Scored
485649,2017,scottish+league+two,29080089,0,223428,10,0.0,1.0,,,,Brian Cameron,<b>Brian Cameron</b><br>Goal,Goal
485649,2017,scottish+league+two,29081446,0,162847,8,0.0,1.0,,,,Thomas Reilly,<b>Thomas Reilly</b><br>Goal,Goal
485649,2017,scottish+league+two,29082205,0,223054,14,1.0,0.0,,,,Cameron Muirhead,<b>Cameron Muirhead</b><br>Goal,Goal
485650,2017,scottish+league+two,29078958,0,132208,7,0.0,1.0,,,,Mark McGuigan,<b>Mark McGuigan</b><br>Goal,Goal
485650,2017,scottish+league+two,29080738,0,190864,20,1.0,0.0,,,,Jack Leitch,<b>Jack Leitch</b><br>Goal,Goal
485650,2017,scottish+league+two,29081384,0,20843,3,0.0,1.0,,,,Michael Dunlop,<b>Michael Dunlop</b><br>Goal,Goal
485650,2017,scottish+league+two,29081693,0,4903,2,1.0,0.0,,,,Jason Brown,<b>Jason Brown</b><br>Goal,Goal
485650,2017,scottish+league+two,29081811,0,132208,7,0.0,1.0,,,,Mark McGuigan,<b>Mark McGuigan</b><br>Penalty - Scored,Penalty - Scored
485651,2017,scottish+league+two,29081608,0,223322,10,0.0,1.0,,,,Darren Smith,<b>Darren Smith</b><br>Goal,Goal
485651,2017,scottish+league+two,29082005,0,112478,9,1.0,0.0,,,,David Goodwillie,<b>David Goodwillie</b><br>Penalty - Scored,Penalty - Scored
485653,2017,scottish+league+two,29028939,0,132208,7,1.0,0.0,,,,Mark McGuigan,<b>Mark McGuigan</b><br>Penalty - Scored,Penalty - Scored
485653,2017,scottish+league+two,29031795,0,112478,10,0.0,1.0,,,,David Goodwillie,<b>David Goodwillie</b><br>Goal,Goal
485654,2017,scottish+league+two,29028330,0,77584,2,0.0,1.0,,,,Terry Masson,<b>Terry Masson</b><br>Goal,Goal
485654,2017,scottish+league+two,29029223,0,77584,2,0.0,1.0,,,,Terry Masson,<b>Terry Masson</b><br>Goal,Goal
485654,2017,scottish+league+two,29032153,0,193380,7,1.0,0.0,,,,Robbie Buchanan,<b>Robbie Buchanan</b><br>Goal,Goal
485654,2017,scottish+league+two,29032729,0,223417,16,0.0,1.0,,,,Craig Johnston,<b>Craig Johnston</b><br>Goal,Goal
485655,2017,scottish+league+two,29029433,0,57727,9,0.0,1.0,,,,Rory McAllister,<b>Rory McAllister</b><br>Goal,Goal
485655,2017,scottish+league+two,29033808,0,57727,9,0.0,1.0,,,,Rory McAllister,<b>Rory McAllister</b><br>Goal,Goal
485656,2017,scottish+league+two,29028922,0,190256,19,1.0,0.0,,,,Scott Shepherd,<b>Scott Shepherd</b><br>Goal,Goal
485656,2017,scottish+league+two,29030345,0,226593,9,0.0,1.0,,,,Ross Kavanagh,<b>Ross Kavanagh</b><br>Goal,Goal
485656,2017,scottish+league+two,29032063,0,225472,7,0.0,1.0,,,,Callum Morrison,<b>Callum Morrison</b><br>Goal,Goal
485657,2017,scottish+league+two,28955181,0,57727,9,1.0,0.0,,,,Rory McAllister,<b>Rory McAllister</b><br>Goal,Goal
485658,2017,scottish+league+two,28960274,0,206336,10,1.0,0.0,,,,Michael McKenna,<b>Michael McKenna</b><br>Penalty - Scored,Penalty - Scored
485659,2017,scottish+league+two,28957626,0,223417,16,1.0,0.0,,,,Craig Johnston,<b>Craig Johnston</b><br>Goal,Goal
485660,2017,scottish+league+two,28950400,0,112478,10,1.0,0.0,,,,David Goodwillie,<b>David Goodwillie</b><br>Goal,Goal
485660,2017,scottish+league+two,28953903,0,239228,7,0.0,1.0,,,,Bruce Anderson,<b>Bruce Anderson</b><br>Goal,Goal
485660,2017,scottish+league+two,28957760,0,238276,9,0.0,1.0,,,,Chris McLeish,<b>Chris McLeish</b><br>Goal,Goal
485660,2017,scottish+league+two,28959834,0,176456,4,0.0,1.0,,,,Darryl McHardy,<b>Darryl McHardy</b><br>Goal,Goal
485660,2017,scottish+league+two,28960925,0,143686,9,1.0,0.0,,,,Smart Osadolor,<b>Smart Osadolor</b><br>Goal,Goal
485660,2017,scottish+league+two,28961947,0,231642,18,0.0,1.0,,,,Jordan Allan,<b>Jordan Allan</b><br>Goal,Goal
485661,2017,scottish+league+two,28952538,0,132208,7,0.0,1.0,,,,Mark McGuigan,<b>Mark McGuigan</b><br>Penalty - Scored,Penalty - Scored
485661,2017,scottish+league+two,28956070,0,150487,9,0.0,1.0,,,,Jamie Longworth,<b>Jamie Longworth</b><br>Goal,Goal
485661,2017,scottish+league+two,28959280,0,223322,10,1.0,0.0,,,,Darren Smith,<b>Darren Smith</b><br>Goal,Goal
485662,2017,scottish+league+two,28887688,0,190469,9,0.0,1.0,,,,Aidan Smith,<b>Aidan Smith</b><br>Penalty - Scored,Penalty - Scored
485663,2017,scottish+league+two,28881289,0,223417,16,0.0,1.0,,,,Craig Johnston,<b>Craig Johnston</b><br>Goal,Goal
485664,2017,scottish+league+two,28878955,0,180084,11,1.0,0.0,,,,Darren Ramsay,<b>Darren Ramsay</b><br>Goal,Goal
485664,2017,scottish+league+two,28880995,0,223385,12,0.0,1.0,,,,Allan Smith,<b>Allan Smith</b><br>Goal,Goal
485664,2017,scottish+league+two,28886672,0,190864,20,0.0,1.0,,,,Jack Leitch,<b>Jack Leitch</b><br>Goal,Goal
485664,2017,scottish+league+two,28886905,0,240703,14,0.0,1.0,,,,Russell Mclean,<b>Russell Mclean</b><br>Goal,Goal
485664,2017,scottish+league+two,28888075,0,57727,9,0.0,1.0,,,,Rory McAllister,<b>Rory McAllister</b><br>Goal,Goal
485665,2017,scottish+league+two,28885401,0,223428,10,1.0,0.0,,,,Brian Cameron,<b>Brian Cameron</b><br>Penalty - Scored,Penalty - Scored
485665,2017,scottish+league+two,28888434,0,162847,8,1.0,0.0,,,,Thomas Reilly,<b>Thomas Reilly</b><br>Goal,Goal
485666,2017,scottish+league+two,28881132,0,223322,10,0.0,1.0,,,,Darren Smith,<b>Darren Smith</b><br>Goal,Goal
485666,2017,scottish+league+two,28881727,0,4336,9,0.0,1.0,,,,Peter MacDonald,<b>Peter MacDonald</b><br>Goal,Goal
485666,2017,scottish+league+two,28887119,0,219357,19,0.0,1.0,,,,Neil McLaughlin,<b>Neil McLaughlin</b><br>Goal,Goal
485667,2017,scottish+league+two,28706213,0,224292,2,0.0,1.0,,,,Oliver Fleming,<b>Oliver Fleming</b><br>Goal,Goal
485667,2017,scottish+league+two,28707468,0,206336,10,0.0,1.0,,,,Michael McKenna,<b>Michael McKenna</b><br>Goal,Goal
485668,2017,scottish+league+two,28696456,0,143686,9,0.0,1.0,,,,Smart Osadolor,<b>Smart Osadolor</b><br>Goal,Goal
485668,2017,scottish+league+two,28697378,0,32732,18,1.0,0.0,,,,Iain Campbell,<b>Iain Campbell</b><br>Penalty - Scored,Penalty - Scored
485668,2017,scottish+league+two,28698574,0,7321,10,1.0,0.0,,,,Chris Templeman,<b>Chris Templeman</b><br>Goal,Goal
485668,2017,scottish+league+two,28699463,0,153164,7,1.0,0.0,,,,Graham Webster,<b>Graham Webster</b><br>Goal,Goal
485668,2017,scottish+league+two,28706692,0,112478,10,0.0,1.0,,,,David Goodwillie,<b>David Goodwillie</b><br>Goal,Goal
485669,2017,scottish+league+two,28700554,0,190469,9,1.0,0.0,,,,Aidan Smith,<b>Aidan Smith</b><br>Goal,Goal
485670,2017,scottish+league+two,28705157,0,191059,9,1.0,0.0,,,,Colin McMenamin,<b>Colin McMenamin</b><br>Goal,Goal
485670,2017,scottish+league+two,28707001,0,132208,7,1.0,0.0,,,,Mark McGuigan,<b>Mark McGuigan</b><br>Penalty - Scored,Penalty - Scored
485670,2017,scottish+league+two,28708273,0,132208,7,1.0,0.0,,,,Mark McGuigan,<b>Mark McGuigan</b><br>Goal,Goal
485671,2017,scottish+league+two,28696710,0,223322,10,1.0,0.0,,,,Darren Smith,<b>Darren Smith</b><br>Goal,Goal
485671,2017,scottish+league+two,28698938,0,223322,10,1.0,0.0,,,,Darren Smith,<b>Darren Smith</b><br>Goal,Goal
485671,2017,scottish+league+two,28705369,0,238276,9,0.0,1.0,,,,Chris McLeish,<b>Chris McLeish</b><br>Goal,Goal
485671,2017,scottish+league+two,28706188,0,231642,15,0.0,1.0,,,,Jordan Allan,<b>Jordan Allan</b><br>Goal,Goal
485672,2017,scottish+league+two,28615842,0,207537,4,0.0,1.0,,,,Owen Moxon,<b>Owen Moxon</b><br>Goal,Goal
485672,2017,scottish+league+two,28616198,0,223322,10,1.0,0.0,,,,Darren Smith,<b>Darren Smith</b><br>Goal,Goal
485672,2017,scottish+league+two,28618698,0,225472,7,1.0,0.0,,,,Callum Morrison,<b>Callum Morrison</b><br>Goal,Goal
485672,2017,scottish+league+two,28623283,0,190469,9,0.0,1.0,,,,Aidan Smith,<b>Aidan Smith</b><br>Goal,Goal
485672,2017,scottish+league+two,28625149,0,225472,7,1.0,0.0,,,,Callum Morrison,<b>Callum Morrison</b><br>Goal,Goal
485673,2017,scottish+league+two,28615444,0,132208,7,1.0,0.0,,,,Mark McGuigan,<b>Mark McGuigan</b><br>Goal,Goal
485673,2017,scottish+league+two,28617258,0,223416,28,1.0,0.0,,,,Pat Scullion,<b>Pat Scullion</b><br>Own Goal,Own Goal
485673,2017,scottish+league+two,28627398,0,132208,7,1.0,0.0,,,,Mark McGuigan,<b>Mark McGuigan</b><br>Goal,Goal
485674,2017,scottish+league+two,28625999,0,143686,17,1.0,0.0,,,,Smart Osadolor,<b>Smart Osadolor</b><br>Goal,Goal
485674,2017,scottish+league+two,28628250,0,212363,3,0.0,1.0,,,,Harvey Swan,<b>Harvey Swan</b><br>Penalty - Scored,Penalty - Scored
485675,2017,scottish+league+two,28617177,0,239228,7,1.0,0.0,,,,Bruce Anderson,<b>Bruce Anderson</b><br>Goal,Goal
485675,2017,scottish+league+two,28621553,0,223428,8,1.0,0.0,,,,Brian Cameron,<b>Brian Cameron</b><br>Penalty - Scored,Penalty - Scored
485675,2017,scottish+league+two,28626849,0,180459,12,1.0,0.0,,,,Jamie Reid,<b>Jamie Reid</b><br>Goal,Goal
485676,2017,scottish+league+two,28617493,0,4903,2,0.0,1.0,,,,Jason Brown,<b>Jason Brown</b><br>Goal,Goal
485676,2017,scottish+league+two,28626388,0,240703,14,0.0,1.0,,,,Russell Mclean,<b>Russell Mclean</b><br>Goal,Goal
485676,2017,scottish+league+two,28626565,0,197368,8,0.0,1.0,,,,Scott Brown,<b>Scott Brown</b><br>Goal,Goal
485677,2017,scottish+league+two,28547294,0,152201,8,1.0,0.0,,,,Max Wright,<b>Max Wright</b><br>Goal,Goal
485677,2017,scottish+league+two,28548762,0,265146,9,0.0,1.0,,,,Abdelkarim Belmokhtar,<b>Abdelkarim Belmokhtar</b><br>Goal,Goal
485677,2017,scottish+league+two,28555854,0,265146,9,0.0,1.0,,,,Abdelkarim Belmokhtar,<b>Abdelkarim Belmokhtar</b><br>Goal,Goal
485677,2017,scottish+league+two,28559165,0,112478,10,1.0,0.0,,,,David Goodwillie,<b>David Goodwillie</b><br>Goal,Goal
485677,2017,scottish+league+two,28560046,0,34463,10,0.0,1.0,,,,Craig Beattie,<b>Craig Beattie</b><br>Goal,Goal
485678,2017,scottish+league+two,28545863,0,239228,7,0.0,1.0,,,,Bruce Anderson,<b>Bruce Anderson</b><br>Goal,Goal
485678,2017,scottish+league+two,28552416,0,239228,7,0.0,1.0,,,,Bruce Anderson,<b>Bruce Anderson</b><br>Goal,Goal
485678,2017,scottish+league+two,28555947,0,228917,21,1.0,0.0,,,,Aaron Murrell,<b>Aaron Murrell</b><br>Goal,Goal
485678,2017,scottish+league+two,28557466,0,228917,21,1.0,0.0,,,,Aaron Murrell,<b>Aaron Murrell</b><br>Goal,Goal
485678,2017,scottish+league+two,28557857,0,206336,10,1.0,0.0,,,,Michael McKenna,<b>Michael McKenna</b><br>Goal,Goal
485679,2017,scottish+league+two,28545730,0,223385,12,0.0,1.0,,,,Allan Smith,<b>Allan Smith</b><br>Goal,Goal
485679,2017,scottish+league+two,28547752,0,223385,12,0.0,1.0,,,,Allan Smith,<b>Allan Smith</b><br>Goal,Goal
485679,2017,scottish+league+two,28548128,0,7191,33,0.0,1.0,,,,William Gibson,<b>William Gibson</b><br>Goal,Goal
485679,2017,scottish+league+two,28556386,0,197368,8,0.0,1.0,,,,Scott Brown,<b>Scott Brown</b><br>Goal,Goal
485680,2017,scottish+league+two,28545896,0,132208,7,0.0,1.0,,,,Mark McGuigan,<b>Mark McGuigan</b><br>Goal,Goal
485680,2017,scottish+league+two,28555226,0,190469,9,1.0,0.0,,,,Aidan Smith,<b>Aidan Smith</b><br>Penalty - Scored,Penalty - Scored
485681,2017,scottish+league+two,28547348,0,225472,7,0.0,1.0,,,,Callum Morrison,<b>Callum Morrison</b><br>Goal,Goal
485681,2017,scottish+league+two,28552502,0,143779,16,0.0,1.0,,,,Sean Dickson,<b>Sean Dickson</b><br>Goal,Goal
485681,2017,scottish+league+two,28559000,0,185464,11,1.0,0.0,,,,Ryan Ferguson,<b>Ryan Ferguson</b><br>Goal,Goal
485681,2017,scottish+league+two,28559584,0,225472,7,0.0,1.0,,,,Callum Morrison,<b>Callum Morrison</b><br>Goal,Goal
485682,2017,scottish+league+two,28468692,0,190469,9,0.0,1.0,,,,Aidan Smith,<b>Aidan Smith</b><br>Penalty - Scored,Penalty - Scored
485683,2017,scottish+league+two,28466395,0,85295,11,1.0,0.0,,,,Ashley Grimes,<b>Ashley Grimes</b><br>Goal,Goal
485684,2017,scottish+league+two,28467507,0,4336,9,1.0,0.0,,,,Peter MacDonald,<b>Peter MacDonald</b><br>Goal,Goal
485684,2017,scottish+league+two,28471384,0,112478,10,0.0,1.0,,,,David Goodwillie,<b>David Goodwillie</b><br>Goal,Goal
485684,2017,scottish+league+two,28472902,0,168098,7,0.0,1.0,,,,Mark Burbidge,<b>Mark Burbidge</b><br>Goal,Goal
485684,2017,scottish+league+two,28474675,0,225472,7,1.0,0.0,,,,Callum Morrison,<b>Callum Morrison</b><br>Goal,Goal
485684,2017,scottish+league+two,28477590,0,191452,6,0.0,1.0,,,,Barry Cuddihy,<b>Barry Cuddihy</b><br>Goal,Goal
485685,2017,scottish+league+two,28471421,0,156507,5,1.0,0.0,,,,Nathan Blockley,<b>Nathan Blockley</b><br>Goal,Goal
485686,2017,scottish+league+two,28476168,0,190864,20,1.0,0.0,,,,Jack Leitch,<b>Jack Leitch</b><br>Goal,Goal
485686,2017,scottish+league+two,28479185,0,7321,10,0.0,1.0,,,,Chris Templeman,<b>Chris Templeman</b><br>Goal,Goal
485687,2017,scottish+league+two,28373839,0,228917,21,0.0,1.0,,,,Aaron Murrell,<b>Aaron Murrell</b><br>Goal,Goal
485688,2017,scottish+league+two,28373989,0,231961,3,0.0,1.0,,,,Lewis Strapp,<b>Lewis Strapp</b><br>Goal,Goal
485688,2017,scottish+league+two,28376049,0,223428,8,0.0,1.0,,,,Brian Cameron,<b>Brian Cameron</b><br>Goal,Goal
485688,2017,scottish+league+two,28382675,0,231642,15,0.0,1.0,,,,Jordan Allan,<b>Jordan Allan</b><br>Goal,Goal
485689,2017,scottish+league+two,28376846,0,223409,8,0.0,1.0,,,,Paul Watson,<b>Paul Watson</b><br>Goal,Goal
485690,2017,scottish+league+two,28375580,0,132208,7,0.0,1.0,,,,Mark McGuigan,<b>Mark McGuigan</b><br>Goal,Goal
485690,2017,scottish+league+two,28382018,0,223398,8,1.0,0.0,,,,Kevin Nicoll,<b>Kevin Nicoll</b><br>Goal,Goal
485691,2017,scottish+league+two,28372263,0,73033,10,1.0,0.0,,,,Paul Cairney,<b>Paul Cairney</b><br>Goal,Goal
485691,2017,scottish+league+two,28373781,0,225472,7,0.0,1.0,,,,Callum Morrison,<b>Callum Morrison</b><br>Goal,Goal
485691,2017,scottish+league+two,28374186,0,223322,10,0.0,1.0,,,,Darren Smith,<b>Darren Smith</b><br>Goal,Goal
485691,2017,scottish+league+two,28374561,0,226593,11,0.0,1.0,,,,Ross Kavanagh,<b>Ross Kavanagh</b><br>Goal,Goal
485691,2017,scottish+league+two,28376031,0,223322,10,0.0,1.0,,,,Darren Smith,<b>Darren Smith</b><br>Goal,Goal
485691,2017,scottish+league+two,28378592,0,57727,9,1.0,0.0,,,,Rory McAllister,<b>Rory McAllister</b><br>Penalty - Scored,Penalty - Scored
485691,2017,scottish+league+two,28379238,0,4336,9,0.0,1.0,,,,Peter MacDonald,<b>Peter MacDonald</b><br>Penalty - Missed,Penalty - Missed
485692,2017,scottish+league+two,28308748,0,206336,10,1.0,0.0,,,,Michael McKenna,<b>Michael McKenna</b><br>Goal,Goal
485692,2017,scottish+league+two,28310530,0,143202,6,0.0,1.0,,,,Steven Swinglehurst,<b>Steven Swinglehurst</b><br>Goal,Goal
485692,2017,scottish+league+two,28311282,0,180080,8,0.0,1.0,,,,Ryan Sinnamon,<b>Ryan Sinnamon</b><br>Goal,Goal
485692,2017,scottish+league+two,28313379,0,6101,4,0.0,1.0,,,,Peter Murphy,<b>Peter Murphy</b><br>Goal,Goal
485692,2017,scottish+league+two,28318265,0,190469,9,0.0,1.0,,,,Aidan Smith,<b>Aidan Smith</b><br>Penalty - Scored,Penalty - Scored
485692,2017,scottish+league+two,28318779,0,179659,19,0.0,1.0,,,,Blair Henderson,<b>Blair Henderson</b><br>Goal,Goal
485693,2017,scottish+league+two,28310752,0,112478,10,0.0,1.0,,,,David Goodwillie,<b>David Goodwillie</b><br>Goal,Goal
485693,2017,scottish+league+two,28311898,0,7892,3,0.0,1.0,,,,Jordan Stewart,<b>Jordan Stewart</b><br>Goal,Goal
485693,2017,scottish+league+two,28312879,0,180459,7,1.0,0.0,,,,Jamie Reid,<b>Jamie Reid</b><br>Goal,Goal
485693,2017,scottish+league+two,28317225,0,238276,9,1.0,0.0,,,,Chris McLeish,<b>Chris McLeish</b><br>Goal,Goal
485693,2017,scottish+league+two,28320580,0,223428,8,1.0,0.0,,,,Brian Cameron,<b>Brian Cameron</b><br>Penalty - Scored,Penalty - Scored
485694,2017,scottish+league+two,28310368,0,24770,14,1.0,0.0,,,,Sean Dillon,<b>Sean Dillon</b><br>Goal,Goal
485695,2017,scottish+league+two,28311834,0,223322,10,1.0,0.0,,,,Darren Smith,<b>Darren Smith</b><br>Goal,Goal
485695,2017,scottish+league+two,28313567,0,226593,11,1.0,0.0,,,,Ross Kavanagh,<b>Ross Kavanagh</b><br>Goal,Goal
485696,2017,scottish+league+two,28308674,0,132208,7,1.0,0.0,,,,Mark McGuigan,<b>Mark McGuigan</b><br>Goal,Goal
485696,2017,scottish+league+two,28311595,0,253302,3,0.0,1.0,,,,Mason Robertson,<b>Mason Robertson</b><br>Goal,Goal
485696,2017,scottish+league+two,28314718,0,156507,6,1.0,0.0,,,,Nathan Blockley,<b>Nathan Blockley</b><br>Goal,Goal
485696,2017,scottish+league+two,28318945,0,150487,9,1.0,0.0,,,,Jamie Longworth,<b>Jamie Longworth</b><br>Goal,Goal
485697,2017,scottish+league+two,28248480,0,191452,6,1.0,0.0,,,,Barry Cuddihy,<b>Barry Cuddihy</b><br>Goal,Goal
485697,2017,scottish+league+two,28253568,0,143686,16,1.0,0.0,,,,Smart Osadolor,<b>Smart Osadolor</b><br>Goal,Goal
485697,2017,scottish+league+two,28255711,0,223421,11,0.0,1.0,,,,Rabin Omar,<b>Rabin Omar</b><br>Goal,Goal
485698,2017,scottish+league+two,28246664,0,223322,10,1.0,0.0,,,,Darren Smith,<b>Darren Smith</b><br>Goal,Goal
485698,2017,scottish+league+two,28248294,0,223322,10,1.0,0.0,,,,Darren Smith,<b>Darren Smith</b><br>Goal,Goal
485698,2017,scottish+league+two,28251658,0,226593,11,1.0,0.0,,,,Ross Kavanagh,<b>Ross Kavanagh</b><br>Goal,Goal
485698,2017,scottish+league+two,28255457,0,67799,5,1.0,0.0,,,,Ross Smith,<b>Ross Smith</b><br>Goal,Goal
485699,2017,scottish+league+two,28247802,0,231550,4,1.0,0.0,,,,Ben Stirling,<b>Ben Stirling</b><br>Goal,Goal
485700,2017,scottish+league+two,28247108,0,57727,9,1.0,0.0,,,,Rory McAllister,<b>Rory McAllister</b><br>Goal,Goal
485700,2017,scottish+league+two,28250250,0,57727,9,1.0,0.0,,,,Rory McAllister,<b>Rory McAllister</b><br>Penalty - Scored,Penalty - Scored
485700,2017,scottish+league+two,28252674,0,223385,12,1.0,0.0,,,,Allan Smith,<b>Allan Smith</b><br>Goal,Goal
485701,2017,scottish+league+two,28254484,0,132208,7,0.0,1.0,,,,Mark McGuigan,<b>Mark McGuigan</b><br>Goal,Goal
485701,2017,scottish+league+two,28255665,0,153164,7,1.0,0.0,,,,Graham Webster,<b>Graham Webster</b><br>Goal,Goal
485702,2017,scottish+league+two,28195174,0,112478,10,0.0,1.0,,,,David Goodwillie,<b>David Goodwillie</b><br>Goal,Goal
485702,2017,scottish+league+two,28197313,0,239253,12,1.0,0.0,,,,Andrew Irving,<b>Andrew Irving</b><br>Goal,Goal
485702,2017,scottish+league+two,28201440,0,228917,21,1.0,0.0,,,,Aaron Murrell,<b>Aaron Murrell</b><br>Goal,Goal
485702,2017,scottish+league+two,28202024,0,239253,12,1.0,0.0,,,,Andrew Irving,<b>Andrew Irving</b><br>Goal,Goal
485703,2017,scottish+league+two,28193901,0,191683,6,0.0,1.0,,,,David Syme,<b>David Syme</b><br>Goal,Goal
485703,2017,scottish+league+two,28195252,0,93369,2,1.0,0.0,,,,Matthew Cooper,<b>Matthew Cooper</b><br>Goal,Goal
485704,2017,scottish+league+two,28195693,0,7321,10,0.0,1.0,,,,Chris Templeman,<b>Chris Templeman</b><br>Goal,Goal
485704,2017,scottish+league+two,28196005,0,163774,9,0.0,1.0,,,,Connor McLaren,<b>Connor McLaren</b><br>Goal,Goal
485704,2017,scottish+league+two,28198021,0,32732,6,0.0,1.0,,,,Iain Campbell,<b>Iain Campbell</b><br>Goal,Goal
485704,2017,scottish+league+two,28201847,0,195818,27,1.0,0.0,,,,Lewis Allan,<b>Lewis Allan</b><br>Goal,Goal
485705,2017,scottish+league+two,28195513,0,84185,5,1.0,0.0,,,,Peter Watson,<b>Peter Watson</b><br>Goal,Goal
485705,2017,scottish+league+two,28201383,0,21859,5,0.0,1.0,,,,David McCracken,<b>David McCracken</b><br>Goal,Goal
485705,2017,scottish+league+two,28202022,0,21994,7,0.0,1.0,,,,James Stevenson,<b>James Stevenson</b><br>Goal,Goal
485706,2017,scottish+league+two,28194840,0,239254,10,1.0,0.0,,,,Harrison Patton,<b>Harrison Patton</b><br>Goal,Goal
485706,2017,scottish+league+two,28195979,0,223322,10,0.0,1.0,,,,Darren Smith,<b>Darren Smith</b><br>Goal,Goal
485706,2017,scottish+league+two,28196470,0,132208,7,1.0,0.0,,,,Mark McGuigan,<b>Mark McGuigan</b><br>Goal,Goal
485706,2017,scottish+league+two,28198119,0,225472,7,0.0,1.0,,,,Callum Morrison,<b>Callum Morrison</b><br>Goal,Goal
485706,2017,scottish+league+two,28201136,0,226593,11,0.0,1.0,,,,Ross Kavanagh,<b>Ross Kavanagh</b><br>Goal,Goal
487727,2017,scottish+league+two,28285850,0,239452,7,0.0,1.0,,,,Steven Thomson,<b>Steven Thomson</b><br>Goal,Goal
487727,2017,scottish+league+two,28287010,0,206336,10,0.0,1.0,,,,Michael McKenna,<b>Michael McKenna</b><br>Goal,Goal
487730,2017,scottish+league+two,28285667,0,190469,9,1.0,0.0,,,,Aidan Smith,<b>Aidan Smith</b><br>Goal,Goal
487730,2017,scottish+league+two,28285768,0,190469,9,1.0,0.0,,,,Aidan Smith,<b>Aidan Smith</b><br>Penalty - Scored,Penalty - Scored
487730,2017,scottish+league+two,28286347,0,199732,10,0.0,1.0,,,,Regan Hendry,<b>Regan Hendry</b><br>Goal,Goal
487730,2017,scottish+league+two,28289902,0,190469,9,1.0,0.0,,,,Aidan Smith,<b>Aidan Smith</b><br>Goal,Goal
487731,2017,scottish+league+two,28285769,0,121677,4,0.0,1.0,,,,Ross Dunlop,<b>Ross Dunlop</b><br>Own Goal,Own Goal
487731,2017,scottish+league+two,28286756,0,137801,9,0.0,1.0,,,,Mitchel Megginson,<b>Mitchel Megginson</b><br>Penalty - Scored,Penalty - Scored
487732,2017,scottish+league+two,28288409,0,132960,9,1.0,0.0,,,,Patrick Nkoyi,<b>Patrick Nkoyi</b><br>Goal,Goal
487732,2017,scottish+league+two,28288799,0,132960,9,1.0,0.0,,,,Patrick Nkoyi,<b>Patrick Nkoyi</b><br>Goal,Goal
487734,2017,scottish+league+two,28285005,0,207482,9,1.0,0.0,,,,Ryan Tierney,<b>Ryan Tierney</b><br>Penalty - Scored,Penalty - Scored
487735,2017,scottish+league+two,28285846,0,238276,9,0.0,1.0,,,,Chris McLeish,<b>Chris McLeish</b><br>Goal,Goal
487735,2017,scottish+league+two,28287743,0,245266,11,1.0,0.0,,,,Fraser Murray,<b>Fraser Murray</b><br>Goal,Goal
487735,2017,scottish+league+two,28290442,0,179559,5,0.0,1.0,,,,Stephen Bronsky,<b>Stephen Bronsky</b><br>Goal,Goal
487739,2017,scottish+league+two,28287254,0,153853,3,0.0,1.0,,,,Andrew Steeves,<b>Andrew Steeves</b><br>Goal,Goal
487739,2017,scottish+league+two,28288141,0,206932,15,0.0,1.0,,,,Cameron Ballantye,<b>Cameron Ballantye</b><br>Goal,Goal
487739,2017,scottish+league+two,28290049,0,206932,15,0.0,1.0,,,,Cameron Ballantye,<b>Cameron Ballantye</b><br>Goal,Goal
487739,2017,scottish+league+two,28290341,0,223322,10,1.0,0.0,,,,Darren Smith,<b>Darren Smith</b><br>Goal,Goal
487740,2017,scottish+league+two,28284968,0,213310,19,0.0,1.0,,,,Mark Lawrence,<b>Mark Lawrence</b><br>Goal,Goal
487740,2017,scottish+league+two,28288602,0,126247,17,0.0,1.0,,,,Scott Adamson,<b>Scott Adamson</b><br>Goal,Goal
487746,2017,scottish+league+two,28285047,0,126179,4,1.0,0.0,,,,Martin McNiff,<b>Martin McNiff</b><br>Goal,Goal
487746,2017,scottish+league+two,28287809,0,143686,9,1.0,0.0,,,,Smart Osadolor,<b>Smart Osadolor</b><br>Goal,Goal
487746,2017,scottish+league+two,28288884,0,76521,10,0.0,1.0,,,,Scott Agnew,<b>Scott Agnew</b><br>Penalty - Scored,Penalty - Scored
487746,2017,scottish+league+two,28289236,0,7892,23,0.0,1.0,,,,Jordan Stewart,<b>Jordan Stewart</b><br>Own Goal,Own Goal
487746,2017,scottish+league+two,28291197,0,122616,9,0.0,1.0,,,,Ryan Wallace,<b>Ryan Wallace</b><br>Goal,Goal
494043,2017,scottish+league+two,28428134,0,240703,14,1.0,0.0,,,,Russell Mclean,<b>Russell Mclean</b><br>Penalty - Scored,Penalty - Scored
494043,2017,scottish+league+two,28429159,0,57727,9,1.0,0.0,,,,Rory McAllister,<b>Rory McAllister</b><br>Goal,Goal
494044,2017,scottish+league+two,28427701,0,126274,11,1.0,0.0,,,,Christopher Dodd,<b>Christopher Dodd</b><br>Goal,Goal
494044,2017,scottish+league+two,28429939,0,231642,15,1.0,0.0,,,,Jordan Allan,<b>Jordan Allan</b><br>Goal,Goal
494052,2017,scottish+league+two,28412253,0,32732,18,0.0,1.0,,,,Iain Campbell,<b>Iain Campbell</b><br>Goal,Goal
494052,2017,scottish+league+two,28412286,0,197371,9,1.0,0.0,,,,Craig Moore,<b>Craig Moore</b><br>Goal,Goal
494055,2017,scottish+league+two,28428191,0,190423,2,0.0,1.0,,,,Shaun Rooney,<b>Shaun Rooney</b><br>Goal,Goal
494055,2017,scottish+league+two,28428192,0,148773,11,0.0,1.0,,,,Stephen Dobbie,<b>Stephen Dobbie</b><br>Goal,Goal
494055,2017,scottish+league+two,28428249,0,4551,9,0.0,1.0,,,,Derek Lyle,<b>Derek Lyle</b><br>Goal,Goal
494055,2017,scottish+league+two,28428411,0,148773,11,0.0,1.0,,,,Stephen Dobbie,<b>Stephen Dobbie</b><br>Goal,Goal
494055,2017,scottish+league+two,28429675,0,162837,10,0.0,1.0,,,,Christopher Kane,<b>Christopher Kane</b><br>Goal,Goal
496507,2017,scottish+league+two,28764280,0,101949,9,1.0,0.0,,,,Greg Draper,<b>Greg Draper</b><br>Goal,Goal
496507,2017,scottish+league+two,28764934,0,133039,23,1.0,0.0,,,,Aeron Edwards,<b>Aeron Edwards</b><br>Goal,Goal
496507,2017,scottish+league+two,28765043,0,220764,14,1.0,0.0,,,,Jamie Mullan,<b>Jamie Mullan</b><br>Goal,Goal
496507,2017,scottish+league+two,28765694,0,101949,9,1.0,0.0,,,,Greg Draper,<b>Greg Draper</b><br>Goal,Goal
496509,2017,scottish+league+two,28759908,0,156231,7,1.0,0.0,,,,Liam Polworth,<b>Liam Polworth</b><br>Goal,Goal
496509,2017,scottish+league+two,28762231,0,214768,16,1.0,0.0,,,,Riccardo Calder,<b>Riccardo Calder</b><br>Goal,Goal
496509,2017,scottish+league+two,28764279,0,126421,27,1.0,0.0,,,,Daniel Mackay,<b>Daniel Mackay</b><br>Goal,Goal
496510,2017,scottish+league+two,28760763,0,77584,2,1.0,0.0,,,,Terry Masson,<b>Terry Masson</b><br>Goal,Goal
496510,2017,scottish+league+two,28763953,0,148773,11,0.0,1.0,,,,Stephen Dobbie,<b>Stephen Dobbie</b><br>Goal,Goal
496510,2017,scottish+league+two,28765092,0,207538,25,0.0,1.0,,,,Lyndon Dykes,<b>Lyndon Dykes</b><br>Goal,Goal
496510,2017,scottish+league+two,28765259,0,148773,11,0.0,1.0,,,,Stephen Dobbie,<b>Stephen Dobbie</b><br>Goal,Goal
497136,2017,scottish+league+two,28813011,0,223416,28,1.0,0.0,,,,Pat Scullion,<b>Pat Scullion</b><br>Goal,Goal
497139,2017,scottish+league+two,28809493,0,143686,8,0.0,1.0,,,,Smart Osadolor,<b>Smart Osadolor</b><br>Goal,Goal
497139,2017,scottish+league+two,28812533,0,152201,7,0.0,1.0,,,,Max Wright,<b>Max Wright</b><br>Goal,Goal
497139,2017,scottish+league+two,28813457,0,180084,11,0.0,1.0,,,,Darren Ramsay,<b>Darren Ramsay</b><br>Goal,Goal
497140,2017,scottish+league+two,28804882,0,4903,2,1.0,0.0,,,,Jason Brown,<b>Jason Brown</b><br>Goal,Goal
497140,2017,scottish+league+two,28806039,0,190864,20,1.0,0.0,,,,Jack Leitch,<b>Jack Leitch</b><br>Goal,Goal
497140,2017,scottish+league+two,28807648,0,57727,9,1.0,0.0,,,,Rory McAllister,<b>Rory McAllister</b><br>Goal,Goal
497140,2017,scottish+league+two,28807995,0,57727,9,1.0,0.0,,,,Rory McAllister,<b>Rory McAllister</b><br>Goal,Goal
497140,2017,scottish+league+two,28809294,0,57727,9,1.0,0.0,,,,Rory McAllister,<b>Rory McAllister</b><br>Penalty - Scored,Penalty - Scored
497140,2017,scottish+league+two,28811648,0,126400,7,1.0,0.0,,,,Gary Currie,<b>Gary Currie</b><br>Own Goal,Own Goal
497140,2017,scottish+league+two,28813793,0,57727,9,1.0,0.0,,,,Rory McAllister,<b>Rory McAllister</b><br>Penalty - Scored,Penalty - Scored
497140,2017,scottish+league+two,28814274,0,197368,8,1.0,0.0,,,,Scott Brown,<b>Scott Brown</b><br>Goal,Goal
497140,2017,scottish+league+two,28816098,0,57727,9,1.0,0.0,,,,Rory McAllister,<b>Rory McAllister</b><br>Goal,Goal
497142,2017,scottish+league+two,28815371,0,150059,7,0.0,1.0,,,,Sean Winter,<b>Sean Winter</b><br>Goal,Goal
497146,2017,scottish+league+two,28803703,0,223322,10,1.0,0.0,,,,Darren Smith,<b>Darren Smith</b><br>Goal,Goal
497146,2017,scottish+league+two,28804313,0,228983,7,0.0,1.0,,,,Willis Hare,<b>Willis Hare</b><br>Goal,Goal
497146,2017,scottish+league+two,28804870,0,231554,9,0.0,1.0,,,,Sean Wringe,<b>Sean Wringe</b><br>Goal,Goal
497146,2017,scottish+league+two,28809528,0,231554,9,0.0,1.0,,,,Sean Wringe,<b>Sean Wringe</b><br>Goal,Goal
497146,2017,scottish+league+two,28811811,0,266974,11,0.0,1.0,,,,Louis Swanson,<b>Louis Swanson</b><br>Penalty - Scored,Penalty - Scored
497146,2017,scottish+league+two,28812476,0,157863,10,0.0,1.0,,,,Jamie Devlin,<b>Jamie Devlin</b><br>Goal,Goal
497146,2017,scottish+league+two,28813125,0,4336,7,1.0,0.0,,,,Peter MacDonald,<b>Peter MacDonald</b><br>Goal,Goal
497146,2017,scottish+league+two,28814154,0,7150,5,1.0,0.0,,,,Scott Davidson,<b>Scott Davidson</b><br>Goal,Goal
497148,2017,scottish+league+two,28796506,0,150487,10,0.0,1.0,,,,Jamie Longworth,<b>Jamie Longworth</b><br>Goal,Goal
497150,2017,scottish+league+two,28804054,0,223428,8,1.0,0.0,,,,Brian Cameron,<b>Brian Cameron</b><br>Goal,Goal
497150,2017,scottish+league+two,28813080,0,223428,8,1.0,0.0,,,,Brian Cameron,<b>Brian Cameron</b><br>Penalty - Missed,Penalty - Missed
497150,2017,scottish+league+two,28815417,0,176456,3,1.0,0.0,,,,Darryl McHardy,<b>Darryl McHardy</b><br>Goal,Goal
497150,2017,scottish+league+two,28815691,0,266985,15,0.0,1.0,,,,Louis Babel,<b>Louis Babel</b><br>Goal,Goal
497150,2017,scottish+league+two,28816276,0,191431,11,1.0,0.0,,,,Alisdair Sutherland,<b>Alisdair Sutherland</b><br>Goal,Goal
497151,2017,scottish+league+two,28804571,0,223417,16,1.0,0.0,,,,Craig Johnston,<b>Craig Johnston</b><br>Goal,Goal
497151,2017,scottish+league+two,28805583,0,223417,16,1.0,0.0,,,,Craig Johnston,<b>Craig Johnston</b><br>Goal,Goal
497151,2017,scottish+league+two,28807390,0,16625,7,0.0,1.0,,,,David O'Brien,<b>David O'Brien</b><br>Goal,Goal
497151,2017,scottish+league+two,28810780,0,32732,18,1.0,0.0,,,,Iain Campbell,<b>Iain Campbell</b><br>Goal,Goal
497151,2017,scottish+league+two,28813813,0,84410,9,1.0,0.0,,,,Gary Fraser,<b>Gary Fraser</b><br>Goal,Goal
497686,2017,scottish+league+two,29113660,0,7153,5,1.0,0.0,,,,Nicki Paterson,<b>Nicki Paterson</b><br>Goal,Goal
497686,2017,scottish+league+two,29117406,0,34589,9,0.0,1.0,,,,Craig Malcolm,<b>Craig Malcolm</b><br>Goal,Goal
497686,2017,scottish+league+two,29119856,0,34589,9,0.0,1.0,,,,Craig Malcolm,<b>Craig Malcolm</b><br>Goal,Goal
497688,2017,scottish+league+two,29112200,0,128793,3,1.0,0.0,,,,Colin Hamilton,<b>Colin Hamilton</b><br>Goal,Goal
497688,2017,scottish+league+two,29114740,0,153020,17,1.0,0.0,,,,Leighton Mcintosh,<b>Leighton Mcintosh</b><br>Goal,Goal
497688,2017,scottish+league+two,29119781,0,153020,17,1.0,0.0,,,,Leighton Mcintosh,<b>Leighton Mcintosh</b><br>Goal,Goal
497693,2017,scottish+league+two,29114078,0,161751,10,0.0,1.0,,,,Kevin Smith,<b>Kevin Smith</b><br>Goal,Goal
497693,2017,scottish+league+two,29119494,0,126498,5,0.0,1.0,,,,Jonathan Page,<b>Jonathan Page</b><br>Goal,Goal
497694,2017,scottish+league+two,29113239,0,161765,6,1.0,0.0,,,,Stuart Carswell,<b>Stuart Carswell</b><br>Goal,Goal
497699,2017,scottish+league+two,29117994,0,126318,18,1.0,0.0,,,,Jordan Brown,<b>Jordan Brown</b><br>Goal,Goal
497699,2017,scottish+league+two,29118271,0,57727,9,1.0,0.0,,,,Rory McAllister,<b>Rory McAllister</b><br>Goal,Goal
497699,2017,scottish+league+two,29122207,0,57727,9,1.0,0.0,,,,Rory McAllister,<b>Rory McAllister</b><br>Goal,Goal
498796,2017,scottish+league+two,29574215,0,223318,7,0.0,1.0,,,,Calum Gallagher,<b>Calum Gallagher</b><br>Goal,Goal
498796,2017,scottish+league+two,29574614,0,4903,2,1.0,0.0,,,,Jason Brown,<b>Jason Brown</b><br>Goal,Goal
498796,2017,scottish+league+two,29575235,0,223318,7,0.0,1.0,,,,Calum Gallagher,<b>Calum Gallagher</b><br>Goal,Goal
498796,2017,scottish+league+two,29575294,0,24693,23,0.0,1.0,,,,Iain Russell,<b>Iain Russell</b><br>Goal,Goal
498796,2017,scottish+league+two,29575979,0,253302,3,1.0,0.0,,,,Mason Robertson,<b>Mason Robertson</b><br>Goal,Goal
